year,chsa_code,chsa_name,month,deaths
2007,1110,Fernie,Jan,5
2007,1110,Fernie,Feb,5
2007,1110,Fernie,Mar,4
2007,1110,Fernie,Apr,10
2007,1110,Fernie,May,3
2007,1110,Fernie,Jun,5
2007,1110,Fernie,Jul,5
2007,1110,Fernie,Aug,6
2007,1110,Fernie,Sep,4
2007,1110,Fernie,Oct,4
2007,1110,Fernie,Nov,12
2007,1110,Fernie,Dec,17
2007,1120,Cranbrook,Jan,16
2007,1120,Cranbrook,Feb,14
2007,1120,Cranbrook,Mar,18
2007,1120,Cranbrook,Apr,17
2007,1120,Cranbrook,May,16
2007,1120,Cranbrook,Jun,22
2007,1120,Cranbrook,Jul,14
2007,1120,Cranbrook,Aug,14
2007,1120,Cranbrook,Sep,24
2007,1120,Cranbrook,Oct,21
2007,1120,Cranbrook,Nov,23
2007,1120,Cranbrook,Dec,20
2007,1130,Kimberley,Jan,8
2007,1130,Kimberley,Feb,5
2007,1130,Kimberley,Mar,5
2007,1130,Kimberley,Apr,6
2007,1130,Kimberley,May,9
2007,1130,Kimberley,Jun,4
2007,1130,Kimberley,Jul,5
2007,1130,Kimberley,Aug,5
2007,1130,Kimberley,Sep,5
2007,1130,Kimberley,Oct,2
2007,1130,Kimberley,Nov,2
2007,1130,Kimberley,Dec,5
2007,1140,Windermere,Jan,5
2007,1140,Windermere,Feb,1
2007,1140,Windermere,Mar,3
2007,1140,Windermere,Apr,3
2007,1140,Windermere,May,2
2007,1140,Windermere,Jun,4
2007,1140,Windermere,Jul,4
2007,1140,Windermere,Aug,12
2007,1140,Windermere,Sep,4
2007,1140,Windermere,Oct,6
2007,1140,Windermere,Nov,2
2007,1140,Windermere,Dec,2
2007,1150,Creston,Jan,14
2007,1150,Creston,Feb,16
2007,1150,Creston,Mar,13
2007,1150,Creston,Apr,19
2007,1150,Creston,May,11
2007,1150,Creston,Jun,4
2007,1150,Creston,Jul,11
2007,1150,Creston,Aug,12
2007,1150,Creston,Sep,8
2007,1150,Creston,Oct,17
2007,1150,Creston,Nov,13
2007,1150,Creston,Dec,7
2007,1160,Golden,Jan,8
2007,1160,Golden,Feb,2
2007,1160,Golden,Mar,6
2007,1160,Golden,Apr,2
2007,1160,Golden,May,4
2007,1160,Golden,Jun,3
2007,1160,Golden,Jul,1
2007,1160,Golden,Aug,2
2007,1160,Golden,Sep,6
2007,1160,Golden,Oct,2
2007,1160,Golden,Nov,4
2007,1160,Golden,Dec,4
2007,1210,Kootenay Lake,Jan,4
2007,1210,Kootenay Lake,Feb,1
2007,1210,Kootenay Lake,Mar,0
2007,1210,Kootenay Lake,Apr,1
2007,1210,Kootenay Lake,May,2
2007,1210,Kootenay Lake,Jun,3
2007,1210,Kootenay Lake,Jul,5
2007,1210,Kootenay Lake,Aug,9
2007,1210,Kootenay Lake,Sep,2
2007,1210,Kootenay Lake,Oct,8
2007,1210,Kootenay Lake,Nov,3
2007,1210,Kootenay Lake,Dec,3
2007,1220,Nelson,Jan,22
2007,1220,Nelson,Feb,15
2007,1220,Nelson,Mar,22
2007,1220,Nelson,Apr,16
2007,1220,Nelson,May,14
2007,1220,Nelson,Jun,10
2007,1220,Nelson,Jul,18
2007,1220,Nelson,Aug,23
2007,1220,Nelson,Sep,21
2007,1220,Nelson,Oct,14
2007,1220,Nelson,Nov,11
2007,1220,Nelson,Dec,23
2007,1230,Castlegar,Jan,14
2007,1230,Castlegar,Feb,17
2007,1230,Castlegar,Mar,9
2007,1230,Castlegar,Apr,9
2007,1230,Castlegar,May,6
2007,1230,Castlegar,Jun,7
2007,1230,Castlegar,Jul,7
2007,1230,Castlegar,Aug,15
2007,1230,Castlegar,Sep,9
2007,1230,Castlegar,Oct,6
2007,1230,Castlegar,Nov,12
2007,1230,Castlegar,Dec,9
2007,1240,Arrow Lakes,Jan,5
2007,1240,Arrow Lakes,Feb,1
2007,1240,Arrow Lakes,Mar,6
2007,1240,Arrow Lakes,Apr,5
2007,1240,Arrow Lakes,May,8
2007,1240,Arrow Lakes,Jun,3
2007,1240,Arrow Lakes,Jul,6
2007,1240,Arrow Lakes,Aug,5
2007,1240,Arrow Lakes,Sep,3
2007,1240,Arrow Lakes,Oct,1
2007,1240,Arrow Lakes,Nov,3
2007,1240,Arrow Lakes,Dec,4
2007,1250,Trail,Jan,21
2007,1250,Trail,Feb,26
2007,1250,Trail,Mar,22
2007,1250,Trail,Apr,21
2007,1250,Trail,May,19
2007,1250,Trail,Jun,22
2007,1250,Trail,Jul,22
2007,1250,Trail,Aug,22
2007,1250,Trail,Sep,12
2007,1250,Trail,Oct,16
2007,1250,Trail,Nov,18
2007,1250,Trail,Dec,20
2007,1260,Grand Forks,Jan,13
2007,1260,Grand Forks,Feb,10
2007,1260,Grand Forks,Mar,12
2007,1260,Grand Forks,Apr,12
2007,1260,Grand Forks,May,10
2007,1260,Grand Forks,Jun,7
2007,1260,Grand Forks,Jul,6
2007,1260,Grand Forks,Aug,9
2007,1260,Grand Forks,Sep,10
2007,1260,Grand Forks,Oct,3
2007,1260,Grand Forks,Nov,10
2007,1260,Grand Forks,Dec,18
2007,1270,Kettle Valley,Jan,1
2007,1270,Kettle Valley,Feb,1
2007,1270,Kettle Valley,Mar,1
2007,1270,Kettle Valley,Apr,2
2007,1270,Kettle Valley,May,3
2007,1270,Kettle Valley,Jun,1
2007,1270,Kettle Valley,Jul,1
2007,1270,Kettle Valley,Aug,1
2007,1270,Kettle Valley,Sep,2
2007,1270,Kettle Valley,Oct,2
2007,1270,Kettle Valley,Nov,6
2007,1270,Kettle Valley,Dec,1
2007,1310,Southern Okanagan,Jan,19
2007,1310,Southern Okanagan,Feb,19
2007,1310,Southern Okanagan,Mar,17
2007,1310,Southern Okanagan,Apr,19
2007,1310,Southern Okanagan,May,23
2007,1310,Southern Okanagan,Jun,25
2007,1310,Southern Okanagan,Jul,26
2007,1310,Southern Okanagan,Aug,16
2007,1310,Southern Okanagan,Sep,19
2007,1310,Southern Okanagan,Oct,16
2007,1310,Southern Okanagan,Nov,31
2007,1310,Southern Okanagan,Dec,21
2007,1320,Penticton,Jan,37
2007,1320,Penticton,Feb,45
2007,1320,Penticton,Mar,50
2007,1320,Penticton,Apr,31
2007,1320,Penticton,May,43
2007,1320,Penticton,Jun,32
2007,1320,Penticton,Jul,46
2007,1320,Penticton,Aug,40
2007,1320,Penticton,Sep,37
2007,1320,Penticton,Oct,43
2007,1320,Penticton,Nov,31
2007,1320,Penticton,Dec,40
2007,1330,Keremeos,Jan,7
2007,1330,Keremeos,Feb,2
2007,1330,Keremeos,Mar,6
2007,1330,Keremeos,Apr,5
2007,1330,Keremeos,May,9
2007,1330,Keremeos,Jun,10
2007,1330,Keremeos,Jul,2
2007,1330,Keremeos,Aug,4
2007,1330,Keremeos,Sep,11
2007,1330,Keremeos,Oct,2
2007,1330,Keremeos,Nov,6
2007,1330,Keremeos,Dec,1
2007,1340,Princeton,Jan,8
2007,1340,Princeton,Feb,5
2007,1340,Princeton,Mar,5
2007,1340,Princeton,Apr,9
2007,1340,Princeton,May,3
2007,1340,Princeton,Jun,1
2007,1340,Princeton,Jul,6
2007,1340,Princeton,Aug,5
2007,1340,Princeton,Sep,4
2007,1340,Princeton,Oct,4
2007,1340,Princeton,Nov,7
2007,1340,Princeton,Dec,6
2007,1350,Armstrong/Spallumcheen,Jan,7
2007,1350,Armstrong/Spallumcheen,Feb,5
2007,1350,Armstrong/Spallumcheen,Mar,14
2007,1350,Armstrong/Spallumcheen,Apr,6
2007,1350,Armstrong/Spallumcheen,May,11
2007,1350,Armstrong/Spallumcheen,Jun,2
2007,1350,Armstrong/Spallumcheen,Jul,6
2007,1350,Armstrong/Spallumcheen,Aug,5
2007,1350,Armstrong/Spallumcheen,Sep,4
2007,1350,Armstrong/Spallumcheen,Oct,3
2007,1350,Armstrong/Spallumcheen,Nov,3
2007,1350,Armstrong/Spallumcheen,Dec,5
2007,1361,Vernon Centre/Coldstream,Jan,52
2007,1361,Vernon Centre/Coldstream,Feb,42
2007,1361,Vernon Centre/Coldstream,Mar,50
2007,1361,Vernon Centre/Coldstream,Apr,54
2007,1361,Vernon Centre/Coldstream,May,52
2007,1361,Vernon Centre/Coldstream,Jun,43
2007,1361,Vernon Centre/Coldstream,Jul,40
2007,1361,Vernon Centre/Coldstream,Aug,51
2007,1361,Vernon Centre/Coldstream,Sep,51
2007,1361,Vernon Centre/Coldstream,Oct,40
2007,1361,Vernon Centre/Coldstream,Nov,46
2007,1361,Vernon Centre/Coldstream,Dec,42
2007,1362,North Okanagan/Lumby,Jan,10
2007,1362,North Okanagan/Lumby,Feb,6
2007,1362,North Okanagan/Lumby,Mar,5
2007,1362,North Okanagan/Lumby,Apr,10
2007,1362,North Okanagan/Lumby,May,6
2007,1362,North Okanagan/Lumby,Jun,5
2007,1362,North Okanagan/Lumby,Jul,8
2007,1362,North Okanagan/Lumby,Aug,7
2007,1362,North Okanagan/Lumby,Sep,10
2007,1362,North Okanagan/Lumby,Oct,5
2007,1362,North Okanagan/Lumby,Nov,3
2007,1362,North Okanagan/Lumby,Dec,9
2007,1371,Central Okanagan Rural,Jan,2
2007,1371,Central Okanagan Rural,Feb,1
2007,1371,Central Okanagan Rural,Mar,6
2007,1371,Central Okanagan Rural,Apr,3
2007,1371,Central Okanagan Rural,May,3
2007,1371,Central Okanagan Rural,Jun,5
2007,1371,Central Okanagan Rural,Jul,4
2007,1371,Central Okanagan Rural,Aug,2
2007,1371,Central Okanagan Rural,Sep,2
2007,1371,Central Okanagan Rural,Oct,3
2007,1371,Central Okanagan Rural,Nov,3
2007,1371,Central Okanagan Rural,Dec,4
2007,1372,West Kelowna,Jan,11
2007,1372,West Kelowna,Feb,26
2007,1372,West Kelowna,Mar,19
2007,1372,West Kelowna,Apr,25
2007,1372,West Kelowna,May,17
2007,1372,West Kelowna,Jun,23
2007,1372,West Kelowna,Jul,21
2007,1372,West Kelowna,Aug,25
2007,1372,West Kelowna,Sep,20
2007,1372,West Kelowna,Oct,24
2007,1372,West Kelowna,Nov,24
2007,1372,West Kelowna,Dec,24
2007,1373,Lake Country,Jan,5
2007,1373,Lake Country,Feb,4
2007,1373,Lake Country,Mar,7
2007,1373,Lake Country,Apr,4
2007,1373,Lake Country,May,4
2007,1373,Lake Country,Jun,9
2007,1373,Lake Country,Jul,5
2007,1373,Lake Country,Aug,12
2007,1373,Lake Country,Sep,3
2007,1373,Lake Country,Oct,3
2007,1373,Lake Country,Nov,6
2007,1373,Lake Country,Dec,10
2007,1374,Glenmore,Jan,11
2007,1374,Glenmore,Feb,11
2007,1374,Glenmore,Mar,15
2007,1374,Glenmore,Apr,12
2007,1374,Glenmore,May,13
2007,1374,Glenmore,Jun,12
2007,1374,Glenmore,Jul,13
2007,1374,Glenmore,Aug,11
2007,1374,Glenmore,Sep,14
2007,1374,Glenmore,Oct,12
2007,1374,Glenmore,Nov,5
2007,1374,Glenmore,Dec,12
2007,1375,Downtown Kelowna,Jan,53
2007,1375,Downtown Kelowna,Feb,56
2007,1375,Downtown Kelowna,Mar,66
2007,1375,Downtown Kelowna,Apr,56
2007,1375,Downtown Kelowna,May,46
2007,1375,Downtown Kelowna,Jun,36
2007,1375,Downtown Kelowna,Jul,48
2007,1375,Downtown Kelowna,Aug,41
2007,1375,Downtown Kelowna,Sep,36
2007,1375,Downtown Kelowna,Oct,35
2007,1375,Downtown Kelowna,Nov,47
2007,1375,Downtown Kelowna,Dec,54
2007,1376,Rutland,Jan,22
2007,1376,Rutland,Feb,22
2007,1376,Rutland,Mar,28
2007,1376,Rutland,Apr,25
2007,1376,Rutland,May,27
2007,1376,Rutland,Jun,20
2007,1376,Rutland,Jul,22
2007,1376,Rutland,Aug,29
2007,1376,Rutland,Sep,16
2007,1376,Rutland,Oct,23
2007,1376,Rutland,Nov,12
2007,1376,Rutland,Dec,26
2007,1377,Okanagan Mission,Jan,9
2007,1377,Okanagan Mission,Feb,14
2007,1377,Okanagan Mission,Mar,13
2007,1377,Okanagan Mission,Apr,10
2007,1377,Okanagan Mission,May,10
2007,1377,Okanagan Mission,Jun,6
2007,1377,Okanagan Mission,Jul,14
2007,1377,Okanagan Mission,Aug,9
2007,1377,Okanagan Mission,Sep,4
2007,1377,Okanagan Mission,Oct,9
2007,1377,Okanagan Mission,Nov,14
2007,1377,Okanagan Mission,Dec,14
2007,1380,Summerland,Jan,9
2007,1380,Summerland,Feb,10
2007,1380,Summerland,Mar,7
2007,1380,Summerland,Apr,13
2007,1380,Summerland,May,17
2007,1380,Summerland,Jun,11
2007,1380,Summerland,Jul,13
2007,1380,Summerland,Aug,5
2007,1380,Summerland,Sep,15
2007,1380,Summerland,Oct,12
2007,1380,Summerland,Nov,14
2007,1380,Summerland,Dec,14
2007,1390,Enderby,Jan,8
2007,1390,Enderby,Feb,6
2007,1390,Enderby,Mar,9
2007,1390,Enderby,Apr,6
2007,1390,Enderby,May,13
2007,1390,Enderby,Jun,8
2007,1390,Enderby,Jul,10
2007,1390,Enderby,Aug,9
2007,1390,Enderby,Sep,2
2007,1390,Enderby,Oct,5
2007,1390,Enderby,Nov,3
2007,1390,Enderby,Dec,5
2007,1410,Revelstoke,Jan,2
2007,1410,Revelstoke,Feb,6
2007,1410,Revelstoke,Mar,4
2007,1410,Revelstoke,Apr,1
2007,1410,Revelstoke,May,8
2007,1410,Revelstoke,Jun,4
2007,1410,Revelstoke,Jul,6
2007,1410,Revelstoke,Aug,5
2007,1410,Revelstoke,Sep,2
2007,1410,Revelstoke,Oct,7
2007,1410,Revelstoke,Nov,4
2007,1410,Revelstoke,Dec,2
2007,1420,Salmon Arm,Jan,31
2007,1420,Salmon Arm,Feb,27
2007,1420,Salmon Arm,Mar,27
2007,1420,Salmon Arm,Apr,21
2007,1420,Salmon Arm,May,27
2007,1420,Salmon Arm,Jun,31
2007,1420,Salmon Arm,Jul,28
2007,1420,Salmon Arm,Aug,20
2007,1420,Salmon Arm,Sep,20
2007,1420,Salmon Arm,Oct,23
2007,1420,Salmon Arm,Nov,38
2007,1420,Salmon Arm,Dec,34
2007,1431,Kamloops Centre North,Jan,40
2007,1431,Kamloops Centre North,Feb,33
2007,1431,Kamloops Centre North,Mar,24
2007,1431,Kamloops Centre North,Apr,32
2007,1431,Kamloops Centre North,May,31
2007,1431,Kamloops Centre North,Jun,37
2007,1431,Kamloops Centre North,Jul,32
2007,1431,Kamloops Centre North,Aug,24
2007,1431,Kamloops Centre North,Sep,24
2007,1431,Kamloops Centre North,Oct,29
2007,1431,Kamloops Centre North,Nov,26
2007,1431,Kamloops Centre North,Dec,31
2007,1432,Kamloops Centre South,Jan,32
2007,1432,Kamloops Centre South,Feb,34
2007,1432,Kamloops Centre South,Mar,24
2007,1432,Kamloops Centre South,Apr,29
2007,1432,Kamloops Centre South,May,23
2007,1432,Kamloops Centre South,Jun,24
2007,1432,Kamloops Centre South,Jul,27
2007,1432,Kamloops Centre South,Aug,35
2007,1432,Kamloops Centre South,Sep,27
2007,1432,Kamloops Centre South,Oct,26
2007,1432,Kamloops Centre South,Nov,23
2007,1432,Kamloops Centre South,Dec,24
2007,1433,Lower Thompson,Jan,18
2007,1433,Lower Thompson,Feb,8
2007,1433,Lower Thompson,Mar,11
2007,1433,Lower Thompson,Apr,9
2007,1433,Lower Thompson,May,15
2007,1433,Lower Thompson,Jun,4
2007,1433,Lower Thompson,Jul,11
2007,1433,Lower Thompson,Aug,10
2007,1433,Lower Thompson,Sep,10
2007,1433,Lower Thompson,Oct,8
2007,1433,Lower Thompson,Nov,12
2007,1433,Lower Thompson,Dec,8
2007,1440,100 Mile House,Jan,19
2007,1440,100 Mile House,Feb,13
2007,1440,100 Mile House,Mar,15
2007,1440,100 Mile House,Apr,9
2007,1440,100 Mile House,May,4
2007,1440,100 Mile House,Jun,7
2007,1440,100 Mile House,Jul,12
2007,1440,100 Mile House,Aug,10
2007,1440,100 Mile House,Sep,8
2007,1440,100 Mile House,Oct,13
2007,1440,100 Mile House,Nov,10
2007,1440,100 Mile House,Dec,16
2007,1450,North Thompson,Jan,4
2007,1450,North Thompson,Feb,4
2007,1450,North Thompson,Mar,3
2007,1450,North Thompson,Apr,7
2007,1450,North Thompson,May,3
2007,1450,North Thompson,Jun,1
2007,1450,North Thompson,Jul,1
2007,1450,North Thompson,Aug,1
2007,1450,North Thompson,Sep,3
2007,1450,North Thompson,Oct,6
2007,1450,North Thompson,Nov,5
2007,1450,North Thompson,Dec,4
2007,1461,West Cariboo,Jan,3
2007,1461,West Cariboo,Feb,1
2007,1461,West Cariboo,Mar,5
2007,1461,West Cariboo,Apr,2
2007,1461,West Cariboo,May,2
2007,1461,West Cariboo,Jun,3
2007,1461,West Cariboo,Jul,2
2007,1461,West Cariboo,Aug,2
2007,1461,West Cariboo,Sep,3
2007,1461,West Cariboo,Oct,2
2007,1461,West Cariboo,Nov,3
2007,1461,West Cariboo,Dec,4
2007,1462,Williams Lake/East Cariboo,Jan,17
2007,1462,Williams Lake/East Cariboo,Feb,11
2007,1462,Williams Lake/East Cariboo,Mar,9
2007,1462,Williams Lake/East Cariboo,Apr,9
2007,1462,Williams Lake/East Cariboo,May,20
2007,1462,Williams Lake/East Cariboo,Jun,15
2007,1462,Williams Lake/East Cariboo,Jul,14
2007,1462,Williams Lake/East Cariboo,Aug,10
2007,1462,Williams Lake/East Cariboo,Sep,12
2007,1462,Williams Lake/East Cariboo,Oct,14
2007,1462,Williams Lake/East Cariboo,Nov,12
2007,1462,Williams Lake/East Cariboo,Dec,17
2007,1470,Lillooet,Jan,2
2007,1470,Lillooet,Feb,3
2007,1470,Lillooet,Mar,2
2007,1470,Lillooet,Apr,7
2007,1470,Lillooet,May,0
2007,1470,Lillooet,Jun,5
2007,1470,Lillooet,Jul,2
2007,1470,Lillooet,Aug,1
2007,1470,Lillooet,Sep,2
2007,1470,Lillooet,Oct,3
2007,1470,Lillooet,Nov,2
2007,1470,Lillooet,Dec,3
2007,1480,South Cariboo,Jan,6
2007,1480,South Cariboo,Feb,2
2007,1480,South Cariboo,Mar,9
2007,1480,South Cariboo,Apr,9
2007,1480,South Cariboo,May,7
2007,1480,South Cariboo,Jun,7
2007,1480,South Cariboo,Jul,5
2007,1480,South Cariboo,Aug,7
2007,1480,South Cariboo,Sep,5
2007,1480,South Cariboo,Oct,3
2007,1480,South Cariboo,Nov,7
2007,1480,South Cariboo,Dec,3
2007,1490,Merritt,Jan,8
2007,1490,Merritt,Feb,6
2007,1490,Merritt,Mar,9
2007,1490,Merritt,Apr,11
2007,1490,Merritt,May,10
2007,1490,Merritt,Jun,12
2007,1490,Merritt,Jul,11
2007,1490,Merritt,Aug,3
2007,1490,Merritt,Sep,17
2007,1490,Merritt,Oct,9
2007,1490,Merritt,Nov,13
2007,1490,Merritt,Dec,6
2007,2110,Hope,Jan,8
2007,2110,Hope,Feb,7
2007,2110,Hope,Mar,14
2007,2110,Hope,Apr,6
2007,2110,Hope,May,7
2007,2110,Hope,Jun,15
2007,2110,Hope,Jul,8
2007,2110,Hope,Aug,7
2007,2110,Hope,Sep,16
2007,2110,Hope,Oct,11
2007,2110,Hope,Nov,5
2007,2110,Hope,Dec,6
2007,2121,South Chilliwack,Jan,20
2007,2121,South Chilliwack,Feb,21
2007,2121,South Chilliwack,Mar,33
2007,2121,South Chilliwack,Apr,22
2007,2121,South Chilliwack,May,23
2007,2121,South Chilliwack,Jun,14
2007,2121,South Chilliwack,Jul,24
2007,2121,South Chilliwack,Aug,24
2007,2121,South Chilliwack,Sep,22
2007,2121,South Chilliwack,Oct,25
2007,2121,South Chilliwack,Nov,23
2007,2121,South Chilliwack,Dec,24
2007,2122,North Chilliwack,Jan,35
2007,2122,North Chilliwack,Feb,35
2007,2122,North Chilliwack,Mar,40
2007,2122,North Chilliwack,Apr,38
2007,2122,North Chilliwack,May,38
2007,2122,North Chilliwack,Jun,27
2007,2122,North Chilliwack,Jul,40
2007,2122,North Chilliwack,Aug,32
2007,2122,North Chilliwack,Sep,32
2007,2122,North Chilliwack,Oct,26
2007,2122,North Chilliwack,Nov,37
2007,2122,North Chilliwack,Dec,38
2007,2131,Central Abbotsford,Jan,19
2007,2131,Central Abbotsford,Feb,28
2007,2131,Central Abbotsford,Mar,35
2007,2131,Central Abbotsford,Apr,18
2007,2131,Central Abbotsford,May,30
2007,2131,Central Abbotsford,Jun,27
2007,2131,Central Abbotsford,Jul,25
2007,2131,Central Abbotsford,Aug,28
2007,2131,Central Abbotsford,Sep,18
2007,2131,Central Abbotsford,Oct,28
2007,2131,Central Abbotsford,Nov,32
2007,2131,Central Abbotsford,Dec,17
2007,2132,East Abbotsford,Jan,13
2007,2132,East Abbotsford,Feb,11
2007,2132,East Abbotsford,Mar,5
2007,2132,East Abbotsford,Apr,3
2007,2132,East Abbotsford,May,6
2007,2132,East Abbotsford,Jun,4
2007,2132,East Abbotsford,Jul,10
2007,2132,East Abbotsford,Aug,9
2007,2132,East Abbotsford,Sep,10
2007,2132,East Abbotsford,Oct,11
2007,2132,East Abbotsford,Nov,9
2007,2132,East Abbotsford,Dec,8
2007,2133,West Abbotsford,Jan,40
2007,2133,West Abbotsford,Feb,25
2007,2133,West Abbotsford,Mar,32
2007,2133,West Abbotsford,Apr,32
2007,2133,West Abbotsford,May,35
2007,2133,West Abbotsford,Jun,33
2007,2133,West Abbotsford,Jul,34
2007,2133,West Abbotsford,Aug,37
2007,2133,West Abbotsford,Sep,35
2007,2133,West Abbotsford,Oct,43
2007,2133,West Abbotsford,Nov,25
2007,2133,West Abbotsford,Dec,21
2007,2134,Abbotsford Rural,Jan,8
2007,2134,Abbotsford Rural,Feb,8
2007,2134,Abbotsford Rural,Mar,7
2007,2134,Abbotsford Rural,Apr,4
2007,2134,Abbotsford Rural,May,4
2007,2134,Abbotsford Rural,Jun,9
2007,2134,Abbotsford Rural,Jul,7
2007,2134,Abbotsford Rural,Aug,9
2007,2134,Abbotsford Rural,Sep,11
2007,2134,Abbotsford Rural,Oct,10
2007,2134,Abbotsford Rural,Nov,14
2007,2134,Abbotsford Rural,Dec,11
2007,2141,South Mission,Jan,20
2007,2141,South Mission,Feb,17
2007,2141,South Mission,Mar,24
2007,2141,South Mission,Apr,18
2007,2141,South Mission,May,19
2007,2141,South Mission,Jun,17
2007,2141,South Mission,Jul,14
2007,2141,South Mission,Aug,12
2007,2141,South Mission,Sep,18
2007,2141,South Mission,Oct,16
2007,2141,South Mission,Nov,19
2007,2141,South Mission,Dec,25
2007,2142,North Mission,Jan,5
2007,2142,North Mission,Feb,3
2007,2142,North Mission,Mar,8
2007,2142,North Mission,Apr,7
2007,2142,North Mission,May,8
2007,2142,North Mission,Jun,8
2007,2142,North Mission,Jul,1
2007,2142,North Mission,Aug,5
2007,2142,North Mission,Sep,8
2007,2142,North Mission,Oct,4
2007,2142,North Mission,Nov,7
2007,2142,North Mission,Dec,3
2007,2150,Agassiz/Harrison,Jan,4
2007,2150,Agassiz/Harrison,Feb,7
2007,2150,Agassiz/Harrison,Mar,8
2007,2150,Agassiz/Harrison,Apr,5
2007,2150,Agassiz/Harrison,May,6
2007,2150,Agassiz/Harrison,Jun,3
2007,2150,Agassiz/Harrison,Jul,4
2007,2150,Agassiz/Harrison,Aug,8
2007,2150,Agassiz/Harrison,Sep,3
2007,2150,Agassiz/Harrison,Oct,5
2007,2150,Agassiz/Harrison,Nov,7
2007,2150,Agassiz/Harrison,Dec,7
2007,2210,New Westminster,Jan,49
2007,2210,New Westminster,Feb,41
2007,2210,New Westminster,Mar,45
2007,2210,New Westminster,Apr,47
2007,2210,New Westminster,May,40
2007,2210,New Westminster,Jun,44
2007,2210,New Westminster,Jul,38
2007,2210,New Westminster,Aug,35
2007,2210,New Westminster,Sep,48
2007,2210,New Westminster,Oct,39
2007,2210,New Westminster,Nov,30
2007,2210,New Westminster,Dec,48
2007,2221,Burnaby Northwest,Jan,32
2007,2221,Burnaby Northwest,Feb,20
2007,2221,Burnaby Northwest,Mar,20
2007,2221,Burnaby Northwest,Apr,19
2007,2221,Burnaby Northwest,May,16
2007,2221,Burnaby Northwest,Jun,19
2007,2221,Burnaby Northwest,Jul,23
2007,2221,Burnaby Northwest,Aug,23
2007,2221,Burnaby Northwest,Sep,21
2007,2221,Burnaby Northwest,Oct,18
2007,2221,Burnaby Northwest,Nov,20
2007,2221,Burnaby Northwest,Dec,22
2007,2222,Burnaby Northeast,Jan,12
2007,2222,Burnaby Northeast,Feb,15
2007,2222,Burnaby Northeast,Mar,13
2007,2222,Burnaby Northeast,Apr,23
2007,2222,Burnaby Northeast,May,19
2007,2222,Burnaby Northeast,Jun,12
2007,2222,Burnaby Northeast,Jul,17
2007,2222,Burnaby Northeast,Aug,9
2007,2222,Burnaby Northeast,Sep,17
2007,2222,Burnaby Northeast,Oct,14
2007,2222,Burnaby Northeast,Nov,12
2007,2222,Burnaby Northeast,Dec,20
2007,2223,Burnaby Southwest,Jan,59
2007,2223,Burnaby Southwest,Feb,40
2007,2223,Burnaby Southwest,Mar,57
2007,2223,Burnaby Southwest,Apr,49
2007,2223,Burnaby Southwest,May,50
2007,2223,Burnaby Southwest,Jun,36
2007,2223,Burnaby Southwest,Jul,44
2007,2223,Burnaby Southwest,Aug,34
2007,2223,Burnaby Southwest,Sep,42
2007,2223,Burnaby Southwest,Oct,37
2007,2223,Burnaby Southwest,Nov,40
2007,2223,Burnaby Southwest,Dec,42
2007,2224,Burnaby Southeast,Jan,50
2007,2224,Burnaby Southeast,Feb,27
2007,2224,Burnaby Southeast,Mar,44
2007,2224,Burnaby Southeast,Apr,24
2007,2224,Burnaby Southeast,May,40
2007,2224,Burnaby Southeast,Jun,20
2007,2224,Burnaby Southeast,Jul,35
2007,2224,Burnaby Southeast,Aug,32
2007,2224,Burnaby Southeast,Sep,29
2007,2224,Burnaby Southeast,Oct,43
2007,2224,Burnaby Southeast,Nov,31
2007,2224,Burnaby Southeast,Dec,33
2007,2231,Haney,Jan,26
2007,2231,Haney,Feb,25
2007,2231,Haney,Mar,26
2007,2231,Haney,Apr,25
2007,2231,Haney,May,13
2007,2231,Haney,Jun,13
2007,2231,Haney,Jul,22
2007,2231,Haney,Aug,16
2007,2231,Haney,Sep,16
2007,2231,Haney,Oct,14
2007,2231,Haney,Nov,24
2007,2231,Haney,Dec,32
2007,2232,Pitt Meadows,Jan,6
2007,2232,Pitt Meadows,Feb,6
2007,2232,Pitt Meadows,Mar,6
2007,2232,Pitt Meadows,Apr,6
2007,2232,Pitt Meadows,May,3
2007,2232,Pitt Meadows,Jun,2
2007,2232,Pitt Meadows,Jul,2
2007,2232,Pitt Meadows,Aug,6
2007,2232,Pitt Meadows,Sep,4
2007,2232,Pitt Meadows,Oct,3
2007,2232,Pitt Meadows,Nov,3
2007,2232,Pitt Meadows,Dec,7
2007,2233,Maple Ridge Rural,Jan,16
2007,2233,Maple Ridge Rural,Feb,18
2007,2233,Maple Ridge Rural,Mar,18
2007,2233,Maple Ridge Rural,Apr,15
2007,2233,Maple Ridge Rural,May,14
2007,2233,Maple Ridge Rural,Jun,17
2007,2233,Maple Ridge Rural,Jul,18
2007,2233,Maple Ridge Rural,Aug,14
2007,2233,Maple Ridge Rural,Sep,21
2007,2233,Maple Ridge Rural,Oct,28
2007,2233,Maple Ridge Rural,Nov,18
2007,2233,Maple Ridge Rural,Dec,24
2007,2241,North Coquitlam,Jan,6
2007,2241,North Coquitlam,Feb,4
2007,2241,North Coquitlam,Mar,3
2007,2241,North Coquitlam,Apr,3
2007,2241,North Coquitlam,May,3
2007,2241,North Coquitlam,Jun,3
2007,2241,North Coquitlam,Jul,4
2007,2241,North Coquitlam,Aug,2
2007,2241,North Coquitlam,Sep,5
2007,2241,North Coquitlam,Oct,6
2007,2241,North Coquitlam,Nov,4
2007,2241,North Coquitlam,Dec,6
2008,1110,Fernie,Jan,6
2008,1110,Fernie,Feb,7
2008,1110,Fernie,Mar,5
2008,1110,Fernie,Apr,8
2008,1110,Fernie,May,7
2008,1110,Fernie,Jun,10
2008,1110,Fernie,Jul,6
2008,1110,Fernie,Aug,6
2008,1110,Fernie,Sep,10
2008,1110,Fernie,Oct,7
2008,1110,Fernie,Nov,7
2008,1110,Fernie,Dec,18
2008,1120,Cranbrook,Jan,24
2008,1120,Cranbrook,Feb,11
2008,1120,Cranbrook,Mar,18
2008,1120,Cranbrook,Apr,13
2008,1120,Cranbrook,May,16
2008,1120,Cranbrook,Jun,11
2008,1120,Cranbrook,Jul,16
2008,1120,Cranbrook,Aug,12
2008,1120,Cranbrook,Sep,10
2008,1120,Cranbrook,Oct,18
2008,1120,Cranbrook,Nov,14
2008,1120,Cranbrook,Dec,20
2008,1130,Kimberley,Jan,7
2008,1130,Kimberley,Feb,9
2008,1130,Kimberley,Mar,8
2008,1130,Kimberley,Apr,8
2008,1130,Kimberley,May,9
2008,1130,Kimberley,Jun,6
2008,1130,Kimberley,Jul,5
2008,1130,Kimberley,Aug,6
2008,1130,Kimberley,Sep,6
2008,1130,Kimberley,Oct,8
2008,1130,Kimberley,Nov,4
2008,1130,Kimberley,Dec,9
2008,1140,Windermere,Jan,6
2008,1140,Windermere,Feb,4
2008,1140,Windermere,Mar,7
2008,1140,Windermere,Apr,7
2008,1140,Windermere,May,5
2008,1140,Windermere,Jun,3
2008,1140,Windermere,Jul,6
2008,1140,Windermere,Aug,3
2008,1140,Windermere,Sep,3
2008,1140,Windermere,Oct,7
2008,1140,Windermere,Nov,5
2008,1140,Windermere,Dec,5
2008,1150,Creston,Jan,16
2008,1150,Creston,Feb,21
2008,1150,Creston,Mar,7
2008,1150,Creston,Apr,17
2008,1150,Creston,May,11
2008,1150,Creston,Jun,17
2008,1150,Creston,Jul,12
2008,1150,Creston,Aug,8
2008,1150,Creston,Sep,7
2008,1150,Creston,Oct,15
2008,1150,Creston,Nov,14
2008,1150,Creston,Dec,17
2008,1160,Golden,Jan,2
2008,1160,Golden,Feb,4
2008,1160,Golden,Mar,1
2008,1160,Golden,Apr,0
2008,1160,Golden,May,3
2008,1160,Golden,Jun,2
2008,1160,Golden,Jul,7
2008,1160,Golden,Aug,3
2008,1160,Golden,Sep,3
2008,1160,Golden,Oct,7
2008,1160,Golden,Nov,4
2008,1160,Golden,Dec,6
2008,1210,Kootenay Lake,Jan,6
2008,1210,Kootenay Lake,Feb,2
2008,1210,Kootenay Lake,Mar,1
2008,1210,Kootenay Lake,Apr,2
2008,1210,Kootenay Lake,May,4
2008,1210,Kootenay Lake,Jun,1
2008,1210,Kootenay Lake,Jul,3
2008,1210,Kootenay Lake,Aug,2
2008,1210,Kootenay Lake,Sep,5
2008,1210,Kootenay Lake,Oct,2
2008,1210,Kootenay Lake,Nov,0
2008,1210,Kootenay Lake,Dec,1
2008,1220,Nelson,Jan,21
2008,1220,Nelson,Feb,12
2008,1220,Nelson,Mar,15
2008,1220,Nelson,Apr,10
2008,1220,Nelson,May,11
2008,1220,Nelson,Jun,13
2008,1220,Nelson,Jul,14
2008,1220,Nelson,Aug,15
2008,1220,Nelson,Sep,18
2008,1220,Nelson,Oct,15
2008,1220,Nelson,Nov,13
2008,1220,Nelson,Dec,12
2008,1230,Castlegar,Jan,12
2008,1230,Castlegar,Feb,8
2008,1230,Castlegar,Mar,17
2008,1230,Castlegar,Apr,5
2008,1230,Castlegar,May,12
2008,1230,Castlegar,Jun,16
2008,1230,Castlegar,Jul,8
2008,1230,Castlegar,Aug,17
2008,1230,Castlegar,Sep,3
2008,1230,Castlegar,Oct,9
2008,1230,Castlegar,Nov,7
2008,1230,Castlegar,Dec,10
2008,1240,Arrow Lakes,Jan,6
2008,1240,Arrow Lakes,Feb,3
2008,1240,Arrow Lakes,Mar,3
2008,1240,Arrow Lakes,Apr,6
2008,1240,Arrow Lakes,May,5
2008,1240,Arrow Lakes,Jun,4
2008,1240,Arrow Lakes,Jul,7
2008,1240,Arrow Lakes,Aug,3
2008,1240,Arrow Lakes,Sep,5
2008,1240,Arrow Lakes,Oct,1
2008,1240,Arrow Lakes,Nov,3
2008,1240,Arrow Lakes,Dec,5
2008,1250,Trail,Jan,20
2008,1250,Trail,Feb,9
2008,1250,Trail,Mar,25
2008,1250,Trail,Apr,17
2008,1250,Trail,May,14
2008,1250,Trail,Jun,23
2008,1250,Trail,Jul,19
2008,1250,Trail,Aug,12
2008,1250,Trail,Sep,20
2008,1250,Trail,Oct,13
2008,1250,Trail,Nov,16
2008,1250,Trail,Dec,19
2008,1260,Grand Forks,Jan,8
2008,1260,Grand Forks,Feb,12
2008,1260,Grand Forks,Mar,8
2008,1260,Grand Forks,Apr,12
2008,1260,Grand Forks,May,6
2008,1260,Grand Forks,Jun,7
2008,1260,Grand Forks,Jul,7
2008,1260,Grand Forks,Aug,9
2008,1260,Grand Forks,Sep,8
2008,1260,Grand Forks,Oct,10
2008,1260,Grand Forks,Nov,8
2008,1260,Grand Forks,Dec,6
2008,1270,Kettle Valley,Jan,1
2008,1270,Kettle Valley,Feb,1
2008,1270,Kettle Valley,Mar,1
2008,1270,Kettle Valley,Apr,3
2008,1270,Kettle Valley,May,4
2008,1270,Kettle Valley,Jun,3
2008,1270,Kettle Valley,Jul,0
2008,1270,Kettle Valley,Aug,1
2008,1270,Kettle Valley,Sep,2
2008,1270,Kettle Valley,Oct,3
2008,1270,Kettle Valley,Nov,4
2008,1270,Kettle Valley,Dec,2
2008,1310,Southern Okanagan,Jan,25
2008,1310,Southern Okanagan,Feb,15
2008,1310,Southern Okanagan,Mar,28
2008,1310,Southern Okanagan,Apr,25
2008,1310,Southern Okanagan,May,27
2008,1310,Southern Okanagan,Jun,28
2008,1310,Southern Okanagan,Jul,22
2008,1310,Southern Okanagan,Aug,18
2008,1310,Southern Okanagan,Sep,25
2008,1310,Southern Okanagan,Oct,20
2008,1310,Southern Okanagan,Nov,16
2008,1310,Southern Okanagan,Dec,21
2008,1320,Penticton,Jan,42
2008,1320,Penticton,Feb,36
2008,1320,Penticton,Mar,64
2008,1320,Penticton,Apr,42
2008,1320,Penticton,May,31
2008,1320,Penticton,Jun,42
2008,1320,Penticton,Jul,42
2008,1320,Penticton,Aug,47
2008,1320,Penticton,Sep,49
2008,1320,Penticton,Oct,49
2008,1320,Penticton,Nov,38
2008,1320,Penticton,Dec,58
2008,1330,Keremeos,Jan,7
2008,1330,Keremeos,Feb,7
2008,1330,Keremeos,Mar,5
2008,1330,Keremeos,Apr,3
2008,1330,Keremeos,May,4
2008,1330,Keremeos,Jun,6
2008,1330,Keremeos,Jul,7
2008,1330,Keremeos,Aug,5
2008,1330,Keremeos,Sep,9
2008,1330,Keremeos,Oct,6
2008,1330,Keremeos,Nov,4
2008,1330,Keremeos,Dec,6
2008,1340,Princeton,Jan,3
2008,1340,Princeton,Feb,4
2008,1340,Princeton,Mar,4
2008,1340,Princeton,Apr,5
2008,1340,Princeton,May,3
2008,1340,Princeton,Jun,4
2008,1340,Princeton,Jul,13
2008,1340,Princeton,Aug,6
2008,1340,Princeton,Sep,3
2008,1340,Princeton,Oct,4
2008,1340,Princeton,Nov,6
2008,1340,Princeton,Dec,10
2008,1350,Armstrong/Spallumcheen,Jan,7
2008,1350,Armstrong/Spallumcheen,Feb,5
2008,1350,Armstrong/Spallumcheen,Mar,3
2008,1350,Armstrong/Spallumcheen,Apr,7
2008,1350,Armstrong/Spallumcheen,May,9
2008,1350,Armstrong/Spallumcheen,Jun,4
2008,1350,Armstrong/Spallumcheen,Jul,6
2008,1350,Armstrong/Spallumcheen,Aug,9
2008,1350,Armstrong/Spallumcheen,Sep,6
2008,1350,Armstrong/Spallumcheen,Oct,5
2008,1350,Armstrong/Spallumcheen,Nov,5
2008,1350,Armstrong/Spallumcheen,Dec,6
2008,1361,Vernon Centre/Coldstream,Jan,67
2008,1361,Vernon Centre/Coldstream,Feb,49
2008,1361,Vernon Centre/Coldstream,Mar,45
2008,1361,Vernon Centre/Coldstream,Apr,48
2008,1361,Vernon Centre/Coldstream,May,40
2008,1361,Vernon Centre/Coldstream,Jun,39
2008,1361,Vernon Centre/Coldstream,Jul,56
2008,1361,Vernon Centre/Coldstream,Aug,35
2008,1361,Vernon Centre/Coldstream,Sep,44
2008,1361,Vernon Centre/Coldstream,Oct,37
2008,1361,Vernon Centre/Coldstream,Nov,39
2008,1361,Vernon Centre/Coldstream,Dec,40
2008,1362,North Okanagan/Lumby,Jan,4
2008,1362,North Okanagan/Lumby,Feb,3
2008,1362,North Okanagan/Lumby,Mar,4
2008,1362,North Okanagan/Lumby,Apr,2
2008,1362,North Okanagan/Lumby,May,9
2008,1362,North Okanagan/Lumby,Jun,6
2008,1362,North Okanagan/Lumby,Jul,8
2008,1362,North Okanagan/Lumby,Aug,6
2008,1362,North Okanagan/Lumby,Sep,8
2008,1362,North Okanagan/Lumby,Oct,3
2008,1362,North Okanagan/Lumby,Nov,3
2008,1362,North Okanagan/Lumby,Dec,7
2008,1371,Central Okanagan Rural,Jan,2
2008,1371,Central Okanagan Rural,Feb,10
2008,1371,Central Okanagan Rural,Mar,4
2008,1371,Central Okanagan Rural,Apr,4
2008,1371,Central Okanagan Rural,May,3
2008,1371,Central Okanagan Rural,Jun,6
2008,1371,Central Okanagan Rural,Jul,4
2008,1371,Central Okanagan Rural,Aug,2
2008,1371,Central Okanagan Rural,Sep,4
2008,1371,Central Okanagan Rural,Oct,8
2008,1371,Central Okanagan Rural,Nov,3
2008,1371,Central Okanagan Rural,Dec,4
2008,1372,West Kelowna,Jan,32
2008,1372,West Kelowna,Feb,27
2008,1372,West Kelowna,Mar,46
2008,1372,West Kelowna,Apr,25
2008,1372,West Kelowna,May,27
2008,1372,West Kelowna,Jun,12
2008,1372,West Kelowna,Jul,21
2008,1372,West Kelowna,Aug,18
2008,1372,West Kelowna,Sep,24
2008,1372,West Kelowna,Oct,31
2008,1372,West Kelowna,Nov,31
2008,1372,West Kelowna,Dec,15
2008,1373,Lake Country,Jan,9
2008,1373,Lake Country,Feb,7
2008,1373,Lake Country,Mar,9
2008,1373,Lake Country,Apr,4
2008,1373,Lake Country,May,7
2008,1373,Lake Country,Jun,4
2008,1373,Lake Country,Jul,7
2008,1373,Lake Country,Aug,3
2008,1373,Lake Country,Sep,2
2008,1373,Lake Country,Oct,9
2008,1373,Lake Country,Nov,5
2008,1373,Lake Country,Dec,6
2008,1374,Glenmore,Jan,17
2008,1374,Glenmore,Feb,13
2008,1374,Glenmore,Mar,12
2008,1374,Glenmore,Apr,15
2008,1374,Glenmore,May,17
2008,1374,Glenmore,Jun,12
2008,1374,Glenmore,Jul,15
2008,1374,Glenmore,Aug,14
2008,1374,Glenmore,Sep,11
2008,1374,Glenmore,Oct,17
2008,1374,Glenmore,Nov,17
2008,1374,Glenmore,Dec,11
2008,1375,Downtown Kelowna,Jan,61
2008,1375,Downtown Kelowna,Feb,46
2008,1375,Downtown Kelowna,Mar,58
2008,1375,Downtown Kelowna,Apr,39
2008,1375,Downtown Kelowna,May,54
2008,1375,Downtown Kelowna,Jun,42
2008,1375,Downtown Kelowna,Jul,45
2008,1375,Downtown Kelowna,Aug,44
2008,1375,Downtown Kelowna,Sep,34
2008,1375,Downtown Kelowna,Oct,47
2008,1375,Downtown Kelowna,Nov,59
2008,1375,Downtown Kelowna,Dec,39
2008,1376,Rutland,Jan,16
2008,1376,Rutland,Feb,34
2008,1376,Rutland,Mar,25
2008,1376,Rutland,Apr,24
2008,1376,Rutland,May,28
2008,1376,Rutland,Jun,13
2008,1376,Rutland,Jul,21
2008,1376,Rutland,Aug,20
2008,1376,Rutland,Sep,25
2008,1376,Rutland,Oct,20
2008,1376,Rutland,Nov,13
2008,1376,Rutland,Dec,29
2008,1377,Okanagan Mission,Jan,8
2008,1377,Okanagan Mission,Feb,7
2008,1377,Okanagan Mission,Mar,7
2008,1377,Okanagan Mission,Apr,9
2008,1377,Okanagan Mission,May,11
2008,1377,Okanagan Mission,Jun,6
2008,1377,Okanagan Mission,Jul,8
2008,1377,Okanagan Mission,Aug,9
2008,1377,Okanagan Mission,Sep,7
2008,1377,Okanagan Mission,Oct,8
2008,1377,Okanagan Mission,Nov,9
2008,1377,Okanagan Mission,Dec,7
2008,1380,Summerland,Jan,17
2008,1380,Summerland,Feb,7
2008,1380,Summerland,Mar,20
2008,1380,Summerland,Apr,12
2008,1380,Summerland,May,15
2008,1380,Summerland,Jun,13
2008,1380,Summerland,Jul,13
2008,1380,Summerland,Aug,15
2008,1380,Summerland,Sep,8
2008,1380,Summerland,Oct,13
2008,1380,Summerland,Nov,16
2008,1380,Summerland,Dec,11
2008,1390,Enderby,Jan,6
2008,1390,Enderby,Feb,7
2008,1390,Enderby,Mar,11
2008,1390,Enderby,Apr,10
2008,1390,Enderby,May,6
2008,1390,Enderby,Jun,7
2008,1390,Enderby,Jul,8
2008,1390,Enderby,Aug,5
2008,1390,Enderby,Sep,7
2008,1390,Enderby,Oct,5
2008,1390,Enderby,Nov,10
2008,1390,Enderby,Dec,8
2008,1410,Revelstoke,Jan,3
2008,1410,Revelstoke,Feb,6
2008,1410,Revelstoke,Mar,3
2008,1410,Revelstoke,Apr,3
2008,1410,Revelstoke,May,2
2008,1410,Revelstoke,Jun,4
2008,1410,Revelstoke,Jul,3
2008,1410,Revelstoke,Aug,2
2008,1410,Revelstoke,Sep,4
2008,1410,Revelstoke,Oct,2
2008,1410,Revelstoke,Nov,8
2008,1410,Revelstoke,Dec,4
2008,1420,Salmon Arm,Jan,21
2008,1420,Salmon Arm,Feb,31
2008,1420,Salmon Arm,Mar,26
2008,1420,Salmon Arm,Apr,39
2008,1420,Salmon Arm,May,37
2008,1420,Salmon Arm,Jun,28
2008,1420,Salmon Arm,Jul,31
2008,1420,Salmon Arm,Aug,24
2008,1420,Salmon Arm,Sep,25
2008,1420,Salmon Arm,Oct,26
2008,1420,Salmon Arm,Nov,23
2008,1420,Salmon Arm,Dec,28
2008,1431,Kamloops Centre North,Jan,31
2008,1431,Kamloops Centre North,Feb,40
2008,1431,Kamloops Centre North,Mar,44
2008,1431,Kamloops Centre North,Apr,29
2008,1431,Kamloops Centre North,May,30
2008,1431,Kamloops Centre North,Jun,21
2008,1431,Kamloops Centre North,Jul,29
2008,1431,Kamloops Centre North,Aug,34
2008,1431,Kamloops Centre North,Sep,22
2008,1431,Kamloops Centre North,Oct,33
2008,1431,Kamloops Centre North,Nov,29
2008,1431,Kamloops Centre North,Dec,40
2008,1432,Kamloops Centre South,Jan,31
2008,1432,Kamloops Centre South,Feb,25
2008,1432,Kamloops Centre South,Mar,24
2008,1432,Kamloops Centre South,Apr,37
2008,1432,Kamloops Centre South,May,25
2008,1432,Kamloops Centre South,Jun,31
2008,1432,Kamloops Centre South,Jul,23
2008,1432,Kamloops Centre South,Aug,28
2008,1432,Kamloops Centre South,Sep,22
2008,1432,Kamloops Centre South,Oct,31
2008,1432,Kamloops Centre South,Nov,39
2008,1432,Kamloops Centre South,Dec,28
2008,1433,Lower Thompson,Jan,13
2008,1433,Lower Thompson,Feb,9
2008,1433,Lower Thompson,Mar,14
2008,1433,Lower Thompson,Apr,10
2008,1433,Lower Thompson,May,12
2008,1433,Lower Thompson,Jun,12
2008,1433,Lower Thompson,Jul,16
2008,1433,Lower Thompson,Aug,13
2008,1433,Lower Thompson,Sep,9
2008,1433,Lower Thompson,Oct,12
2008,1433,Lower Thompson,Nov,10
2008,1433,Lower Thompson,Dec,14
2008,1440,100 Mile House,Jan,14
2008,1440,100 Mile House,Feb,16
2008,1440,100 Mile House,Mar,15
2008,1440,100 Mile House,Apr,13
2008,1440,100 Mile House,May,13
2008,1440,100 Mile House,Jun,15
2008,1440,100 Mile House,Jul,10
2008,1440,100 Mile House,Aug,10
2008,1440,100 Mile House,Sep,7
2008,1440,100 Mile House,Oct,9
2008,1440,100 Mile House,Nov,11
2008,1440,100 Mile House,Dec,9
2008,1450,North Thompson,Jan,6
2008,1450,North Thompson,Feb,3
2008,1450,North Thompson,Mar,1
2008,1450,North Thompson,Apr,6
2008,1450,North Thompson,May,4
2008,1450,North Thompson,Jun,8
2008,1450,North Thompson,Jul,4
2008,1450,North Thompson,Aug,7
2008,1450,North Thompson,Sep,3
2008,1450,North Thompson,Oct,5
2008,1450,North Thompson,Nov,7
2008,1450,North Thompson,Dec,6
2008,1461,West Cariboo,Jan,2
2008,1461,West Cariboo,Feb,2
2008,1461,West Cariboo,Mar,2
2008,1461,West Cariboo,Apr,0
2008,1461,West Cariboo,May,5
2008,1461,West Cariboo,Jun,3
2008,1461,West Cariboo,Jul,2
2008,1461,West Cariboo,Aug,4
2008,1461,West Cariboo,Sep,1
2008,1461,West Cariboo,Oct,2
2008,1461,West Cariboo,Nov,3
2008,1461,West Cariboo,Dec,1
2008,1462,Williams Lake/East Cariboo,Jan,10
2008,1462,Williams Lake/East Cariboo,Feb,9
2008,1462,Williams Lake/East Cariboo,Mar,12
2008,1462,Williams Lake/East Cariboo,Apr,14
2008,1462,Williams Lake/East Cariboo,May,18
2008,1462,Williams Lake/East Cariboo,Jun,10
2008,1462,Williams Lake/East Cariboo,Jul,16
2008,1462,Williams Lake/East Cariboo,Aug,20
2008,1462,Williams Lake/East Cariboo,Sep,11
2008,1462,Williams Lake/East Cariboo,Oct,10
2008,1462,Williams Lake/East Cariboo,Nov,16
2008,1462,Williams Lake/East Cariboo,Dec,24
2008,1470,Lillooet,Jan,1
2008,1470,Lillooet,Feb,2
2008,1470,Lillooet,Mar,2
2008,1470,Lillooet,Apr,3
2008,1470,Lillooet,May,3
2008,1470,Lillooet,Jun,6
2008,1470,Lillooet,Jul,3
2008,1470,Lillooet,Aug,2
2008,1470,Lillooet,Sep,8
2008,1470,Lillooet,Oct,5
2008,1470,Lillooet,Nov,8
2008,1470,Lillooet,Dec,2
2008,1480,South Cariboo,Jan,5
2008,1480,South Cariboo,Feb,5
2008,1480,South Cariboo,Mar,6
2008,1480,South Cariboo,Apr,5
2008,1480,South Cariboo,May,1
2008,1480,South Cariboo,Jun,8
2008,1480,South Cariboo,Jul,5
2008,1480,South Cariboo,Aug,9
2008,1480,South Cariboo,Sep,8
2008,1480,South Cariboo,Oct,5
2008,1480,South Cariboo,Nov,9
2008,1480,South Cariboo,Dec,4
2008,1490,Merritt,Jan,15
2008,1490,Merritt,Feb,10
2008,1490,Merritt,Mar,13
2008,1490,Merritt,Apr,21
2008,1490,Merritt,May,13
2008,1490,Merritt,Jun,7
2008,1490,Merritt,Jul,16
2008,1490,Merritt,Aug,5
2008,1490,Merritt,Sep,11
2008,1490,Merritt,Oct,10
2008,1490,Merritt,Nov,7
2008,1490,Merritt,Dec,14
2008,2110,Hope,Jan,7
2008,2110,Hope,Feb,5
2008,2110,Hope,Mar,10
2008,2110,Hope,Apr,13
2008,2110,Hope,May,10
2008,2110,Hope,Jun,10
2008,2110,Hope,Jul,8
2008,2110,Hope,Aug,11
2008,2110,Hope,Sep,10
2008,2110,Hope,Oct,9
2008,2110,Hope,Nov,5
2008,2110,Hope,Dec,5
2008,2121,South Chilliwack,Jan,38
2008,2121,South Chilliwack,Feb,18
2008,2121,South Chilliwack,Mar,20
2008,2121,South Chilliwack,Apr,23
2008,2121,South Chilliwack,May,21
2008,2121,South Chilliwack,Jun,22
2008,2121,South Chilliwack,Jul,25
2008,2121,South Chilliwack,Aug,24
2008,2121,South Chilliwack,Sep,17
2008,2121,South Chilliwack,Oct,28
2008,2121,South Chilliwack,Nov,21
2008,2121,South Chilliwack,Dec,35
2008,2122,North Chilliwack,Jan,48
2008,2122,North Chilliwack,Feb,46
2008,2122,North Chilliwack,Mar,40
2008,2122,North Chilliwack,Apr,31
2008,2122,North Chilliwack,May,25
2008,2122,North Chilliwack,Jun,33
2008,2122,North Chilliwack,Jul,32
2008,2122,North Chilliwack,Aug,37
2008,2122,North Chilliwack,Sep,28
2008,2122,North Chilliwack,Oct,31
2008,2122,North Chilliwack,Nov,42
2008,2122,North Chilliwack,Dec,44
2008,2131,Central Abbotsford,Jan,33
2008,2131,Central Abbotsford,Feb,30
2008,2131,Central Abbotsford,Mar,33
2008,2131,Central Abbotsford,Apr,31
2008,2131,Central Abbotsford,May,32
2008,2131,Central Abbotsford,Jun,33
2008,2131,Central Abbotsford,Jul,24
2008,2131,Central Abbotsford,Aug,32
2008,2131,Central Abbotsford,Sep,16
2008,2131,Central Abbotsford,Oct,17
2008,2131,Central Abbotsford,Nov,24
2008,2131,Central Abbotsford,Dec,30
2008,2132,East Abbotsford,Jan,11
2008,2132,East Abbotsford,Feb,5
2008,2132,East Abbotsford,Mar,9
2008,2132,East Abbotsford,Apr,10
2008,2132,East Abbotsford,May,5
2008,2132,East Abbotsford,Jun,4
2008,2132,East Abbotsford,Jul,9
2008,2132,East Abbotsford,Aug,10
2008,2132,East Abbotsford,Sep,8
2008,2132,East Abbotsford,Oct,12
2008,2132,East Abbotsford,Nov,8
2008,2132,East Abbotsford,Dec,9
2008,2133,West Abbotsford,Jan,39
2008,2133,West Abbotsford,Feb,31
2008,2133,West Abbotsford,Mar,42
2008,2133,West Abbotsford,Apr,42
2008,2133,West Abbotsford,May,33
2008,2133,West Abbotsford,Jun,44
2008,2133,West Abbotsford,Jul,29
2008,2133,West Abbotsford,Aug,33
2008,2133,West Abbotsford,Sep,38
2008,2133,West Abbotsford,Oct,34
2008,2133,West Abbotsford,Nov,32
2008,2133,West Abbotsford,Dec,36
2008,2134,Abbotsford Rural,Jan,9
2008,2134,Abbotsford Rural,Feb,16
2008,2134,Abbotsford Rural,Mar,10
2008,2134,Abbotsford Rural,Apr,9
2008,2134,Abbotsford Rural,May,12
2008,2134,Abbotsford Rural,Jun,3
2008,2134,Abbotsford Rural,Jul,7
2008,2134,Abbotsford Rural,Aug,5
2008,2134,Abbotsford Rural,Sep,6
2008,2134,Abbotsford Rural,Oct,8
2008,2134,Abbotsford Rural,Nov,10
2008,2134,Abbotsford Rural,Dec,8
2008,2141,South Mission,Jan,21
2008,2141,South Mission,Feb,18
2008,2141,South Mission,Mar,16
2008,2141,South Mission,Apr,20
2008,2141,South Mission,May,25
2008,2141,South Mission,Jun,21
2008,2141,South Mission,Jul,16
2008,2141,South Mission,Aug,13
2008,2141,South Mission,Sep,18
2008,2141,South Mission,Oct,11
2008,2141,South Mission,Nov,18
2008,2141,South Mission,Dec,22
2008,2142,North Mission,Jan,6
2008,2142,North Mission,Feb,5
2008,2142,North Mission,Mar,8
2008,2142,North Mission,Apr,9
2008,2142,North Mission,May,7
2008,2142,North Mission,Jun,10
2008,2142,North Mission,Jul,5
2008,2142,North Mission,Aug,7
2008,2142,North Mission,Sep,5
2008,2142,North Mission,Oct,5
2008,2142,North Mission,Nov,6
2008,2142,North Mission,Dec,7
2008,2150,Agassiz/Harrison,Jan,6
2008,2150,Agassiz/Harrison,Feb,2
2008,2150,Agassiz/Harrison,Mar,6
2008,2150,Agassiz/Harrison,Apr,11
2008,2150,Agassiz/Harrison,May,8
2008,2150,Agassiz/Harrison,Jun,5
2008,2150,Agassiz/Harrison,Jul,4
2008,2150,Agassiz/Harrison,Aug,2
2008,2150,Agassiz/Harrison,Sep,6
2008,2150,Agassiz/Harrison,Oct,6
2008,2150,Agassiz/Harrison,Nov,5
2008,2150,Agassiz/Harrison,Dec,9
2008,2210,New Westminster,Jan,47
2008,2210,New Westminster,Feb,58
2008,2210,New Westminster,Mar,52
2008,2210,New Westminster,Apr,48
2008,2210,New Westminster,May,55
2008,2210,New Westminster,Jun,44
2008,2210,New Westminster,Jul,37
2008,2210,New Westminster,Aug,36
2008,2210,New Westminster,Sep,41
2008,2210,New Westminster,Oct,34
2008,2210,New Westminster,Nov,47
2008,2210,New Westminster,Dec,48
2008,2221,Burnaby Northwest,Jan,23
2008,2221,Burnaby Northwest,Feb,27
2008,2221,Burnaby Northwest,Mar,23
2008,2221,Burnaby Northwest,Apr,23
2008,2221,Burnaby Northwest,May,23
2008,2221,Burnaby Northwest,Jun,18
2008,2221,Burnaby Northwest,Jul,18
2008,2221,Burnaby Northwest,Aug,20
2008,2221,Burnaby Northwest,Sep,18
2008,2221,Burnaby Northwest,Oct,25
2008,2221,Burnaby Northwest,Nov,14
2008,2221,Burnaby Northwest,Dec,24
2008,2222,Burnaby Northeast,Jan,11
2008,2222,Burnaby Northeast,Feb,19
2008,2222,Burnaby Northeast,Mar,17
2008,2222,Burnaby Northeast,Apr,17
2008,2222,Burnaby Northeast,May,14
2008,2222,Burnaby Northeast,Jun,13
2008,2222,Burnaby Northeast,Jul,23
2008,2222,Burnaby Northeast,Aug,15
2008,2222,Burnaby Northeast,Sep,20
2008,2222,Burnaby Northeast,Oct,11
2008,2222,Burnaby Northeast,Nov,12
2008,2222,Burnaby Northeast,Dec,25
2008,2223,Burnaby Southwest,Jan,54
2008,2223,Burnaby Southwest,Feb,50
2008,2223,Burnaby Southwest,Mar,44
2008,2223,Burnaby Southwest,Apr,52
2008,2223,Burnaby Southwest,May,49
2008,2223,Burnaby Southwest,Jun,43
2008,2223,Burnaby Southwest,Jul,45
2008,2223,Burnaby Southwest,Aug,36
2008,2223,Burnaby Southwest,Sep,50
2008,2223,Burnaby Southwest,Oct,37
2008,2223,Burnaby Southwest,Nov,46
2008,2223,Burnaby Southwest,Dec,37
2008,2224,Burnaby Southeast,Jan,26
2008,2224,Burnaby Southeast,Feb,32
2008,2224,Burnaby Southeast,Mar,40
2008,2224,Burnaby Southeast,Apr,39
2008,2224,Burnaby Southeast,May,31
2008,2224,Burnaby Southeast,Jun,30
2008,2224,Burnaby Southeast,Jul,30
2008,2224,Burnaby Southeast,Aug,40
2008,2224,Burnaby Southeast,Sep,34
2008,2224,Burnaby Southeast,Oct,35
2008,2224,Burnaby Southeast,Nov,40
2008,2224,Burnaby Southeast,Dec,36
2008,2231,Haney,Jan,24
2008,2231,Haney,Feb,27
2008,2231,Haney,Mar,25
2008,2231,Haney,Apr,16
2008,2231,Haney,May,20
2008,2231,Haney,Jun,20
2008,2231,Haney,Jul,14
2008,2231,Haney,Aug,19
2008,2231,Haney,Sep,28
2008,2231,Haney,Oct,27
2008,2231,Haney,Nov,19
2008,2231,Haney,Dec,24
2008,2232,Pitt Meadows,Jan,3
2008,2232,Pitt Meadows,Feb,7
2008,2232,Pitt Meadows,Mar,13
2008,2232,Pitt Meadows,Apr,4
2008,2232,Pitt Meadows,May,12
2008,2232,Pitt Meadows,Jun,5
2008,2232,Pitt Meadows,Jul,13
2008,2232,Pitt Meadows,Aug,3
2008,2232,Pitt Meadows,Sep,11
2008,2232,Pitt Meadows,Oct,5
2008,2232,Pitt Meadows,Nov,9
2008,2232,Pitt Meadows,Dec,7
2008,2233,Maple Ridge Rural,Jan,19
2008,2233,Maple Ridge Rural,Feb,18
2008,2233,Maple Ridge Rural,Mar,19
2008,2233,Maple Ridge Rural,Apr,18
2008,2233,Maple Ridge Rural,May,21
2008,2233,Maple Ridge Rural,Jun,17
2008,2233,Maple Ridge Rural,Jul,17
2008,2233,Maple Ridge Rural,Aug,24
2008,2233,Maple Ridge Rural,Sep,19
2008,2233,Maple Ridge Rural,Oct,16
2008,2233,Maple Ridge Rural,Nov,24
2008,2233,Maple Ridge Rural,Dec,20
2008,2241,North Coquitlam,Jan,1
2008,2241,North Coquitlam,Feb,3
2008,2241,North Coquitlam,Mar,7
2008,2241,North Coquitlam,Apr,4
2008,2241,North Coquitlam,May,7
2008,2241,North Coquitlam,Jun,8
2008,2241,North Coquitlam,Jul,2
2008,2241,North Coquitlam,Aug,6
2008,2241,North Coquitlam,Sep,7
2008,2241,North Coquitlam,Oct,4
2008,2241,North Coquitlam,Nov,1
2008,2241,North Coquitlam,Dec,8
2009,1110,Fernie,Jan,9
2009,1110,Fernie,Feb,5
2009,1110,Fernie,Mar,7
2009,1110,Fernie,Apr,8
2009,1110,Fernie,May,9
2009,1110,Fernie,Jun,8
2009,1110,Fernie,Jul,7
2009,1110,Fernie,Aug,11
2009,1110,Fernie,Sep,9
2009,1110,Fernie,Oct,6
2009,1110,Fernie,Nov,8
2009,1110,Fernie,Dec,7
2009,1120,Cranbrook,Jan,20
2009,1120,Cranbrook,Feb,19
2009,1120,Cranbrook,Mar,22
2009,1120,Cranbrook,Apr,19
2009,1120,Cranbrook,May,17
2009,1120,Cranbrook,Jun,19
2009,1120,Cranbrook,Jul,25
2009,1120,Cranbrook,Aug,19
2009,1120,Cranbrook,Sep,15
2009,1120,Cranbrook,Oct,20
2009,1120,Cranbrook,Nov,28
2009,1120,Cranbrook,Dec,14
2009,1130,Kimberley,Jan,8
2009,1130,Kimberley,Feb,5
2009,1130,Kimberley,Mar,12
2009,1130,Kimberley,Apr,9
2009,1130,Kimberley,May,9
2009,1130,Kimberley,Jun,3
2009,1130,Kimberley,Jul,7
2009,1130,Kimberley,Aug,7
2009,1130,Kimberley,Sep,11
2009,1130,Kimberley,Oct,8
2009,1130,Kimberley,Nov,12
2009,1130,Kimberley,Dec,5
2009,1140,Windermere,Jan,2
2009,1140,Windermere,Feb,4
2009,1140,Windermere,Mar,0
2009,1140,Windermere,Apr,2
2009,1140,Windermere,May,6
2009,1140,Windermere,Jun,5
2009,1140,Windermere,Jul,2
2009,1140,Windermere,Aug,6
2009,1140,Windermere,Sep,4
2009,1140,Windermere,Oct,4
2009,1140,Windermere,Nov,6
2009,1140,Windermere,Dec,6
2009,1150,Creston,Jan,15
2009,1150,Creston,Feb,13
2009,1150,Creston,Mar,13
2009,1150,Creston,Apr,9
2009,1150,Creston,May,23
2009,1150,Creston,Jun,13
2009,1150,Creston,Jul,12
2009,1150,Creston,Aug,14
2009,1150,Creston,Sep,16
2009,1150,Creston,Oct,14
2009,1150,Creston,Nov,4
2009,1150,Creston,Dec,15
2009,1160,Golden,Jan,2
2009,1160,Golden,Feb,2
2009,1160,Golden,Mar,2
2009,1160,Golden,Apr,4
2009,1160,Golden,May,4
2009,1160,Golden,Jun,6
2009,1160,Golden,Jul,3
2009,1160,Golden,Aug,1
2009,1160,Golden,Sep,2
2009,1160,Golden,Oct,8
2009,1160,Golden,Nov,3
2009,1160,Golden,Dec,2
2009,1210,Kootenay Lake,Jan,3
2009,1210,Kootenay Lake,Feb,3
2009,1210,Kootenay Lake,Mar,5
2009,1210,Kootenay Lake,Apr,2
2009,1210,Kootenay Lake,May,0
2009,1210,Kootenay Lake,Jun,1
2009,1210,Kootenay Lake,Jul,4
2009,1210,Kootenay Lake,Aug,2
2009,1210,Kootenay Lake,Sep,2
2009,1210,Kootenay Lake,Oct,4
2009,1210,Kootenay Lake,Nov,2
2009,1210,Kootenay Lake,Dec,1
2009,1220,Nelson,Jan,22
2009,1220,Nelson,Feb,15
2009,1220,Nelson,Mar,19
2009,1220,Nelson,Apr,19
2009,1220,Nelson,May,14
2009,1220,Nelson,Jun,12
2009,1220,Nelson,Jul,18
2009,1220,Nelson,Aug,14
2009,1220,Nelson,Sep,15
2009,1220,Nelson,Oct,14
2009,1220,Nelson,Nov,17
2009,1220,Nelson,Dec,11
2009,1230,Castlegar,Jan,9
2009,1230,Castlegar,Feb,7
2009,1230,Castlegar,Mar,9
2009,1230,Castlegar,Apr,10
2009,1230,Castlegar,May,9
2009,1230,Castlegar,Jun,10
2009,1230,Castlegar,Jul,8
2009,1230,Castlegar,Aug,6
2009,1230,Castlegar,Sep,7
2009,1230,Castlegar,Oct,15
2009,1230,Castlegar,Nov,10
2009,1230,Castlegar,Dec,7
2009,1240,Arrow Lakes,Jan,4
2009,1240,Arrow Lakes,Feb,2
2009,1240,Arrow Lakes,Mar,7
2009,1240,Arrow Lakes,Apr,3
2009,1240,Arrow Lakes,May,4
2009,1240,Arrow Lakes,Jun,0
2009,1240,Arrow Lakes,Jul,1
2009,1240,Arrow Lakes,Aug,3
2009,1240,Arrow Lakes,Sep,2
2009,1240,Arrow Lakes,Oct,3
2009,1240,Arrow Lakes,Nov,3
2009,1240,Arrow Lakes,Dec,5
2009,1250,Trail,Jan,16
2009,1250,Trail,Feb,17
2009,1250,Trail,Mar,23
2009,1250,Trail,Apr,24
2009,1250,Trail,May,34
2009,1250,Trail,Jun,12
2009,1250,Trail,Jul,20
2009,1250,Trail,Aug,13
2009,1250,Trail,Sep,13
2009,1250,Trail,Oct,22
2009,1250,Trail,Nov,21
2009,1250,Trail,Dec,17
2009,1260,Grand Forks,Jan,6
2009,1260,Grand Forks,Feb,7
2009,1260,Grand Forks,Mar,18
2009,1260,Grand Forks,Apr,9
2009,1260,Grand Forks,May,6
2009,1260,Grand Forks,Jun,12
2009,1260,Grand Forks,Jul,11
2009,1260,Grand Forks,Aug,8
2009,1260,Grand Forks,Sep,5
2009,1260,Grand Forks,Oct,7
2009,1260,Grand Forks,Nov,10
2009,1260,Grand Forks,Dec,9
2009,1270,Kettle Valley,Jan,3
2009,1270,Kettle Valley,Feb,0
2009,1270,Kettle Valley,Mar,3
2009,1270,Kettle Valley,Apr,0
2009,1270,Kettle Valley,May,5
2009,1270,Kettle Valley,Jun,1
2009,1270,Kettle Valley,Jul,1
2009,1270,Kettle Valley,Aug,3
2009,1270,Kettle Valley,Sep,2
2009,1270,Kettle Valley,Oct,3
2009,1270,Kettle Valley,Nov,0
2009,1270,Kettle Valley,Dec,2
2009,1310,Southern Okanagan,Jan,34
2009,1310,Southern Okanagan,Feb,22
2009,1310,Southern Okanagan,Mar,21
2009,1310,Southern Okanagan,Apr,15
2009,1310,Southern Okanagan,May,15
2009,1310,Southern Okanagan,Jun,15
2009,1310,Southern Okanagan,Jul,19
2009,1310,Southern Okanagan,Aug,29
2009,1310,Southern Okanagan,Sep,23
2009,1310,Southern Okanagan,Oct,31
2009,1310,Southern Okanagan,Nov,17
2009,1310,Southern Okanagan,Dec,22
2009,1320,Penticton,Jan,64
2009,1320,Penticton,Feb,47
2009,1320,Penticton,Mar,52
2009,1320,Penticton,Apr,52
2009,1320,Penticton,May,40
2009,1320,Penticton,Jun,36
2009,1320,Penticton,Jul,45
2009,1320,Penticton,Aug,48
2009,1320,Penticton,Sep,43
2009,1320,Penticton,Oct,47
2009,1320,Penticton,Nov,50
2009,1320,Penticton,Dec,50
2009,1330,Keremeos,Jan,6
2009,1330,Keremeos,Feb,8
2009,1330,Keremeos,Mar,4
2009,1330,Keremeos,Apr,4
2009,1330,Keremeos,May,6
2009,1330,Keremeos,Jun,3
2009,1330,Keremeos,Jul,6
2009,1330,Keremeos,Aug,1
2009,1330,Keremeos,Sep,4
2009,1330,Keremeos,Oct,8
2009,1330,Keremeos,Nov,7
2009,1330,Keremeos,Dec,8
2009,1340,Princeton,Jan,6
2009,1340,Princeton,Feb,4
2009,1340,Princeton,Mar,4
2009,1340,Princeton,Apr,7
2009,1340,Princeton,May,6
2009,1340,Princeton,Jun,6
2009,1340,Princeton,Jul,2
2009,1340,Princeton,Aug,7
2009,1340,Princeton,Sep,5
2009,1340,Princeton,Oct,2
2009,1340,Princeton,Nov,4
2009,1340,Princeton,Dec,6
2009,1350,Armstrong/Spallumcheen,Jan,8
2009,1350,Armstrong/Spallumcheen,Feb,7
2009,1350,Armstrong/Spallumcheen,Mar,6
2009,1350,Armstrong/Spallumcheen,Apr,9
2009,1350,Armstrong/Spallumcheen,May,4
2009,1350,Armstrong/Spallumcheen,Jun,9
2009,1350,Armstrong/Spallumcheen,Jul,3
2009,1350,Armstrong/Spallumcheen,Aug,6
2009,1350,Armstrong/Spallumcheen,Sep,8
2009,1350,Armstrong/Spallumcheen,Oct,6
2009,1350,Armstrong/Spallumcheen,Nov,6
2009,1350,Armstrong/Spallumcheen,Dec,8
2009,1361,Vernon Centre/Coldstream,Jan,47
2009,1361,Vernon Centre/Coldstream,Feb,42
2009,1361,Vernon Centre/Coldstream,Mar,51
2009,1361,Vernon Centre/Coldstream,Apr,36
2009,1361,Vernon Centre/Coldstream,May,44
2009,1361,Vernon Centre/Coldstream,Jun,41
2009,1361,Vernon Centre/Coldstream,Jul,42
2009,1361,Vernon Centre/Coldstream,Aug,45
2009,1361,Vernon Centre/Coldstream,Sep,44
2009,1361,Vernon Centre/Coldstream,Oct,58
2009,1361,Vernon Centre/Coldstream,Nov,47
2009,1361,Vernon Centre/Coldstream,Dec,45
2009,1362,North Okanagan/Lumby,Jan,8
2009,1362,North Okanagan/Lumby,Feb,8
2009,1362,North Okanagan/Lumby,Mar,7
2009,1362,North Okanagan/Lumby,Apr,6
2009,1362,North Okanagan/Lumby,May,7
2009,1362,North Okanagan/Lumby,Jun,7
2009,1362,North Okanagan/Lumby,Jul,8
2009,1362,North Okanagan/Lumby,Aug,1
2009,1362,North Okanagan/Lumby,Sep,8
2009,1362,North Okanagan/Lumby,Oct,6
2009,1362,North Okanagan/Lumby,Nov,5
2009,1362,North Okanagan/Lumby,Dec,7
2009,1371,Central Okanagan Rural,Jan,5
2009,1371,Central Okanagan Rural,Feb,7
2009,1371,Central Okanagan Rural,Mar,8
2009,1371,Central Okanagan Rural,Apr,4
2009,1371,Central Okanagan Rural,May,2
2009,1371,Central Okanagan Rural,Jun,3
2009,1371,Central Okanagan Rural,Jul,2
2009,1371,Central Okanagan Rural,Aug,4
2009,1371,Central Okanagan Rural,Sep,2
2009,1371,Central Okanagan Rural,Oct,2
2009,1371,Central Okanagan Rural,Nov,5
2009,1371,Central Okanagan Rural,Dec,5
2009,1372,West Kelowna,Jan,30
2009,1372,West Kelowna,Feb,33
2009,1372,West Kelowna,Mar,24
2009,1372,West Kelowna,Apr,27
2009,1372,West Kelowna,May,20
2009,1372,West Kelowna,Jun,24
2009,1372,West Kelowna,Jul,26
2009,1372,West Kelowna,Aug,22
2009,1372,West Kelowna,Sep,27
2009,1372,West Kelowna,Oct,19
2009,1372,West Kelowna,Nov,27
2009,1372,West Kelowna,Dec,30
2009,1373,Lake Country,Jan,2
2009,1373,Lake Country,Feb,5
2009,1373,Lake Country,Mar,7
2009,1373,Lake Country,Apr,7
2009,1373,Lake Country,May,5
2009,1373,Lake Country,Jun,9
2009,1373,Lake Country,Jul,6
2009,1373,Lake Country,Aug,8
2009,1373,Lake Country,Sep,2
2009,1373,Lake Country,Oct,5
2009,1373,Lake Country,Nov,3
2009,1373,Lake Country,Dec,8
2009,1374,Glenmore,Jan,18
2009,1374,Glenmore,Feb,11
2009,1374,Glenmore,Mar,19
2009,1374,Glenmore,Apr,10
2009,1374,Glenmore,May,12
2009,1374,Glenmore,Jun,8
2009,1374,Glenmore,Jul,11
2009,1374,Glenmore,Aug,20
2009,1374,Glenmore,Sep,11
2009,1374,Glenmore,Oct,13
2009,1374,Glenmore,Nov,12
2009,1374,Glenmore,Dec,28
2009,1375,Downtown Kelowna,Jan,64
2009,1375,Downtown Kelowna,Feb,42
2009,1375,Downtown Kelowna,Mar,57
2009,1375,Downtown Kelowna,Apr,51
2009,1375,Downtown Kelowna,May,65
2009,1375,Downtown Kelowna,Jun,38
2009,1375,Downtown Kelowna,Jul,43
2009,1375,Downtown Kelowna,Aug,44
2009,1375,Downtown Kelowna,Sep,51
2009,1375,Downtown Kelowna,Oct,55
2009,1375,Downtown Kelowna,Nov,51
2009,1375,Downtown Kelowna,Dec,48
2009,1376,Rutland,Jan,19
2009,1376,Rutland,Feb,20
2009,1376,Rutland,Mar,27
2009,1376,Rutland,Apr,22
2009,1376,Rutland,May,19
2009,1376,Rutland,Jun,14
2009,1376,Rutland,Jul,19
2009,1376,Rutland,Aug,21
2009,1376,Rutland,Sep,23
2009,1376,Rutland,Oct,26
2009,1376,Rutland,Nov,21
2009,1376,Rutland,Dec,19
2009,1377,Okanagan Mission,Jan,3
2009,1377,Okanagan Mission,Feb,10
2009,1377,Okanagan Mission,Mar,10
2009,1377,Okanagan Mission,Apr,7
2009,1377,Okanagan Mission,May,9
2009,1377,Okanagan Mission,Jun,9
2009,1377,Okanagan Mission,Jul,8
2009,1377,Okanagan Mission,Aug,9
2009,1377,Okanagan Mission,Sep,7
2009,1377,Okanagan Mission,Oct,6
2009,1377,Okanagan Mission,Nov,9
2009,1377,Okanagan Mission,Dec,10
2009,1380,Summerland,Jan,11
2009,1380,Summerland,Feb,12
2009,1380,Summerland,Mar,12
2009,1380,Summerland,Apr,15
2009,1380,Summerland,May,10
2009,1380,Summerland,Jun,7
2009,1380,Summerland,Jul,12
2009,1380,Summerland,Aug,12
2009,1380,Summerland,Sep,13
2009,1380,Summerland,Oct,10
2009,1380,Summerland,Nov,9
2009,1380,Summerland,Dec,10
2009,1390,Enderby,Jan,5
2009,1390,Enderby,Feb,10
2009,1390,Enderby,Mar,6
2009,1390,Enderby,Apr,5
2009,1390,Enderby,May,7
2009,1390,Enderby,Jun,7
2009,1390,Enderby,Jul,3
2009,1390,Enderby,Aug,6
2009,1390,Enderby,Sep,7
2009,1390,Enderby,Oct,4
2009,1390,Enderby,Nov,5
2009,1390,Enderby,Dec,5
2009,1410,Revelstoke,Jan,8
2009,1410,Revelstoke,Feb,7
2009,1410,Revelstoke,Mar,5
2009,1410,Revelstoke,Apr,5
2009,1410,Revelstoke,May,1
2009,1410,Revelstoke,Jun,3
2009,1410,Revelstoke,Jul,5
2009,1410,Revelstoke,Aug,7
2009,1410,Revelstoke,Sep,3
2009,1410,Revelstoke,Oct,9
2009,1410,Revelstoke,Nov,4
2009,1410,Revelstoke,Dec,5
2009,1420,Salmon Arm,Jan,35
2009,1420,Salmon Arm,Feb,36
2009,1420,Salmon Arm,Mar,28
2009,1420,Salmon Arm,Apr,35
2009,1420,Salmon Arm,May,25
2009,1420,Salmon Arm,Jun,20
2009,1420,Salmon Arm,Jul,27
2009,1420,Salmon Arm,Aug,35
2009,1420,Salmon Arm,Sep,14
2009,1420,Salmon Arm,Oct,31
2009,1420,Salmon Arm,Nov,32
2009,1420,Salmon Arm,Dec,24
2009,1431,Kamloops Centre North,Jan,34
2009,1431,Kamloops Centre North,Feb,36
2009,1431,Kamloops Centre North,Mar,46
2009,1431,Kamloops Centre North,Apr,35
2009,1431,Kamloops Centre North,May,29
2009,1431,Kamloops Centre North,Jun,26
2009,1431,Kamloops Centre North,Jul,25
2009,1431,Kamloops Centre North,Aug,34
2009,1431,Kamloops Centre North,Sep,25
2009,1431,Kamloops Centre North,Oct,36
2009,1431,Kamloops Centre North,Nov,40
2009,1431,Kamloops Centre North,Dec,46
2009,1432,Kamloops Centre South,Jan,19
2009,1432,Kamloops Centre South,Feb,29
2009,1432,Kamloops Centre South,Mar,32
2009,1432,Kamloops Centre South,Apr,19
2009,1432,Kamloops Centre South,May,24
2009,1432,Kamloops Centre South,Jun,21
2009,1432,Kamloops Centre South,Jul,31
2009,1432,Kamloops Centre South,Aug,25
2009,1432,Kamloops Centre South,Sep,27
2009,1432,Kamloops Centre South,Oct,21
2009,1432,Kamloops Centre South,Nov,24
2009,1432,Kamloops Centre South,Dec,26
2009,1433,Lower Thompson,Jan,18
2009,1433,Lower Thompson,Feb,5
2009,1433,Lower Thompson,Mar,7
2009,1433,Lower Thompson,Apr,7
2009,1433,Lower Thompson,May,11
2009,1433,Lower Thompson,Jun,7
2009,1433,Lower Thompson,Jul,12
2009,1433,Lower Thompson,Aug,17
2009,1433,Lower Thompson,Sep,15
2009,1433,Lower Thompson,Oct,9
2009,1433,Lower Thompson,Nov,12
2009,1433,Lower Thompson,Dec,10
2009,1440,100 Mile House,Jan,17
2009,1440,100 Mile House,Feb,13
2009,1440,100 Mile House,Mar,16
2009,1440,100 Mile House,Apr,8
2009,1440,100 Mile House,May,16
2009,1440,100 Mile House,Jun,10
2009,1440,100 Mile House,Jul,10
2009,1440,100 Mile House,Aug,15
2009,1440,100 Mile House,Sep,11
2009,1440,100 Mile House,Oct,10
2009,1440,100 Mile House,Nov,3
2009,1440,100 Mile House,Dec,13
2009,1450,North Thompson,Jan,2
2009,1450,North Thompson,Feb,1
2009,1450,North Thompson,Mar,2
2009,1450,North Thompson,Apr,2
2009,1450,North Thompson,May,5
2009,1450,North Thompson,Jun,1
2009,1450,North Thompson,Jul,4
2009,1450,North Thompson,Aug,4
2009,1450,North Thompson,Sep,1
2009,1450,North Thompson,Oct,5
2009,1450,North Thompson,Nov,4
2009,1450,North Thompson,Dec,4
2009,1461,West Cariboo,Jan,3
2009,1461,West Cariboo,Feb,2
2009,1461,West Cariboo,Mar,3
2009,1461,West Cariboo,Apr,1
2009,1461,West Cariboo,May,0
2009,1461,West Cariboo,Jun,2
2009,1461,West Cariboo,Jul,2
2009,1461,West Cariboo,Aug,3
2009,1461,West Cariboo,Sep,2
2009,1461,West Cariboo,Oct,4
2009,1461,West Cariboo,Nov,1
2009,1461,West Cariboo,Dec,1
2009,1462,Williams Lake/East Cariboo,Jan,17
2009,1462,Williams Lake/East Cariboo,Feb,18
2009,1462,Williams Lake/East Cariboo,Mar,21
2009,1462,Williams Lake/East Cariboo,Apr,14
2009,1462,Williams Lake/East Cariboo,May,12
2009,1462,Williams Lake/East Cariboo,Jun,16
2009,1462,Williams Lake/East Cariboo,Jul,13
2009,1462,Williams Lake/East Cariboo,Aug,16
2009,1462,Williams Lake/East Cariboo,Sep,18
2009,1462,Williams Lake/East Cariboo,Oct,11
2009,1462,Williams Lake/East Cariboo,Nov,10
2009,1462,Williams Lake/East Cariboo,Dec,16
2009,1470,Lillooet,Jan,10
2009,1470,Lillooet,Feb,4
2009,1470,Lillooet,Mar,2
2009,1470,Lillooet,Apr,4
2009,1470,Lillooet,May,4
2009,1470,Lillooet,Jun,5
2009,1470,Lillooet,Jul,5
2009,1470,Lillooet,Aug,4
2009,1470,Lillooet,Sep,1
2009,1470,Lillooet,Oct,3
2009,1470,Lillooet,Nov,2
2009,1470,Lillooet,Dec,4
2009,1480,South Cariboo,Jan,8
2009,1480,South Cariboo,Feb,7
2009,1480,South Cariboo,Mar,9
2009,1480,South Cariboo,Apr,7
2009,1480,South Cariboo,May,6
2009,1480,South Cariboo,Jun,6
2009,1480,South Cariboo,Jul,9
2009,1480,South Cariboo,Aug,5
2009,1480,South Cariboo,Sep,2
2009,1480,South Cariboo,Oct,6
2009,1480,South Cariboo,Nov,6
2009,1480,South Cariboo,Dec,6
2009,1490,Merritt,Jan,6
2009,1490,Merritt,Feb,9
2009,1490,Merritt,Mar,15
2009,1490,Merritt,Apr,3
2009,1490,Merritt,May,12
2009,1490,Merritt,Jun,8
2009,1490,Merritt,Jul,11
2009,1490,Merritt,Aug,6
2009,1490,Merritt,Sep,8
2009,1490,Merritt,Oct,14
2009,1490,Merritt,Nov,8
2009,1490,Merritt,Dec,2
2009,2110,Hope,Jan,9
2009,2110,Hope,Feb,8
2009,2110,Hope,Mar,13
2009,2110,Hope,Apr,9
2009,2110,Hope,May,8
2009,2110,Hope,Jun,5
2009,2110,Hope,Jul,11
2009,2110,Hope,Aug,14
2009,2110,Hope,Sep,9
2009,2110,Hope,Oct,2
2009,2110,Hope,Nov,5
2009,2110,Hope,Dec,8
2009,2121,South Chilliwack,Jan,16
2009,2121,South Chilliwack,Feb,24
2009,2121,South Chilliwack,Mar,19
2009,2121,South Chilliwack,Apr,18
2009,2121,South Chilliwack,May,23
2009,2121,South Chilliwack,Jun,29
2009,2121,South Chilliwack,Jul,23
2009,2121,South Chilliwack,Aug,20
2009,2121,South Chilliwack,Sep,28
2009,2121,South Chilliwack,Oct,16
2009,2121,South Chilliwack,Nov,20
2009,2121,South Chilliwack,Dec,25
2009,2122,North Chilliwack,Jan,48
2009,2122,North Chilliwack,Feb,41
2009,2122,North Chilliwack,Mar,32
2009,2122,North Chilliwack,Apr,41
2009,2122,North Chilliwack,May,41
2009,2122,North Chilliwack,Jun,37
2009,2122,North Chilliwack,Jul,35
2009,2122,North Chilliwack,Aug,45
2009,2122,North Chilliwack,Sep,41
2009,2122,North Chilliwack,Oct,38
2009,2122,North Chilliwack,Nov,49
2009,2122,North Chilliwack,Dec,33
2009,2131,Central Abbotsford,Jan,31
2009,2131,Central Abbotsford,Feb,28
2009,2131,Central Abbotsford,Mar,27
2009,2131,Central Abbotsford,Apr,24
2009,2131,Central Abbotsford,May,18
2009,2131,Central Abbotsford,Jun,19
2009,2131,Central Abbotsford,Jul,20
2009,2131,Central Abbotsford,Aug,29
2009,2131,Central Abbotsford,Sep,21
2009,2131,Central Abbotsford,Oct,32
2009,2131,Central Abbotsford,Nov,29
2009,2131,Central Abbotsford,Dec,28
2009,2132,East Abbotsford,Jan,8
2009,2132,East Abbotsford,Feb,9
2009,2132,East Abbotsford,Mar,7
2009,2132,East Abbotsford,Apr,7
2009,2132,East Abbotsford,May,13
2009,2132,East Abbotsford,Jun,7
2009,2132,East Abbotsford,Jul,9
2009,2132,East Abbotsford,Aug,7
2009,2132,East Abbotsford,Sep,9
2009,2132,East Abbotsford,Oct,5
2009,2132,East Abbotsford,Nov,5
2009,2132,East Abbotsford,Dec,10
2009,2133,West Abbotsford,Jan,36
2009,2133,West Abbotsford,Feb,30
2009,2133,West Abbotsford,Mar,40
2009,2133,West Abbotsford,Apr,30
2009,2133,West Abbotsford,May,25
2009,2133,West Abbotsford,Jun,33
2009,2133,West Abbotsford,Jul,44
2009,2133,West Abbotsford,Aug,38
2009,2133,West Abbotsford,Sep,25
2009,2133,West Abbotsford,Oct,27
2009,2133,West Abbotsford,Nov,35
2009,2133,West Abbotsford,Dec,26
2009,2134,Abbotsford Rural,Jan,14
2009,2134,Abbotsford Rural,Feb,14
2009,2134,Abbotsford Rural,Mar,10
2009,2134,Abbotsford Rural,Apr,13
2009,2134,Abbotsford Rural,May,8
2009,2134,Abbotsford Rural,Jun,7
2009,2134,Abbotsford Rural,Jul,8
2009,2134,Abbotsford Rural,Aug,9
2009,2134,Abbotsford Rural,Sep,8
2009,2134,Abbotsford Rural,Oct,9
2009,2134,Abbotsford Rural,Nov,13
2009,2134,Abbotsford Rural,Dec,7
2009,2141,South Mission,Jan,14
2009,2141,South Mission,Feb,18
2009,2141,South Mission,Mar,16
2009,2141,South Mission,Apr,11
2009,2141,South Mission,May,25
2009,2141,South Mission,Jun,12
2009,2141,South Mission,Jul,20
2009,2141,South Mission,Aug,20
2009,2141,South Mission,Sep,15
2009,2141,South Mission,Oct,18
2009,2141,South Mission,Nov,11
2009,2141,South Mission,Dec,19
2009,2142,North Mission,Jan,6
2009,2142,North Mission,Feb,6
2009,2142,North Mission,Mar,5
2009,2142,North Mission,Apr,5
2009,2142,North Mission,May,5
2009,2142,North Mission,Jun,1
2009,2142,North Mission,Jul,7
2009,2142,North Mission,Aug,5
2009,2142,North Mission,Sep,5
2009,2142,North Mission,Oct,4
2009,2142,North Mission,Nov,5
2009,2142,North Mission,Dec,8
2009,2150,Agassiz/Harrison,Jan,5
2009,2150,Agassiz/Harrison,Feb,10
2009,2150,Agassiz/Harrison,Mar,5
2009,2150,Agassiz/Harrison,Apr,5
2009,2150,Agassiz/Harrison,May,9
2009,2150,Agassiz/Harrison,Jun,3
2009,2150,Agassiz/Harrison,Jul,13
2009,2150,Agassiz/Harrison,Aug,6
2009,2150,Agassiz/Harrison,Sep,5
2009,2150,Agassiz/Harrison,Oct,5
2009,2150,Agassiz/Harrison,Nov,5
2009,2150,Agassiz/Harrison,Dec,6
2009,2210,New Westminster,Jan,42
2009,2210,New Westminster,Feb,52
2009,2210,New Westminster,Mar,36
2009,2210,New Westminster,Apr,42
2009,2210,New Westminster,May,42
2009,2210,New Westminster,Jun,30
2009,2210,New Westminster,Jul,45
2009,2210,New Westminster,Aug,48
2009,2210,New Westminster,Sep,35
2009,2210,New Westminster,Oct,44
2009,2210,New Westminster,Nov,36
2009,2210,New Westminster,Dec,30
2009,2221,Burnaby Northwest,Jan,19
2009,2221,Burnaby Northwest,Feb,19
2009,2221,Burnaby Northwest,Mar,27
2009,2221,Burnaby Northwest,Apr,22
2009,2221,Burnaby Northwest,May,19
2009,2221,Burnaby Northwest,Jun,20
2009,2221,Burnaby Northwest,Jul,17
2009,2221,Burnaby Northwest,Aug,15
2009,2221,Burnaby Northwest,Sep,15
2009,2221,Burnaby Northwest,Oct,29
2009,2221,Burnaby Northwest,Nov,24
2009,2221,Burnaby Northwest,Dec,26
2009,2222,Burnaby Northeast,Jan,18
2009,2222,Burnaby Northeast,Feb,10
2009,2222,Burnaby Northeast,Mar,14
2009,2222,Burnaby Northeast,Apr,16
2009,2222,Burnaby Northeast,May,12
2009,2222,Burnaby Northeast,Jun,19
2009,2222,Burnaby Northeast,Jul,13
2009,2222,Burnaby Northeast,Aug,13
2009,2222,Burnaby Northeast,Sep,10
2009,2222,Burnaby Northeast,Oct,14
2009,2222,Burnaby Northeast,Nov,10
2009,2222,Burnaby Northeast,Dec,15
2009,2223,Burnaby Southwest,Jan,51
2009,2223,Burnaby Southwest,Feb,42
2009,2223,Burnaby Southwest,Mar,40
2009,2223,Burnaby Southwest,Apr,39
2009,2223,Burnaby Southwest,May,48
2009,2223,Burnaby Southwest,Jun,43
2009,2223,Burnaby Southwest,Jul,48
2009,2223,Burnaby Southwest,Aug,55
2009,2223,Burnaby Southwest,Sep,42
2009,2223,Burnaby Southwest,Oct,47
2009,2223,Burnaby Southwest,Nov,42
2009,2223,Burnaby Southwest,Dec,41
2009,2224,Burnaby Southeast,Jan,36
2009,2224,Burnaby Southeast,Feb,38
2009,2224,Burnaby Southeast,Mar,39
2009,2224,Burnaby Southeast,Apr,36
2009,2224,Burnaby Southeast,May,27
2009,2224,Burnaby Southeast,Jun,27
2009,2224,Burnaby Southeast,Jul,33
2009,2224,Burnaby Southeast,Aug,31
2009,2224,Burnaby Southeast,Sep,27
2009,2224,Burnaby Southeast,Oct,31
2009,2224,Burnaby Southeast,Nov,33
2009,2224,Burnaby Southeast,Dec,32
2009,2231,Haney,Jan,26
2009,2231,Haney,Feb,26
2009,2231,Haney,Mar,23
2009,2231,Haney,Apr,20
2009,2231,Haney,May,20
2009,2231,Haney,Jun,21
2009,2231,Haney,Jul,25
2009,2231,Haney,Aug,27
2009,2231,Haney,Sep,21
2009,2231,Haney,Oct,22
2009,2231,Haney,Nov,23
2009,2231,Haney,Dec,26
2009,2232,Pitt Meadows,Jan,4
2009,2232,Pitt Meadows,Feb,6
2009,2232,Pitt Meadows,Mar,5
2009,2232,Pitt Meadows,Apr,2
2009,2232,Pitt Meadows,May,4
2009,2232,Pitt Meadows,Jun,5
2009,2232,Pitt Meadows,Jul,7
2009,2232,Pitt Meadows,Aug,10
2009,2232,Pitt Meadows,Sep,4
2009,2232,Pitt Meadows,Oct,4
2009,2232,Pitt Meadows,Nov,5
2009,2232,Pitt Meadows,Dec,6
2009,2233,Maple Ridge Rural,Jan,22
2009,2233,Maple Ridge Rural,Feb,25
2009,2233,Maple Ridge Rural,Mar,29
2009,2233,Maple Ridge Rural,Apr,26
2009,2233,Maple Ridge Rural,May,20
2009,2233,Maple Ridge Rural,Jun,15
2009,2233,Maple Ridge Rural,Jul,17
2009,2233,Maple Ridge Rural,Aug,14
2009,2233,Maple Ridge Rural,Sep,27
2009,2233,Maple Ridge Rural,Oct,21
2009,2233,Maple Ridge Rural,Nov,25
2009,2233,Maple Ridge Rural,Dec,15
2009,2241,North Coquitlam,Jan,8
2009,2241,North Coquitlam,Feb,5
2009,2241,North Coquitlam,Mar,9
2009,2241,North Coquitlam,Apr,5
2009,2241,North Coquitlam,May,6
2009,2241,North Coquitlam,Jun,5
2009,2241,North Coquitlam,Jul,6
2009,2241,North Coquitlam,Aug,4
2009,2241,North Coquitlam,Sep,4
2009,2241,North Coquitlam,Oct,6
2009,2241,North Coquitlam,Nov,9
2009,2241,North Coquitlam,Dec,3
2010,1110,Fernie,Jan,3
2010,1110,Fernie,Feb,9
2010,1110,Fernie,Mar,8
2010,1110,Fernie,Apr,3
2010,1110,Fernie,May,5
2010,1110,Fernie,Jun,10
2010,1110,Fernie,Jul,3
2010,1110,Fernie,Aug,2
2010,1110,Fernie,Sep,3
2010,1110,Fernie,Oct,8
2010,1110,Fernie,Nov,12
2010,1110,Fernie,Dec,9
2010,1120,Cranbrook,Jan,18
2010,1120,Cranbrook,Feb,19
2010,1120,Cranbrook,Mar,19
2010,1120,Cranbrook,Apr,21
2010,1120,Cranbrook,May,23
2010,1120,Cranbrook,Jun,16
2010,1120,Cranbrook,Jul,17
2010,1120,Cranbrook,Aug,20
2010,1120,Cranbrook,Sep,16
2010,1120,Cranbrook,Oct,14
2010,1120,Cranbrook,Nov,12
2010,1120,Cranbrook,Dec,21
2010,1130,Kimberley,Jan,6
2010,1130,Kimberley,Feb,4
2010,1130,Kimberley,Mar,6
2010,1130,Kimberley,Apr,10
2010,1130,Kimberley,May,8
2010,1130,Kimberley,Jun,7
2010,1130,Kimberley,Jul,5
2010,1130,Kimberley,Aug,2
2010,1130,Kimberley,Sep,8
2010,1130,Kimberley,Oct,2
2010,1130,Kimberley,Nov,11
2010,1130,Kimberley,Dec,10
2010,1140,Windermere,Jan,3
2010,1140,Windermere,Feb,3
2010,1140,Windermere,Mar,8
2010,1140,Windermere,Apr,6
2010,1140,Windermere,May,8
2010,1140,Windermere,Jun,5
2010,1140,Windermere,Jul,7
2010,1140,Windermere,Aug,7
2010,1140,Windermere,Sep,8
2010,1140,Windermere,Oct,5
2010,1140,Windermere,Nov,3
2010,1140,Windermere,Dec,5
2010,1150,Creston,Jan,15
2010,1150,Creston,Feb,8
2010,1150,Creston,Mar,11
2010,1150,Creston,Apr,13
2010,1150,Creston,May,15
2010,1150,Creston,Jun,10
2010,1150,Creston,Jul,9
2010,1150,Creston,Aug,13
2010,1150,Creston,Sep,19
2010,1150,Creston,Oct,10
2010,1150,Creston,Nov,8
2010,1150,Creston,Dec,15
2010,1160,Golden,Jan,3
2010,1160,Golden,Feb,1
2010,1160,Golden,Mar,3
2010,1160,Golden,Apr,2
2010,1160,Golden,May,5
2010,1160,Golden,Jun,1
2010,1160,Golden,Jul,5
2010,1160,Golden,Aug,5
2010,1160,Golden,Sep,1
2010,1160,Golden,Oct,1
2010,1160,Golden,Nov,3
2010,1160,Golden,Dec,5
2010,1210,Kootenay Lake,Jan,2
2010,1210,Kootenay Lake,Feb,3
2010,1210,Kootenay Lake,Mar,2
2010,1210,Kootenay Lake,Apr,1
2010,1210,Kootenay Lake,May,3
2010,1210,Kootenay Lake,Jun,4
2010,1210,Kootenay Lake,Jul,4
2010,1210,Kootenay Lake,Aug,1
2010,1210,Kootenay Lake,Sep,3
2010,1210,Kootenay Lake,Oct,2
2010,1210,Kootenay Lake,Nov,4
2010,1210,Kootenay Lake,Dec,6
2010,1220,Nelson,Jan,17
2010,1220,Nelson,Feb,17
2010,1220,Nelson,Mar,14
2010,1220,Nelson,Apr,18
2010,1220,Nelson,May,15
2010,1220,Nelson,Jun,17
2010,1220,Nelson,Jul,16
2010,1220,Nelson,Aug,12
2010,1220,Nelson,Sep,10
2010,1220,Nelson,Oct,17
2010,1220,Nelson,Nov,10
2010,1220,Nelson,Dec,16
2010,1230,Castlegar,Jan,10
2010,1230,Castlegar,Feb,6
2010,1230,Castlegar,Mar,12
2010,1230,Castlegar,Apr,8
2010,1230,Castlegar,May,11
2010,1230,Castlegar,Jun,11
2010,1230,Castlegar,Jul,8
2010,1230,Castlegar,Aug,6
2010,1230,Castlegar,Sep,13
2010,1230,Castlegar,Oct,11
2010,1230,Castlegar,Nov,11
2010,1230,Castlegar,Dec,9
2010,1240,Arrow Lakes,Jan,4
2010,1240,Arrow Lakes,Feb,3
2010,1240,Arrow Lakes,Mar,3
2010,1240,Arrow Lakes,Apr,5
2010,1240,Arrow Lakes,May,4
2010,1240,Arrow Lakes,Jun,5
2010,1240,Arrow Lakes,Jul,2
2010,1240,Arrow Lakes,Aug,2
2010,1240,Arrow Lakes,Sep,5
2010,1240,Arrow Lakes,Oct,5
2010,1240,Arrow Lakes,Nov,2
2010,1240,Arrow Lakes,Dec,4
2010,1250,Trail,Jan,27
2010,1250,Trail,Feb,18
2010,1250,Trail,Mar,24
2010,1250,Trail,Apr,13
2010,1250,Trail,May,20
2010,1250,Trail,Jun,18
2010,1250,Trail,Jul,25
2010,1250,Trail,Aug,20
2010,1250,Trail,Sep,31
2010,1250,Trail,Oct,24
2010,1250,Trail,Nov,16
2010,1250,Trail,Dec,16
2010,1260,Grand Forks,Jan,8
2010,1260,Grand Forks,Feb,6
2010,1260,Grand Forks,Mar,12
2010,1260,Grand Forks,Apr,10
2010,1260,Grand Forks,May,9
2010,1260,Grand Forks,Jun,11
2010,1260,Grand Forks,Jul,13
2010,1260,Grand Forks,Aug,9
2010,1260,Grand Forks,Sep,10
2010,1260,Grand Forks,Oct,8
2010,1260,Grand Forks,Nov,8
2010,1260,Grand Forks,Dec,14
2010,1270,Kettle Valley,Jan,0
2010,1270,Kettle Valley,Feb,1
2010,1270,Kettle Valley,Mar,1
2010,1270,Kettle Valley,Apr,3
2010,1270,Kettle Valley,May,2
2010,1270,Kettle Valley,Jun,1
2010,1270,Kettle Valley,Jul,2
2010,1270,Kettle Valley,Aug,2
2010,1270,Kettle Valley,Sep,6
2010,1270,Kettle Valley,Oct,2
2010,1270,Kettle Valley,Nov,4
2010,1270,Kettle Valley,Dec,4
2010,1310,Southern Okanagan,Jan,23
2010,1310,Southern Okanagan,Feb,24
2010,1310,Southern Okanagan,Mar,22
2010,1310,Southern Okanagan,Apr,21
2010,1310,Southern Okanagan,May,20
2010,1310,Southern Okanagan,Jun,18
2010,1310,Southern Okanagan,Jul,24
2010,1310,Southern Okanagan,Aug,22
2010,1310,Southern Okanagan,Sep,13
2010,1310,Southern Okanagan,Oct,18
2010,1310,Southern Okanagan,Nov,16
2010,1310,Southern Okanagan,Dec,17
2010,1320,Penticton,Jan,39
2010,1320,Penticton,Feb,41
2010,1320,Penticton,Mar,41
2010,1320,Penticton,Apr,40
2010,1320,Penticton,May,45
2010,1320,Penticton,Jun,41
2010,1320,Penticton,Jul,43
2010,1320,Penticton,Aug,37
2010,1320,Penticton,Sep,39
2010,1320,Penticton,Oct,38
2010,1320,Penticton,Nov,38
2010,1320,Penticton,Dec,54
2010,1330,Keremeos,Jan,8
2010,1330,Keremeos,Feb,8
2010,1330,Keremeos,Mar,7
2010,1330,Keremeos,Apr,3
2010,1330,Keremeos,May,5
2010,1330,Keremeos,Jun,7
2010,1330,Keremeos,Jul,6
2010,1330,Keremeos,Aug,6
2010,1330,Keremeos,Sep,6
2010,1330,Keremeos,Oct,2
2010,1330,Keremeos,Nov,2
2010,1330,Keremeos,Dec,9
2010,1340,Princeton,Jan,6
2010,1340,Princeton,Feb,5
2010,1340,Princeton,Mar,5
2010,1340,Princeton,Apr,5
2010,1340,Princeton,May,8
2010,1340,Princeton,Jun,4
2010,1340,Princeton,Jul,6
2010,1340,Princeton,Aug,6
2010,1340,Princeton,Sep,4
2010,1340,Princeton,Oct,5
2010,1340,Princeton,Nov,6
2010,1340,Princeton,Dec,5
2010,1350,Armstrong/Spallumcheen,Jan,6
2010,1350,Armstrong/Spallumcheen,Feb,7
2010,1350,Armstrong/Spallumcheen,Mar,8
2010,1350,Armstrong/Spallumcheen,Apr,10
2010,1350,Armstrong/Spallumcheen,May,6
2010,1350,Armstrong/Spallumcheen,Jun,5
2010,1350,Armstrong/Spallumcheen,Jul,11
2010,1350,Armstrong/Spallumcheen,Aug,5
2010,1350,Armstrong/Spallumcheen,Sep,9
2010,1350,Armstrong/Spallumcheen,Oct,12
2010,1350,Armstrong/Spallumcheen,Nov,6
2010,1350,Armstrong/Spallumcheen,Dec,8
2010,1361,Vernon Centre/Coldstream,Jan,45
2010,1361,Vernon Centre/Coldstream,Feb,36
2010,1361,Vernon Centre/Coldstream,Mar,29
2010,1361,Vernon Centre/Coldstream,Apr,56
2010,1361,Vernon Centre/Coldstream,May,50
2010,1361,Vernon Centre/Coldstream,Jun,47
2010,1361,Vernon Centre/Coldstream,Jul,54
2010,1361,Vernon Centre/Coldstream,Aug,46
2010,1361,Vernon Centre/Coldstream,Sep,27
2010,1361,Vernon Centre/Coldstream,Oct,36
2010,1361,Vernon Centre/Coldstream,Nov,48
2010,1361,Vernon Centre/Coldstream,Dec,54
2010,1362,North Okanagan/Lumby,Jan,12
2010,1362,North Okanagan/Lumby,Feb,10
2010,1362,North Okanagan/Lumby,Mar,9
2010,1362,North Okanagan/Lumby,Apr,1
2010,1362,North Okanagan/Lumby,May,9
2010,1362,North Okanagan/Lumby,Jun,7
2010,1362,North Okanagan/Lumby,Jul,5
2010,1362,North Okanagan/Lumby,Aug,7
2010,1362,North Okanagan/Lumby,Sep,8
2010,1362,North Okanagan/Lumby,Oct,10
2010,1362,North Okanagan/Lumby,Nov,6
2010,1362,North Okanagan/Lumby,Dec,9
2010,1371,Central Okanagan Rural,Jan,4
2010,1371,Central Okanagan Rural,Feb,4
2010,1371,Central Okanagan Rural,Mar,7
2010,1371,Central Okanagan Rural,Apr,4
2010,1371,Central Okanagan Rural,May,4
2010,1371,Central Okanagan Rural,Jun,6
2010,1371,Central Okanagan Rural,Jul,5
2010,1371,Central Okanagan Rural,Aug,3
2010,1371,Central Okanagan Rural,Sep,4
2010,1371,Central Okanagan Rural,Oct,3
2010,1371,Central Okanagan Rural,Nov,8
2010,1371,Central Okanagan Rural,Dec,8
2010,1372,West Kelowna,Jan,24
2010,1372,West Kelowna,Feb,31
2010,1372,West Kelowna,Mar,32
2010,1372,West Kelowna,Apr,20
2010,1372,West Kelowna,May,25
2010,1372,West Kelowna,Jun,22
2010,1372,West Kelowna,Jul,20
2010,1372,West Kelowna,Aug,31
2010,1372,West Kelowna,Sep,25
2010,1372,West Kelowna,Oct,21
2010,1372,West Kelowna,Nov,26
2010,1372,West Kelowna,Dec,26
2010,1373,Lake Country,Jan,8
2010,1373,Lake Country,Feb,4
2010,1373,Lake Country,Mar,9
2010,1373,Lake Country,Apr,3
2010,1373,Lake Country,May,2
2010,1373,Lake Country,Jun,7
2010,1373,Lake Country,Jul,7
2010,1373,Lake Country,Aug,9
2010,1373,Lake Country,Sep,4
2010,1373,Lake Country,Oct,6
2010,1373,Lake Country,Nov,4
2010,1373,Lake Country,Dec,6
2010,1374,Glenmore,Jan,12
2010,1374,Glenmore,Feb,12
2010,1374,Glenmore,Mar,12
2010,1374,Glenmore,Apr,9
2010,1374,Glenmore,May,14
2010,1374,Glenmore,Jun,19
2010,1374,Glenmore,Jul,13
2010,1374,Glenmore,Aug,19
2010,1374,Glenmore,Sep,9
2010,1374,Glenmore,Oct,15
2010,1374,Glenmore,Nov,20
2010,1374,Glenmore,Dec,16
2010,1375,Downtown Kelowna,Jan,49
2010,1375,Downtown Kelowna,Feb,52
2010,1375,Downtown Kelowna,Mar,46
2010,1375,Downtown Kelowna,Apr,51
2010,1375,Downtown Kelowna,May,44
2010,1375,Downtown Kelowna,Jun,49
2010,1375,Downtown Kelowna,Jul,55
2010,1375,Downtown Kelowna,Aug,44
2010,1375,Downtown Kelowna,Sep,44
2010,1375,Downtown Kelowna,Oct,49
2010,1375,Downtown Kelowna,Nov,39
2010,1375,Downtown Kelowna,Dec,48
2010,1376,Rutland,Jan,16
2010,1376,Rutland,Feb,15
2010,1376,Rutland,Mar,21
2010,1376,Rutland,Apr,17
2010,1376,Rutland,May,25
2010,1376,Rutland,Jun,20
2010,1376,Rutland,Jul,18
2010,1376,Rutland,Aug,30
2010,1376,Rutland,Sep,19
2010,1376,Rutland,Oct,19
2010,1376,Rutland,Nov,27
2010,1376,Rutland,Dec,27
2010,1377,Okanagan Mission,Jan,11
2010,1377,Okanagan Mission,Feb,2
2010,1377,Okanagan Mission,Mar,5
2010,1377,Okanagan Mission,Apr,10
2010,1377,Okanagan Mission,May,11
2010,1377,Okanagan Mission,Jun,9
2010,1377,Okanagan Mission,Jul,11
2010,1377,Okanagan Mission,Aug,7
2010,1377,Okanagan Mission,Sep,9
2010,1377,Okanagan Mission,Oct,10
2010,1377,Okanagan Mission,Nov,5
2010,1377,Okanagan Mission,Dec,11
2010,1380,Summerland,Jan,11
2010,1380,Summerland,Feb,12
2010,1380,Summerland,Mar,15
2010,1380,Summerland,Apr,8
2010,1380,Summerland,May,13
2010,1380,Summerland,Jun,8
2010,1380,Summerland,Jul,14
2010,1380,Summerland,Aug,8
2010,1380,Summerland,Sep,9
2010,1380,Summerland,Oct,11
2010,1380,Summerland,Nov,11
2010,1380,Summerland,Dec,11
2010,1390,Enderby,Jan,8
2010,1390,Enderby,Feb,8
2010,1390,Enderby,Mar,6
2010,1390,Enderby,Apr,3
2010,1390,Enderby,May,4
2010,1390,Enderby,Jun,6
2010,1390,Enderby,Jul,6
2010,1390,Enderby,Aug,10
2010,1390,Enderby,Sep,8
2010,1390,Enderby,Oct,8
2010,1390,Enderby,Nov,6
2010,1390,Enderby,Dec,8
2010,1410,Revelstoke,Jan,7
2010,1410,Revelstoke,Feb,5
2010,1410,Revelstoke,Mar,7
2010,1410,Revelstoke,Apr,0
2010,1410,Revelstoke,May,6
2010,1410,Revelstoke,Jun,3
2010,1410,Revelstoke,Jul,4
2010,1410,Revelstoke,Aug,3
2010,1410,Revelstoke,Sep,2
2010,1410,Revelstoke,Oct,4
2010,1410,Revelstoke,Nov,5
2010,1410,Revelstoke,Dec,5
2010,1420,Salmon Arm,Jan,44
2010,1420,Salmon Arm,Feb,28
2010,1420,Salmon Arm,Mar,20
2010,1420,Salmon Arm,Apr,26
2010,1420,Salmon Arm,May,21
2010,1420,Salmon Arm,Jun,39
2010,1420,Salmon Arm,Jul,28
2010,1420,Salmon Arm,Aug,39
2010,1420,Salmon Arm,Sep,29
2010,1420,Salmon Arm,Oct,40
2010,1420,Salmon Arm,Nov,31
2010,1420,Salmon Arm,Dec,26
2010,1431,Kamloops Centre North,Jan,32
2010,1431,Kamloops Centre North,Feb,30
2010,1431,Kamloops Centre North,Mar,34
2010,1431,Kamloops Centre North,Apr,26
2010,1431,Kamloops Centre North,May,34
2010,1431,Kamloops Centre North,Jun,28
2010,1431,Kamloops Centre North,Jul,27
2010,1431,Kamloops Centre North,Aug,25
2010,1431,Kamloops Centre North,Sep,34
2010,1431,Kamloops Centre North,Oct,28
2010,1431,Kamloops Centre North,Nov,36
2010,1431,Kamloops Centre North,Dec,44
2010,1432,Kamloops Centre South,Jan,23
2010,1432,Kamloops Centre South,Feb,20
2010,1432,Kamloops Centre South,Mar,21
2010,1432,Kamloops Centre South,Apr,23
2010,1432,Kamloops Centre South,May,23
2010,1432,Kamloops Centre South,Jun,25
2010,1432,Kamloops Centre South,Jul,22
2010,1432,Kamloops Centre South,Aug,29
2010,1432,Kamloops Centre South,Sep,29
2010,1432,Kamloops Centre South,Oct,23
2010,1432,Kamloops Centre South,Nov,25
2010,1432,Kamloops Centre South,Dec,35
2010,1433,Lower Thompson,Jan,11
2010,1433,Lower Thompson,Feb,9
2010,1433,Lower Thompson,Mar,15
2010,1433,Lower Thompson,Apr,23
2010,1433,Lower Thompson,May,10
2010,1433,Lower Thompson,Jun,11
2010,1433,Lower Thompson,Jul,10
2010,1433,Lower Thompson,Aug,9
2010,1433,Lower Thompson,Sep,11
2010,1433,Lower Thompson,Oct,15
2010,1433,Lower Thompson,Nov,14
2010,1433,Lower Thompson,Dec,16
2010,1440,100 Mile House,Jan,8
2010,1440,100 Mile House,Feb,14
2010,1440,100 Mile House,Mar,5
2010,1440,100 Mile House,Apr,9
2010,1440,100 Mile House,May,14
2010,1440,100 Mile House,Jun,12
2010,1440,100 Mile House,Jul,7
2010,1440,100 Mile House,Aug,9
2010,1440,100 Mile House,Sep,10
2010,1440,100 Mile House,Oct,13
2010,1440,100 Mile House,Nov,13
2010,1440,100 Mile House,Dec,11
2010,1450,North Thompson,Jan,3
2010,1450,North Thompson,Feb,3
2010,1450,North Thompson,Mar,4
2010,1450,North Thompson,Apr,4
2010,1450,North Thompson,May,0
2010,1450,North Thompson,Jun,6
2010,1450,North Thompson,Jul,4
2010,1450,North Thompson,Aug,6
2010,1450,North Thompson,Sep,6
2010,1450,North Thompson,Oct,1
2010,1450,North Thompson,Nov,1
2010,1450,North Thompson,Dec,2
2010,1461,West Cariboo,Jan,1
2010,1461,West Cariboo,Feb,1
2010,1461,West Cariboo,Mar,5
2010,1461,West Cariboo,Apr,1
2010,1461,West Cariboo,May,1
2010,1461,West Cariboo,Jun,2
2010,1461,West Cariboo,Jul,4
2010,1461,West Cariboo,Aug,4
2010,1461,West Cariboo,Sep,2
2010,1461,West Cariboo,Oct,3
2010,1461,West Cariboo,Nov,1
2010,1461,West Cariboo,Dec,0
2010,1462,Williams Lake/East Cariboo,Jan,13
2010,1462,Williams Lake/East Cariboo,Feb,11
2010,1462,Williams Lake/East Cariboo,Mar,12
2010,1462,Williams Lake/East Cariboo,Apr,14
2010,1462,Williams Lake/East Cariboo,May,17
2010,1462,Williams Lake/East Cariboo,Jun,13
2010,1462,Williams Lake/East Cariboo,Jul,10
2010,1462,Williams Lake/East Cariboo,Aug,15
2010,1462,Williams Lake/East Cariboo,Sep,16
2010,1462,Williams Lake/East Cariboo,Oct,12
2010,1462,Williams Lake/East Cariboo,Nov,17
2010,1462,Williams Lake/East Cariboo,Dec,22
2010,1470,Lillooet,Jan,3
2010,1470,Lillooet,Feb,3
2010,1470,Lillooet,Mar,4
2010,1470,Lillooet,Apr,4
2010,1470,Lillooet,May,0
2010,1470,Lillooet,Jun,3
2010,1470,Lillooet,Jul,3
2010,1470,Lillooet,Aug,2
2010,1470,Lillooet,Sep,1
2010,1470,Lillooet,Oct,4
2010,1470,Lillooet,Nov,4
2010,1470,Lillooet,Dec,1
2010,1480,South Cariboo,Jan,7
2010,1480,South Cariboo,Feb,5
2010,1480,South Cariboo,Mar,4
2010,1480,South Cariboo,Apr,8
2010,1480,South Cariboo,May,5
2010,1480,South Cariboo,Jun,10
2010,1480,South Cariboo,Jul,8
2010,1480,South Cariboo,Aug,6
2010,1480,South Cariboo,Sep,3
2010,1480,South Cariboo,Oct,5
2010,1480,South Cariboo,Nov,9
2010,1480,South Cariboo,Dec,1
2010,1490,Merritt,Jan,9
2010,1490,Merritt,Feb,5
2010,1490,Merritt,Mar,12
2010,1490,Merritt,Apr,10
2010,1490,Merritt,May,19
2010,1490,Merritt,Jun,12
2010,1490,Merritt,Jul,11
2010,1490,Merritt,Aug,4
2010,1490,Merritt,Sep,7
2010,1490,Merritt,Oct,11
2010,1490,Merritt,Nov,7
2010,1490,Merritt,Dec,9
2010,2110,Hope,Jan,7
2010,2110,Hope,Feb,7
2010,2110,Hope,Mar,9
2010,2110,Hope,Apr,9
2010,2110,Hope,May,19
2010,2110,Hope,Jun,3
2010,2110,Hope,Jul,13
2010,2110,Hope,Aug,12
2010,2110,Hope,Sep,4
2010,2110,Hope,Oct,10
2010,2110,Hope,Nov,7
2010,2110,Hope,Dec,10
2010,2121,South Chilliwack,Jan,23
2010,2121,South Chilliwack,Feb,25
2010,2121,South Chilliwack,Mar,19
2010,2121,South Chilliwack,Apr,18
2010,2121,South Chilliwack,May,21
2010,2121,South Chilliwack,Jun,11
2010,2121,South Chilliwack,Jul,26
2010,2121,South Chilliwack,Aug,19
2010,2121,South Chilliwack,Sep,26
2010,2121,South Chilliwack,Oct,24
2010,2121,South Chilliwack,Nov,24
2010,2121,South Chilliwack,Dec,27
2010,2122,North Chilliwack,Jan,41
2010,2122,North Chilliwack,Feb,44
2010,2122,North Chilliwack,Mar,49
2010,2122,North Chilliwack,Apr,33
2010,2122,North Chilliwack,May,34
2010,2122,North Chilliwack,Jun,30
2010,2122,North Chilliwack,Jul,35
2010,2122,North Chilliwack,Aug,26
2010,2122,North Chilliwack,Sep,26
2010,2122,North Chilliwack,Oct,23
2010,2122,North Chilliwack,Nov,39
2010,2122,North Chilliwack,Dec,37
2010,2131,Central Abbotsford,Jan,27
2010,2131,Central Abbotsford,Feb,28
2010,2131,Central Abbotsford,Mar,40
2010,2131,Central Abbotsford,Apr,30
2010,2131,Central Abbotsford,May,26
2010,2131,Central Abbotsford,Jun,32
2010,2131,Central Abbotsford,Jul,20
2010,2131,Central Abbotsford,Aug,29
2010,2131,Central Abbotsford,Sep,18
2010,2131,Central Abbotsford,Oct,23
2010,2131,Central Abbotsford,Nov,27
2010,2131,Central Abbotsford,Dec,41
2010,2132,East Abbotsford,Jan,10
2010,2132,East Abbotsford,Feb,9
2010,2132,East Abbotsford,Mar,8
2010,2132,East Abbotsford,Apr,14
2010,2132,East Abbotsford,May,7
2010,2132,East Abbotsford,Jun,11
2010,2132,East Abbotsford,Jul,10
2010,2132,East Abbotsford,Aug,10
2010,2132,East Abbotsford,Sep,5
2010,2132,East Abbotsford,Oct,6
2010,2132,East Abbotsford,Nov,8
2010,2132,East Abbotsford,Dec,10
2010,2133,West Abbotsford,Jan,24
2010,2133,West Abbotsford,Feb,25
2010,2133,West Abbotsford,Mar,31
2010,2133,West Abbotsford,Apr,31
2010,2133,West Abbotsford,May,35
2010,2133,West Abbotsford,Jun,27
2010,2133,West Abbotsford,Jul,28
2010,2133,West Abbotsford,Aug,29
2010,2133,West Abbotsford,Sep,26
2010,2133,West Abbotsford,Oct,28
2010,2133,West Abbotsford,Nov,27
2010,2133,West Abbotsford,Dec,30
2010,2134,Abbotsford Rural,Jan,12
2010,2134,Abbotsford Rural,Feb,5
2010,2134,Abbotsford Rural,Mar,10
2010,2134,Abbotsford Rural,Apr,15
2010,2134,Abbotsford Rural,May,13
2010,2134,Abbotsford Rural,Jun,9
2010,2134,Abbotsford Rural,Jul,11
2010,2134,Abbotsford Rural,Aug,13
2010,2134,Abbotsford Rural,Sep,5
2010,2134,Abbotsford Rural,Oct,12
2010,2134,Abbotsford Rural,Nov,6
2010,2134,Abbotsford Rural,Dec,16
2010,2141,South Mission,Jan,17
2010,2141,South Mission,Feb,12
2010,2141,South Mission,Mar,18
2010,2141,South Mission,Apr,21
2010,2141,South Mission,May,12
2010,2141,South Mission,Jun,19
2010,2141,South Mission,Jul,13
2010,2141,South Mission,Aug,15
2010,2141,South Mission,Sep,19
2010,2141,South Mission,Oct,19
2010,2141,South Mission,Nov,15
2010,2141,South Mission,Dec,10
2010,2142,North Mission,Jan,3
2010,2142,North Mission,Feb,7
2010,2142,North Mission,Mar,5
2010,2142,North Mission,Apr,5
2010,2142,North Mission,May,5
2010,2142,North Mission,Jun,5
2010,2142,North Mission,Jul,6
2010,2142,North Mission,Aug,2
2010,2142,North Mission,Sep,6
2010,2142,North Mission,Oct,10
2010,2142,North Mission,Nov,9
2010,2142,North Mission,Dec,10
2010,2150,Agassiz/Harrison,Jan,14
2010,2150,Agassiz/Harrison,Feb,4
2010,2150,Agassiz/Harrison,Mar,6
2010,2150,Agassiz/Harrison,Apr,6
2010,2150,Agassiz/Harrison,May,8
2010,2150,Agassiz/Harrison,Jun,6
2010,2150,Agassiz/Harrison,Jul,4
2010,2150,Agassiz/Harrison,Aug,9
2010,2150,Agassiz/Harrison,Sep,3
2010,2150,Agassiz/Harrison,Oct,2
2010,2150,Agassiz/Harrison,Nov,6
2010,2150,Agassiz/Harrison,Dec,5
2010,2210,New Westminster,Jan,58
2010,2210,New Westminster,Feb,39
2010,2210,New Westminster,Mar,33
2010,2210,New Westminster,Apr,48
2010,2210,New Westminster,May,35
2010,2210,New Westminster,Jun,37
2010,2210,New Westminster,Jul,43
2010,2210,New Westminster,Aug,39
2010,2210,New Westminster,Sep,30
2010,2210,New Westminster,Oct,46
2010,2210,New Westminster,Nov,44
2010,2210,New Westminster,Dec,37
2010,2221,Burnaby Northwest,Jan,19
2010,2221,Burnaby Northwest,Feb,17
2010,2221,Burnaby Northwest,Mar,28
2010,2221,Burnaby Northwest,Apr,18
2010,2221,Burnaby Northwest,May,18
2010,2221,Burnaby Northwest,Jun,14
2010,2221,Burnaby Northwest,Jul,21
2010,2221,Burnaby Northwest,Aug,16
2010,2221,Burnaby Northwest,Sep,20
2010,2221,Burnaby Northwest,Oct,23
2010,2221,Burnaby Northwest,Nov,18
2010,2221,Burnaby Northwest,Dec,23
2010,2222,Burnaby Northeast,Jan,25
2010,2222,Burnaby Northeast,Feb,12
2010,2222,Burnaby Northeast,Mar,18
2010,2222,Burnaby Northeast,Apr,10
2010,2222,Burnaby Northeast,May,22
2010,2222,Burnaby Northeast,Jun,20
2010,2222,Burnaby Northeast,Jul,14
2010,2222,Burnaby Northeast,Aug,14
2010,2222,Burnaby Northeast,Sep,11
2010,2222,Burnaby Northeast,Oct,15
2010,2222,Burnaby Northeast,Nov,18
2010,2222,Burnaby Northeast,Dec,18
2010,2223,Burnaby Southwest,Jan,37
2010,2223,Burnaby Southwest,Feb,48
2010,2223,Burnaby Southwest,Mar,46
2010,2223,Burnaby Southwest,Apr,46
2010,2223,Burnaby Southwest,May,45
2010,2223,Burnaby Southwest,Jun,39
2010,2223,Burnaby Southwest,Jul,36
2010,2223,Burnaby Southwest,Aug,42
2010,2223,Burnaby Southwest,Sep,41
2010,2223,Burnaby Southwest,Oct,46
2010,2223,Burnaby Southwest,Nov,34
2010,2223,Burnaby Southwest,Dec,36
2010,2224,Burnaby Southeast,Jan,39
2010,2224,Burnaby Southeast,Feb,30
2010,2224,Burnaby Southeast,Mar,33
2010,2224,Burnaby Southeast,Apr,25
2010,2224,Burnaby Southeast,May,35
2010,2224,Burnaby Southeast,Jun,34
2010,2224,Burnaby Southeast,Jul,36
2010,2224,Burnaby Southeast,Aug,36
2010,2224,Burnaby Southeast,Sep,30
2010,2224,Burnaby Southeast,Oct,33
2010,2224,Burnaby Southeast,Nov,25
2010,2224,Burnaby Southeast,Dec,37
2010,2231,Haney,Jan,29
2010,2231,Haney,Feb,12
2010,2231,Haney,Mar,30
2010,2231,Haney,Apr,33
2010,2231,Haney,May,20
2010,2231,Haney,Jun,22
2010,2231,Haney,Jul,21
2010,2231,Haney,Aug,17
2010,2231,Haney,Sep,30
2010,2231,Haney,Oct,24
2010,2231,Haney,Nov,25
2010,2231,Haney,Dec,28
2010,2232,Pitt Meadows,Jan,8
2010,2232,Pitt Meadows,Feb,7
2010,2232,Pitt Meadows,Mar,9
2010,2232,Pitt Meadows,Apr,11
2010,2232,Pitt Meadows,May,6
2010,2232,Pitt Meadows,Jun,8
2010,2232,Pitt Meadows,Jul,6
2010,2232,Pitt Meadows,Aug,7
2010,2232,Pitt Meadows,Sep,9
2010,2232,Pitt Meadows,Oct,9
2010,2232,Pitt Meadows,Nov,9
2010,2232,Pitt Meadows,Dec,9
2010,2233,Maple Ridge Rural,Jan,19
2010,2233,Maple Ridge Rural,Feb,17
2010,2233,Maple Ridge Rural,Mar,25
2010,2233,Maple Ridge Rural,Apr,29
2010,2233,Maple Ridge Rural,May,25
2010,2233,Maple Ridge Rural,Jun,15
2010,2233,Maple Ridge Rural,Jul,18
2010,2233,Maple Ridge Rural,Aug,14
2010,2233,Maple Ridge Rural,Sep,27
2010,2233,Maple Ridge Rural,Oct,19
2010,2233,Maple Ridge Rural,Nov,29
2010,2233,Maple Ridge Rural,Dec,23
2010,2241,North Coquitlam,Jan,4
2010,2241,North Coquitlam,Feb,8
2010,2241,North Coquitlam,Mar,7
2010,2241,North Coquitlam,Apr,3
2010,2241,North Coquitlam,May,5
2010,2241,North Coquitlam,Jun,5
2010,2241,North Coquitlam,Jul,4
2010,2241,North Coquitlam,Aug,2
2010,2241,North Coquitlam,Sep,1
2010,2241,North Coquitlam,Oct,4
2010,2241,North Coquitlam,Nov,8
2010,2241,North Coquitlam,Dec,9
2011,1110,Fernie,Jan,8
2011,1110,Fernie,Feb,5
2011,1110,Fernie,Mar,10
2011,1110,Fernie,Apr,9
2011,1110,Fernie,May,8
2011,1110,Fernie,Jun,7
2011,1110,Fernie,Jul,8
2011,1110,Fernie,Aug,11
2011,1110,Fernie,Sep,7
2011,1110,Fernie,Oct,11
2011,1110,Fernie,Nov,6
2011,1110,Fernie,Dec,5
2011,1120,Cranbrook,Jan,17
2011,1120,Cranbrook,Feb,12
2011,1120,Cranbrook,Mar,20
2011,1120,Cranbrook,Apr,21
2011,1120,Cranbrook,May,12
2011,1120,Cranbrook,Jun,16
2011,1120,Cranbrook,Jul,15
2011,1120,Cranbrook,Aug,21
2011,1120,Cranbrook,Sep,16
2011,1120,Cranbrook,Oct,12
2011,1120,Cranbrook,Nov,24
2011,1120,Cranbrook,Dec,14
2011,1130,Kimberley,Jan,9
2011,1130,Kimberley,Feb,4
2011,1130,Kimberley,Mar,9
2011,1130,Kimberley,Apr,3
2011,1130,Kimberley,May,3
2011,1130,Kimberley,Jun,9
2011,1130,Kimberley,Jul,9
2011,1130,Kimberley,Aug,7
2011,1130,Kimberley,Sep,9
2011,1130,Kimberley,Oct,4
2011,1130,Kimberley,Nov,7
2011,1130,Kimberley,Dec,9
2011,1140,Windermere,Jan,14
2011,1140,Windermere,Feb,3
2011,1140,Windermere,Mar,5
2011,1140,Windermere,Apr,6
2011,1140,Windermere,May,3
2011,1140,Windermere,Jun,10
2011,1140,Windermere,Jul,6
2011,1140,Windermere,Aug,4
2011,1140,Windermere,Sep,6
2011,1140,Windermere,Oct,5
2011,1140,Windermere,Nov,5
2011,1140,Windermere,Dec,7
2011,1150,Creston,Jan,14
2011,1150,Creston,Feb,11
2011,1150,Creston,Mar,13
2011,1150,Creston,Apr,11
2011,1150,Creston,May,14
2011,1150,Creston,Jun,15
2011,1150,Creston,Jul,16
2011,1150,Creston,Aug,14
2011,1150,Creston,Sep,6
2011,1150,Creston,Oct,11
2011,1150,Creston,Nov,16
2011,1150,Creston,Dec,18
2011,1160,Golden,Jan,1
2011,1160,Golden,Feb,1
2011,1160,Golden,Mar,6
2011,1160,Golden,Apr,5
2011,1160,Golden,May,4
2011,1160,Golden,Jun,4
2011,1160,Golden,Jul,0
2011,1160,Golden,Aug,4
2011,1160,Golden,Sep,4
2011,1160,Golden,Oct,4
2011,1160,Golden,Nov,6
2011,1160,Golden,Dec,2
2011,1210,Kootenay Lake,Jan,4
2011,1210,Kootenay Lake,Feb,1
2011,1210,Kootenay Lake,Mar,0
2011,1210,Kootenay Lake,Apr,2
2011,1210,Kootenay Lake,May,3
2011,1210,Kootenay Lake,Jun,5
2011,1210,Kootenay Lake,Jul,2
2011,1210,Kootenay Lake,Aug,3
2011,1210,Kootenay Lake,Sep,6
2011,1210,Kootenay Lake,Oct,2
2011,1210,Kootenay Lake,Nov,3
2011,1210,Kootenay Lake,Dec,6
2011,1220,Nelson,Jan,27
2011,1220,Nelson,Feb,25
2011,1220,Nelson,Mar,14
2011,1220,Nelson,Apr,12
2011,1220,Nelson,May,13
2011,1220,Nelson,Jun,15
2011,1220,Nelson,Jul,14
2011,1220,Nelson,Aug,9
2011,1220,Nelson,Sep,13
2011,1220,Nelson,Oct,7
2011,1220,Nelson,Nov,13
2011,1220,Nelson,Dec,22
2011,1230,Castlegar,Jan,8
2011,1230,Castlegar,Feb,11
2011,1230,Castlegar,Mar,14
2011,1230,Castlegar,Apr,9
2011,1230,Castlegar,May,9
2011,1230,Castlegar,Jun,8
2011,1230,Castlegar,Jul,13
2011,1230,Castlegar,Aug,11
2011,1230,Castlegar,Sep,12
2011,1230,Castlegar,Oct,15
2011,1230,Castlegar,Nov,12
2011,1230,Castlegar,Dec,7
2011,1240,Arrow Lakes,Jan,7
2011,1240,Arrow Lakes,Feb,1
2011,1240,Arrow Lakes,Mar,6
2011,1240,Arrow Lakes,Apr,5
2011,1240,Arrow Lakes,May,4
2011,1240,Arrow Lakes,Jun,1
2011,1240,Arrow Lakes,Jul,5
2011,1240,Arrow Lakes,Aug,3
2011,1240,Arrow Lakes,Sep,9
2011,1240,Arrow Lakes,Oct,10
2011,1240,Arrow Lakes,Nov,8
2011,1240,Arrow Lakes,Dec,6
2011,1250,Trail,Jan,18
2011,1250,Trail,Feb,12
2011,1250,Trail,Mar,13
2011,1250,Trail,Apr,12
2011,1250,Trail,May,20
2011,1250,Trail,Jun,20
2011,1250,Trail,Jul,19
2011,1250,Trail,Aug,18
2011,1250,Trail,Sep,10
2011,1250,Trail,Oct,15
2011,1250,Trail,Nov,17
2011,1250,Trail,Dec,11
2011,1260,Grand Forks,Jan,8
2011,1260,Grand Forks,Feb,11
2011,1260,Grand Forks,Mar,11
2011,1260,Grand Forks,Apr,10
2011,1260,Grand Forks,May,6
2011,1260,Grand Forks,Jun,11
2011,1260,Grand Forks,Jul,4
2011,1260,Grand Forks,Aug,7
2011,1260,Grand Forks,Sep,8
2011,1260,Grand Forks,Oct,13
2011,1260,Grand Forks,Nov,11
2011,1260,Grand Forks,Dec,9
2011,1270,Kettle Valley,Jan,3
2011,1270,Kettle Valley,Feb,1
2011,1270,Kettle Valley,Mar,5
2011,1270,Kettle Valley,Apr,2
2011,1270,Kettle Valley,May,3
2011,1270,Kettle Valley,Jun,3
2011,1270,Kettle Valley,Jul,0
2011,1270,Kettle Valley,Aug,7
2011,1270,Kettle Valley,Sep,2
2011,1270,Kettle Valley,Oct,1
2011,1270,Kettle Valley,Nov,3
2011,1270,Kettle Valley,Dec,2
2011,1310,Southern Okanagan,Jan,28
2011,1310,Southern Okanagan,Feb,25
2011,1310,Southern Okanagan,Mar,27
2011,1310,Southern Okanagan,Apr,23
2011,1310,Southern Okanagan,May,24
2011,1310,Southern Okanagan,Jun,14
2011,1310,Southern Okanagan,Jul,20
2011,1310,Southern Okanagan,Aug,18
2011,1310,Southern Okanagan,Sep,22
2011,1310,Southern Okanagan,Oct,17
2011,1310,Southern Okanagan,Nov,25
2011,1310,Southern Okanagan,Dec,21
2011,1320,Penticton,Jan,56
2011,1320,Penticton,Feb,35
2011,1320,Penticton,Mar,46
2011,1320,Penticton,Apr,47
2011,1320,Penticton,May,30
2011,1320,Penticton,Jun,45
2011,1320,Penticton,Jul,40
2011,1320,Penticton,Aug,38
2011,1320,Penticton,Sep,40
2011,1320,Penticton,Oct,49
2011,1320,Penticton,Nov,37
2011,1320,Penticton,Dec,54
2011,1330,Keremeos,Jan,6
2011,1330,Keremeos,Feb,4
2011,1330,Keremeos,Mar,7
2011,1330,Keremeos,Apr,7
2011,1330,Keremeos,May,3
2011,1330,Keremeos,Jun,5
2011,1330,Keremeos,Jul,6
2011,1330,Keremeos,Aug,7
2011,1330,Keremeos,Sep,4
2011,1330,Keremeos,Oct,4
2011,1330,Keremeos,Nov,4
2011,1330,Keremeos,Dec,2
2011,1340,Princeton,Jan,5
2011,1340,Princeton,Feb,7
2011,1340,Princeton,Mar,6
2011,1340,Princeton,Apr,5
2011,1340,Princeton,May,5
2011,1340,Princeton,Jun,10
2011,1340,Princeton,Jul,3
2011,1340,Princeton,Aug,4
2011,1340,Princeton,Sep,3
2011,1340,Princeton,Oct,4
2011,1340,Princeton,Nov,9
2011,1340,Princeton,Dec,3
2011,1350,Armstrong/Spallumcheen,Jan,7
2011,1350,Armstrong/Spallumcheen,Feb,1
2011,1350,Armstrong/Spallumcheen,Mar,6
2011,1350,Armstrong/Spallumcheen,Apr,4
2011,1350,Armstrong/Spallumcheen,May,6
2011,1350,Armstrong/Spallumcheen,Jun,8
2011,1350,Armstrong/Spallumcheen,Jul,5
2011,1350,Armstrong/Spallumcheen,Aug,6
2011,1350,Armstrong/Spallumcheen,Sep,2
2011,1350,Armstrong/Spallumcheen,Oct,5
2011,1350,Armstrong/Spallumcheen,Nov,8
2011,1350,Armstrong/Spallumcheen,Dec,9
2011,1361,Vernon Centre/Coldstream,Jan,52
2011,1361,Vernon Centre/Coldstream,Feb,55
2011,1361,Vernon Centre/Coldstream,Mar,40
2011,1361,Vernon Centre/Coldstream,Apr,42
2011,1361,Vernon Centre/Coldstream,May,48
2011,1361,Vernon Centre/Coldstream,Jun,44
2011,1361,Vernon Centre/Coldstream,Jul,55
2011,1361,Vernon Centre/Coldstream,Aug,37
2011,1361,Vernon Centre/Coldstream,Sep,43
2011,1361,Vernon Centre/Coldstream,Oct,52
2011,1361,Vernon Centre/Coldstream,Nov,50
2011,1361,Vernon Centre/Coldstream,Dec,45
2011,1362,North Okanagan/Lumby,Jan,9
2011,1362,North Okanagan/Lumby,Feb,8
2011,1362,North Okanagan/Lumby,Mar,3
2011,1362,North Okanagan/Lumby,Apr,13
2011,1362,North Okanagan/Lumby,May,7
2011,1362,North Okanagan/Lumby,Jun,2
2011,1362,North Okanagan/Lumby,Jul,6
2011,1362,North Okanagan/Lumby,Aug,8
2011,1362,North Okanagan/Lumby,Sep,6
2011,1362,North Okanagan/Lumby,Oct,9
2011,1362,North Okanagan/Lumby,Nov,7
2011,1362,North Okanagan/Lumby,Dec,7
2011,1371,Central Okanagan Rural,Jan,3
2011,1371,Central Okanagan Rural,Feb,4
2011,1371,Central Okanagan Rural,Mar,3
2011,1371,Central Okanagan Rural,Apr,6
2011,1371,Central Okanagan Rural,May,6
2011,1371,Central Okanagan Rural,Jun,0
2011,1371,Central Okanagan Rural,Jul,4
2011,1371,Central Okanagan Rural,Aug,4
2011,1371,Central Okanagan Rural,Sep,4
2011,1371,Central Okanagan Rural,Oct,3
2011,1371,Central Okanagan Rural,Nov,9
2011,1371,Central Okanagan Rural,Dec,4
2011,1372,West Kelowna,Jan,36
2011,1372,West Kelowna,Feb,22
2011,1372,West Kelowna,Mar,19
2011,1372,West Kelowna,Apr,27
2011,1372,West Kelowna,May,27
2011,1372,West Kelowna,Jun,26
2011,1372,West Kelowna,Jul,28
2011,1372,West Kelowna,Aug,25
2011,1372,West Kelowna,Sep,19
2011,1372,West Kelowna,Oct,24
2011,1372,West Kelowna,Nov,23
2011,1372,West Kelowna,Dec,25
2011,1373,Lake Country,Jan,3
2011,1373,Lake Country,Feb,9
2011,1373,Lake Country,Mar,4
2011,1373,Lake Country,Apr,9
2011,1373,Lake Country,May,4
2011,1373,Lake Country,Jun,4
2011,1373,Lake Country,Jul,4
2011,1373,Lake Country,Aug,5
2011,1373,Lake Country,Sep,10
2011,1373,Lake Country,Oct,4
2011,1373,Lake Country,Nov,5
2011,1373,Lake Country,Dec,9
2011,1374,Glenmore,Jan,9
2011,1374,Glenmore,Feb,16
2011,1374,Glenmore,Mar,25
2011,1374,Glenmore,Apr,18
2011,1374,Glenmore,May,12
2011,1374,Glenmore,Jun,20
2011,1374,Glenmore,Jul,10
2011,1374,Glenmore,Aug,13
2011,1374,Glenmore,Sep,21
2011,1374,Glenmore,Oct,16
2011,1374,Glenmore,Nov,14
2011,1374,Glenmore,Dec,15
2011,1375,Downtown Kelowna,Jan,45
2011,1375,Downtown Kelowna,Feb,44
2011,1375,Downtown Kelowna,Mar,56
2011,1375,Downtown Kelowna,Apr,59
2011,1375,Downtown Kelowna,May,44
2011,1375,Downtown Kelowna,Jun,41
2011,1375,Downtown Kelowna,Jul,40
2011,1375,Downtown Kelowna,Aug,40
2011,1375,Downtown Kelowna,Sep,33
2011,1375,Downtown Kelowna,Oct,42
2011,1375,Downtown Kelowna,Nov,46
2011,1375,Downtown Kelowna,Dec,54
2011,1376,Rutland,Jan,22
2011,1376,Rutland,Feb,16
2011,1376,Rutland,Mar,21
2011,1376,Rutland,Apr,22
2011,1376,Rutland,May,12
2011,1376,Rutland,Jun,25
2011,1376,Rutland,Jul,11
2011,1376,Rutland,Aug,22
2011,1376,Rutland,Sep,16
2011,1376,Rutland,Oct,18
2011,1376,Rutland,Nov,29
2011,1376,Rutland,Dec,23
2011,1377,Okanagan Mission,Jan,14
2011,1377,Okanagan Mission,Feb,6
2011,1377,Okanagan Mission,Mar,13
2011,1377,Okanagan Mission,Apr,15
2011,1377,Okanagan Mission,May,10
2011,1377,Okanagan Mission,Jun,12
2011,1377,Okanagan Mission,Jul,15
2011,1377,Okanagan Mission,Aug,12
2011,1377,Okanagan Mission,Sep,10
2011,1377,Okanagan Mission,Oct,9
2011,1377,Okanagan Mission,Nov,14
2011,1377,Okanagan Mission,Dec,9
2011,1380,Summerland,Jan,8
2011,1380,Summerland,Feb,8
2011,1380,Summerland,Mar,13
2011,1380,Summerland,Apr,21
2011,1380,Summerland,May,10
2011,1380,Summerland,Jun,12
2011,1380,Summerland,Jul,15
2011,1380,Summerland,Aug,10
2011,1380,Summerland,Sep,10
2011,1380,Summerland,Oct,15
2011,1380,Summerland,Nov,15
2011,1380,Summerland,Dec,17
2011,1390,Enderby,Jan,10
2011,1390,Enderby,Feb,7
2011,1390,Enderby,Mar,3
2011,1390,Enderby,Apr,10
2011,1390,Enderby,May,6
2011,1390,Enderby,Jun,3
2011,1390,Enderby,Jul,5
2011,1390,Enderby,Aug,8
2011,1390,Enderby,Sep,10
2011,1390,Enderby,Oct,7
2011,1390,Enderby,Nov,4
2011,1390,Enderby,Dec,6
2011,1410,Revelstoke,Jan,5
2011,1410,Revelstoke,Feb,2
2011,1410,Revelstoke,Mar,7
2011,1410,Revelstoke,Apr,10
2011,1410,Revelstoke,May,13
2011,1410,Revelstoke,Jun,2
2011,1410,Revelstoke,Jul,3
2011,1410,Revelstoke,Aug,5
2011,1410,Revelstoke,Sep,10
2011,1410,Revelstoke,Oct,2
2011,1410,Revelstoke,Nov,2
2011,1410,Revelstoke,Dec,4
2011,1420,Salmon Arm,Jan,25
2011,1420,Salmon Arm,Feb,28
2011,1420,Salmon Arm,Mar,20
2011,1420,Salmon Arm,Apr,15
2011,1420,Salmon Arm,May,30
2011,1420,Salmon Arm,Jun,30
2011,1420,Salmon Arm,Jul,26
2011,1420,Salmon Arm,Aug,25
2011,1420,Salmon Arm,Sep,26
2011,1420,Salmon Arm,Oct,31
2011,1420,Salmon Arm,Nov,20
2011,1420,Salmon Arm,Dec,33
2011,1431,Kamloops Centre North,Jan,36
2011,1431,Kamloops Centre North,Feb,38
2011,1431,Kamloops Centre North,Mar,34
2011,1431,Kamloops Centre North,Apr,39
2011,1431,Kamloops Centre North,May,34
2011,1431,Kamloops Centre North,Jun,43
2011,1431,Kamloops Centre North,Jul,37
2011,1431,Kamloops Centre North,Aug,34
2011,1431,Kamloops Centre North,Sep,38
2011,1431,Kamloops Centre North,Oct,42
2011,1431,Kamloops Centre North,Nov,36
2011,1431,Kamloops Centre North,Dec,43
2011,1432,Kamloops Centre South,Jan,37
2011,1432,Kamloops Centre South,Feb,21
2011,1432,Kamloops Centre South,Mar,27
2011,1432,Kamloops Centre South,Apr,28
2011,1432,Kamloops Centre South,May,34
2011,1432,Kamloops Centre South,Jun,29
2011,1432,Kamloops Centre South,Jul,26
2011,1432,Kamloops Centre South,Aug,30
2011,1432,Kamloops Centre South,Sep,28
2011,1432,Kamloops Centre South,Oct,25
2011,1432,Kamloops Centre South,Nov,29
2011,1432,Kamloops Centre South,Dec,32
2011,1433,Lower Thompson,Jan,12
2011,1433,Lower Thompson,Feb,12
2011,1433,Lower Thompson,Mar,12
2011,1433,Lower Thompson,Apr,8
2011,1433,Lower Thompson,May,8
2011,1433,Lower Thompson,Jun,10
2011,1433,Lower Thompson,Jul,8
2011,1433,Lower Thompson,Aug,18
2011,1433,Lower Thompson,Sep,8
2011,1433,Lower Thompson,Oct,7
2011,1433,Lower Thompson,Nov,14
2011,1433,Lower Thompson,Dec,5
2011,1440,100 Mile House,Jan,11
2011,1440,100 Mile House,Feb,15
2011,1440,100 Mile House,Mar,13
2011,1440,100 Mile House,Apr,10
2011,1440,100 Mile House,May,12
2011,1440,100 Mile House,Jun,7
2011,1440,100 Mile House,Jul,8
2011,1440,100 Mile House,Aug,10
2011,1440,100 Mile House,Sep,17
2011,1440,100 Mile House,Oct,7
2011,1440,100 Mile House,Nov,8
2011,1440,100 Mile House,Dec,11
2011,1450,North Thompson,Jan,4
2011,1450,North Thompson,Feb,4
2011,1450,North Thompson,Mar,1
2011,1450,North Thompson,Apr,1
2011,1450,North Thompson,May,4
2011,1450,North Thompson,Jun,1
2011,1450,North Thompson,Jul,1
2011,1450,North Thompson,Aug,3
2011,1450,North Thompson,Sep,2
2011,1450,North Thompson,Oct,0
2011,1450,North Thompson,Nov,5
2011,1450,North Thompson,Dec,2
2011,1461,West Cariboo,Jan,2
2011,1461,West Cariboo,Feb,3
2011,1461,West Cariboo,Mar,1
2011,1461,West Cariboo,Apr,2
2011,1461,West Cariboo,May,3
2011,1461,West Cariboo,Jun,1
2011,1461,West Cariboo,Jul,2
2011,1461,West Cariboo,Aug,3
2011,1461,West Cariboo,Sep,1
2011,1461,West Cariboo,Oct,0
2011,1461,West Cariboo,Nov,4
2011,1461,West Cariboo,Dec,2
2011,1462,Williams Lake/East Cariboo,Jan,10
2011,1462,Williams Lake/East Cariboo,Feb,8
2011,1462,Williams Lake/East Cariboo,Mar,14
2011,1462,Williams Lake/East Cariboo,Apr,13
2011,1462,Williams Lake/East Cariboo,May,11
2011,1462,Williams Lake/East Cariboo,Jun,14
2011,1462,Williams Lake/East Cariboo,Jul,15
2011,1462,Williams Lake/East Cariboo,Aug,12
2011,1462,Williams Lake/East Cariboo,Sep,16
2011,1462,Williams Lake/East Cariboo,Oct,8
2011,1462,Williams Lake/East Cariboo,Nov,13
2011,1462,Williams Lake/East Cariboo,Dec,11
2011,1470,Lillooet,Jan,2
2011,1470,Lillooet,Feb,1
2011,1470,Lillooet,Mar,4
2011,1470,Lillooet,Apr,4
2011,1470,Lillooet,May,3
2011,1470,Lillooet,Jun,4
2011,1470,Lillooet,Jul,2
2011,1470,Lillooet,Aug,7
2011,1470,Lillooet,Sep,2
2011,1470,Lillooet,Oct,4
2011,1470,Lillooet,Nov,5
2011,1470,Lillooet,Dec,2
2011,1480,South Cariboo,Jan,8
2011,1480,South Cariboo,Feb,8
2011,1480,South Cariboo,Mar,2
2011,1480,South Cariboo,Apr,8
2011,1480,South Cariboo,May,6
2011,1480,South Cariboo,Jun,8
2011,1480,South Cariboo,Jul,6
2011,1480,South Cariboo,Aug,7
2011,1480,South Cariboo,Sep,3
2011,1480,South Cariboo,Oct,5
2011,1480,South Cariboo,Nov,5
2011,1480,South Cariboo,Dec,3
2011,1490,Merritt,Jan,11
2011,1490,Merritt,Feb,6
2011,1490,Merritt,Mar,17
2011,1490,Merritt,Apr,9
2011,1490,Merritt,May,8
2011,1490,Merritt,Jun,9
2011,1490,Merritt,Jul,5
2011,1490,Merritt,Aug,11
2011,1490,Merritt,Sep,8
2011,1490,Merritt,Oct,2
2011,1490,Merritt,Nov,8
2011,1490,Merritt,Dec,10
2011,2110,Hope,Jan,8
2011,2110,Hope,Feb,10
2011,2110,Hope,Mar,11
2011,2110,Hope,Apr,5
2011,2110,Hope,May,16
2011,2110,Hope,Jun,5
2011,2110,Hope,Jul,7
2011,2110,Hope,Aug,9
2011,2110,Hope,Sep,3
2011,2110,Hope,Oct,6
2011,2110,Hope,Nov,8
2011,2110,Hope,Dec,6
2011,2121,South Chilliwack,Jan,28
2011,2121,South Chilliwack,Feb,15
2011,2121,South Chilliwack,Mar,29
2011,2121,South Chilliwack,Apr,15
2011,2121,South Chilliwack,May,17
2011,2121,South Chilliwack,Jun,18
2011,2121,South Chilliwack,Jul,17
2011,2121,South Chilliwack,Aug,26
2011,2121,South Chilliwack,Sep,15
2011,2121,South Chilliwack,Oct,23
2011,2121,South Chilliwack,Nov,29
2011,2121,South Chilliwack,Dec,31
2011,2122,North Chilliwack,Jan,37
2011,2122,North Chilliwack,Feb,46
2011,2122,North Chilliwack,Mar,35
2011,2122,North Chilliwack,Apr,33
2011,2122,North Chilliwack,May,33
2011,2122,North Chilliwack,Jun,30
2011,2122,North Chilliwack,Jul,25
2011,2122,North Chilliwack,Aug,40
2011,2122,North Chilliwack,Sep,35
2011,2122,North Chilliwack,Oct,32
2011,2122,North Chilliwack,Nov,34
2011,2122,North Chilliwack,Dec,47
2011,2131,Central Abbotsford,Jan,34
2011,2131,Central Abbotsford,Feb,25
2011,2131,Central Abbotsford,Mar,26
2011,2131,Central Abbotsford,Apr,15
2011,2131,Central Abbotsford,May,29
2011,2131,Central Abbotsford,Jun,26
2011,2131,Central Abbotsford,Jul,19
2011,2131,Central Abbotsford,Aug,16
2011,2131,Central Abbotsford,Sep,18
2011,2131,Central Abbotsford,Oct,25
2011,2131,Central Abbotsford,Nov,27
2011,2131,Central Abbotsford,Dec,31
2011,2132,East Abbotsford,Jan,8
2011,2132,East Abbotsford,Feb,6
2011,2132,East Abbotsford,Mar,6
2011,2132,East Abbotsford,Apr,17
2011,2132,East Abbotsford,May,5
2011,2132,East Abbotsford,Jun,11
2011,2132,East Abbotsford,Jul,11
2011,2132,East Abbotsford,Aug,8
2011,2132,East Abbotsford,Sep,7
2011,2132,East Abbotsford,Oct,19
2011,2132,East Abbotsford,Nov,16
2011,2132,East Abbotsford,Dec,9
2011,2133,West Abbotsford,Jan,31
2011,2133,West Abbotsford,Feb,28
2011,2133,West Abbotsford,Mar,44
2011,2133,West Abbotsford,Apr,26
2011,2133,West Abbotsford,May,39
2011,2133,West Abbotsford,Jun,37
2011,2133,West Abbotsford,Jul,31
2011,2133,West Abbotsford,Aug,31
2011,2133,West Abbotsford,Sep,30
2011,2133,West Abbotsford,Oct,40
2011,2133,West Abbotsford,Nov,35
2011,2133,West Abbotsford,Dec,34
2011,2134,Abbotsford Rural,Jan,8
2011,2134,Abbotsford Rural,Feb,11
2011,2134,Abbotsford Rural,Mar,12
2011,2134,Abbotsford Rural,Apr,13
2011,2134,Abbotsford Rural,May,11
2011,2134,Abbotsford Rural,Jun,10
2011,2134,Abbotsford Rural,Jul,11
2011,2134,Abbotsford Rural,Aug,11
2011,2134,Abbotsford Rural,Sep,8
2011,2134,Abbotsford Rural,Oct,10
2011,2134,Abbotsford Rural,Nov,11
2011,2134,Abbotsford Rural,Dec,11
2011,2141,South Mission,Jan,23
2011,2141,South Mission,Feb,16
2011,2141,South Mission,Mar,18
2011,2141,South Mission,Apr,21
2011,2141,South Mission,May,18
2011,2141,South Mission,Jun,16
2011,2141,South Mission,Jul,17
2011,2141,South Mission,Aug,15
2011,2141,South Mission,Sep,21
2011,2141,South Mission,Oct,24
2011,2141,South Mission,Nov,13
2011,2141,South Mission,Dec,18
2011,2142,North Mission,Jan,9
2011,2142,North Mission,Feb,6
2011,2142,North Mission,Mar,2
2011,2142,North Mission,Apr,3
2011,2142,North Mission,May,3
2011,2142,North Mission,Jun,8
2011,2142,North Mission,Jul,7
2011,2142,North Mission,Aug,8
2011,2142,North Mission,Sep,6
2011,2142,North Mission,Oct,4
2011,2142,North Mission,Nov,8
2011,2142,North Mission,Dec,10
2011,2150,Agassiz/Harrison,Jan,10
2011,2150,Agassiz/Harrison,Feb,4
2011,2150,Agassiz/Harrison,Mar,6
2011,2150,Agassiz/Harrison,Apr,2
2011,2150,Agassiz/Harrison,May,5
2011,2150,Agassiz/Harrison,Jun,6
2011,2150,Agassiz/Harrison,Jul,6
2011,2150,Agassiz/Harrison,Aug,11
2011,2150,Agassiz/Harrison,Sep,7
2011,2150,Agassiz/Harrison,Oct,9
2011,2150,Agassiz/Harrison,Nov,10
2011,2150,Agassiz/Harrison,Dec,6
2011,2210,New Westminster,Jan,41
2011,2210,New Westminster,Feb,38
2011,2210,New Westminster,Mar,38
2011,2210,New Westminster,Apr,36
2011,2210,New Westminster,May,36
2011,2210,New Westminster,Jun,47
2011,2210,New Westminster,Jul,41
2011,2210,New Westminster,Aug,42
2011,2210,New Westminster,Sep,42
2011,2210,New Westminster,Oct,26
2011,2210,New Westminster,Nov,31
2011,2210,New Westminster,Dec,45
2011,2221,Burnaby Northwest,Jan,25
2011,2221,Burnaby Northwest,Feb,22
2011,2221,Burnaby Northwest,Mar,24
2011,2221,Burnaby Northwest,Apr,17
2011,2221,Burnaby Northwest,May,23
2011,2221,Burnaby Northwest,Jun,21
2011,2221,Burnaby Northwest,Jul,24
2011,2221,Burnaby Northwest,Aug,23
2011,2221,Burnaby Northwest,Sep,18
2011,2221,Burnaby Northwest,Oct,22
2011,2221,Burnaby Northwest,Nov,16
2011,2221,Burnaby Northwest,Dec,25
2011,2222,Burnaby Northeast,Jan,16
2011,2222,Burnaby Northeast,Feb,12
2011,2222,Burnaby Northeast,Mar,16
2011,2222,Burnaby Northeast,Apr,14
2011,2222,Burnaby Northeast,May,20
2011,2222,Burnaby Northeast,Jun,11
2011,2222,Burnaby Northeast,Jul,12
2011,2222,Burnaby Northeast,Aug,13
2011,2222,Burnaby Northeast,Sep,15
2011,2222,Burnaby Northeast,Oct,13
2011,2222,Burnaby Northeast,Nov,10
2011,2222,Burnaby Northeast,Dec,18
2011,2223,Burnaby Southwest,Jan,40
2011,2223,Burnaby Southwest,Feb,44
2011,2223,Burnaby Southwest,Mar,45
2011,2223,Burnaby Southwest,Apr,35
2011,2223,Burnaby Southwest,May,40
2011,2223,Burnaby Southwest,Jun,31
2011,2223,Burnaby Southwest,Jul,41
2011,2223,Burnaby Southwest,Aug,41
2011,2223,Burnaby Southwest,Sep,50
2011,2223,Burnaby Southwest,Oct,32
2011,2223,Burnaby Southwest,Nov,60
2011,2223,Burnaby Southwest,Dec,36
2011,2224,Burnaby Southeast,Jan,25
2011,2224,Burnaby Southeast,Feb,36
2011,2224,Burnaby Southeast,Mar,24
2011,2224,Burnaby Southeast,Apr,32
2011,2224,Burnaby Southeast,May,34
2011,2224,Burnaby Southeast,Jun,29
2011,2224,Burnaby Southeast,Jul,32
2011,2224,Burnaby Southeast,Aug,48
2011,2224,Burnaby Southeast,Sep,41
2011,2224,Burnaby Southeast,Oct,31
2011,2224,Burnaby Southeast,Nov,25
2011,2224,Burnaby Southeast,Dec,33
2011,2231,Haney,Jan,29
2011,2231,Haney,Feb,20
2011,2231,Haney,Mar,27
2011,2231,Haney,Apr,32
2011,2231,Haney,May,20
2011,2231,Haney,Jun,29
2011,2231,Haney,Jul,23
2011,2231,Haney,Aug,18
2011,2231,Haney,Sep,21
2011,2231,Haney,Oct,34
2011,2231,Haney,Nov,26
2011,2231,Haney,Dec,20
2011,2232,Pitt Meadows,Jan,9
2011,2232,Pitt Meadows,Feb,9
2011,2232,Pitt Meadows,Mar,8
2011,2232,Pitt Meadows,Apr,6
2011,2232,Pitt Meadows,May,4
2011,2232,Pitt Meadows,Jun,4
2011,2232,Pitt Meadows,Jul,9
2011,2232,Pitt Meadows,Aug,7
2011,2232,Pitt Meadows,Sep,5
2011,2232,Pitt Meadows,Oct,11
2011,2232,Pitt Meadows,Nov,8
2011,2232,Pitt Meadows,Dec,6
2011,2233,Maple Ridge Rural,Jan,21
2011,2233,Maple Ridge Rural,Feb,17
2011,2233,Maple Ridge Rural,Mar,16
2011,2233,Maple Ridge Rural,Apr,19
2011,2233,Maple Ridge Rural,May,15
2011,2233,Maple Ridge Rural,Jun,16
2011,2233,Maple Ridge Rural,Jul,25
2011,2233,Maple Ridge Rural,Aug,22
2011,2233,Maple Ridge Rural,Sep,29
2011,2233,Maple Ridge Rural,Oct,9
2011,2233,Maple Ridge Rural,Nov,15
2011,2233,Maple Ridge Rural,Dec,15
2011,2241,North Coquitlam,Jan,13
2011,2241,North Coquitlam,Feb,4
2011,2241,North Coquitlam,Mar,2
2011,2241,North Coquitlam,Apr,5
2011,2241,North Coquitlam,May,6
2011,2241,North Coquitlam,Jun,5
2011,2241,North Coquitlam,Jul,11
2011,2241,North Coquitlam,Aug,2
2011,2241,North Coquitlam,Sep,8
2011,2241,North Coquitlam,Oct,5
2011,2241,North Coquitlam,Nov,6
2011,2241,North Coquitlam,Dec,9
2012,1110,Fernie,Jan,7
2012,1110,Fernie,Feb,13
2012,1110,Fernie,Mar,3
2012,1110,Fernie,Apr,9
2012,1110,Fernie,May,6
2012,1110,Fernie,Jun,5
2012,1110,Fernie,Jul,6
2012,1110,Fernie,Aug,5
2012,1110,Fernie,Sep,7
2012,1110,Fernie,Oct,7
2012,1110,Fernie,Nov,8
2012,1110,Fernie,Dec,9
2012,1120,Cranbrook,Jan,25
2012,1120,Cranbrook,Feb,9
2012,1120,Cranbrook,Mar,28
2012,1120,Cranbrook,Apr,14
2012,1120,Cranbrook,May,20
2012,1120,Cranbrook,Jun,16
2012,1120,Cranbrook,Jul,15
2012,1120,Cranbrook,Aug,15
2012,1120,Cranbrook,Sep,21
2012,1120,Cranbrook,Oct,21
2012,1120,Cranbrook,Nov,19
2012,1120,Cranbrook,Dec,18
2012,1130,Kimberley,Jan,8
2012,1130,Kimberley,Feb,2
2012,1130,Kimberley,Mar,7
2012,1130,Kimberley,Apr,11
2012,1130,Kimberley,May,5
2012,1130,Kimberley,Jun,9
2012,1130,Kimberley,Jul,6
2012,1130,Kimberley,Aug,7
2012,1130,Kimberley,Sep,4
2012,1130,Kimberley,Oct,7
2012,1130,Kimberley,Nov,5
2012,1130,Kimberley,Dec,6
2012,1140,Windermere,Jan,10
2012,1140,Windermere,Feb,5
2012,1140,Windermere,Mar,4
2012,1140,Windermere,Apr,8
2012,1140,Windermere,May,2
2012,1140,Windermere,Jun,5
2012,1140,Windermere,Jul,4
2012,1140,Windermere,Aug,2
2012,1140,Windermere,Sep,11
2012,1140,Windermere,Oct,2
2012,1140,Windermere,Nov,2
2012,1140,Windermere,Dec,8
2012,1150,Creston,Jan,20
2012,1150,Creston,Feb,14
2012,1150,Creston,Mar,16
2012,1150,Creston,Apr,15
2012,1150,Creston,May,13
2012,1150,Creston,Jun,7
2012,1150,Creston,Jul,3
2012,1150,Creston,Aug,12
2012,1150,Creston,Sep,10
2012,1150,Creston,Oct,15
2012,1150,Creston,Nov,10
2012,1150,Creston,Dec,19
2012,1160,Golden,Jan,4
2012,1160,Golden,Feb,3
2012,1160,Golden,Mar,2
2012,1160,Golden,Apr,3
2012,1160,Golden,May,2
2012,1160,Golden,Jun,5
2012,1160,Golden,Jul,2
2012,1160,Golden,Aug,1
2012,1160,Golden,Sep,4
2012,1160,Golden,Oct,6
2012,1160,Golden,Nov,3
2012,1160,Golden,Dec,3
2012,1210,Kootenay Lake,Jan,2
2012,1210,Kootenay Lake,Feb,2
2012,1210,Kootenay Lake,Mar,2
2012,1210,Kootenay Lake,Apr,8
2012,1210,Kootenay Lake,May,4
2012,1210,Kootenay Lake,Jun,4
2012,1210,Kootenay Lake,Jul,9
2012,1210,Kootenay Lake,Aug,3
2012,1210,Kootenay Lake,Sep,2
2012,1210,Kootenay Lake,Oct,4
2012,1210,Kootenay Lake,Nov,2
2012,1210,Kootenay Lake,Dec,6
2012,1220,Nelson,Jan,17
2012,1220,Nelson,Feb,14
2012,1220,Nelson,Mar,16
2012,1220,Nelson,Apr,17
2012,1220,Nelson,May,18
2012,1220,Nelson,Jun,23
2012,1220,Nelson,Jul,8
2012,1220,Nelson,Aug,20
2012,1220,Nelson,Sep,23
2012,1220,Nelson,Oct,17
2012,1220,Nelson,Nov,17
2012,1220,Nelson,Dec,13
2012,1230,Castlegar,Jan,8
2012,1230,Castlegar,Feb,5
2012,1230,Castlegar,Mar,7
2012,1230,Castlegar,Apr,10
2012,1230,Castlegar,May,7
2012,1230,Castlegar,Jun,16
2012,1230,Castlegar,Jul,12
2012,1230,Castlegar,Aug,10
2012,1230,Castlegar,Sep,11
2012,1230,Castlegar,Oct,15
2012,1230,Castlegar,Nov,9
2012,1230,Castlegar,Dec,9
2012,1240,Arrow Lakes,Jan,4
2012,1240,Arrow Lakes,Feb,4
2012,1240,Arrow Lakes,Mar,1
2012,1240,Arrow Lakes,Apr,3
2012,1240,Arrow Lakes,May,4
2012,1240,Arrow Lakes,Jun,4
2012,1240,Arrow Lakes,Jul,5
2012,1240,Arrow Lakes,Aug,3
2012,1240,Arrow Lakes,Sep,0
2012,1240,Arrow Lakes,Oct,4
2012,1240,Arrow Lakes,Nov,4
2012,1240,Arrow Lakes,Dec,4
2012,1250,Trail,Jan,14
2012,1250,Trail,Feb,15
2012,1250,Trail,Mar,31
2012,1250,Trail,Apr,17
2012,1250,Trail,May,15
2012,1250,Trail,Jun,13
2012,1250,Trail,Jul,18
2012,1250,Trail,Aug,14
2012,1250,Trail,Sep,12
2012,1250,Trail,Oct,14
2012,1250,Trail,Nov,15
2012,1250,Trail,Dec,10
2012,1260,Grand Forks,Jan,8
2012,1260,Grand Forks,Feb,15
2012,1260,Grand Forks,Mar,8
2012,1260,Grand Forks,Apr,7
2012,1260,Grand Forks,May,7
2012,1260,Grand Forks,Jun,8
2012,1260,Grand Forks,Jul,14
2012,1260,Grand Forks,Aug,8
2012,1260,Grand Forks,Sep,6
2012,1260,Grand Forks,Oct,15
2012,1260,Grand Forks,Nov,9
2012,1260,Grand Forks,Dec,8
2012,1270,Kettle Valley,Jan,1
2012,1270,Kettle Valley,Feb,4
2012,1270,Kettle Valley,Mar,3
2012,1270,Kettle Valley,Apr,4
2012,1270,Kettle Valley,May,3
2012,1270,Kettle Valley,Jun,0
2012,1270,Kettle Valley,Jul,3
2012,1270,Kettle Valley,Aug,0
2012,1270,Kettle Valley,Sep,2
2012,1270,Kettle Valley,Oct,1
2012,1270,Kettle Valley,Nov,3
2012,1270,Kettle Valley,Dec,1
2012,1310,Southern Okanagan,Jan,30
2012,1310,Southern Okanagan,Feb,21
2012,1310,Southern Okanagan,Mar,21
2012,1310,Southern Okanagan,Apr,21
2012,1310,Southern Okanagan,May,28
2012,1310,Southern Okanagan,Jun,17
2012,1310,Southern Okanagan,Jul,25
2012,1310,Southern Okanagan,Aug,16
2012,1310,Southern Okanagan,Sep,16
2012,1310,Southern Okanagan,Oct,21
2012,1310,Southern Okanagan,Nov,22
2012,1310,Southern Okanagan,Dec,22
2012,1320,Penticton,Jan,41
2012,1320,Penticton,Feb,49
2012,1320,Penticton,Mar,40
2012,1320,Penticton,Apr,58
2012,1320,Penticton,May,58
2012,1320,Penticton,Jun,29
2012,1320,Penticton,Jul,43
2012,1320,Penticton,Aug,42
2012,1320,Penticton,Sep,43
2012,1320,Penticton,Oct,40
2012,1320,Penticton,Nov,40
2012,1320,Penticton,Dec,56
2012,1330,Keremeos,Jan,6
2012,1330,Keremeos,Feb,5
2012,1330,Keremeos,Mar,5
2012,1330,Keremeos,Apr,8
2012,1330,Keremeos,May,4
2012,1330,Keremeos,Jun,4
2012,1330,Keremeos,Jul,5
2012,1330,Keremeos,Aug,4
2012,1330,Keremeos,Sep,8
2012,1330,Keremeos,Oct,8
2012,1330,Keremeos,Nov,9
2012,1330,Keremeos,Dec,8
2012,1340,Princeton,Jan,5
2012,1340,Princeton,Feb,2
2012,1340,Princeton,Mar,7
2012,1340,Princeton,Apr,6
2012,1340,Princeton,May,4
2012,1340,Princeton,Jun,4
2012,1340,Princeton,Jul,6
2012,1340,Princeton,Aug,15
2012,1340,Princeton,Sep,6
2012,1340,Princeton,Oct,6
2012,1340,Princeton,Nov,4
2012,1340,Princeton,Dec,4
2012,1350,Armstrong/Spallumcheen,Jan,5
2012,1350,Armstrong/Spallumcheen,Feb,9
2012,1350,Armstrong/Spallumcheen,Mar,6
2012,1350,Armstrong/Spallumcheen,Apr,4
2012,1350,Armstrong/Spallumcheen,May,14
2012,1350,Armstrong/Spallumcheen,Jun,3
2012,1350,Armstrong/Spallumcheen,Jul,7
2012,1350,Armstrong/Spallumcheen,Aug,8
2012,1350,Armstrong/Spallumcheen,Sep,4
2012,1350,Armstrong/Spallumcheen,Oct,6
2012,1350,Armstrong/Spallumcheen,Nov,8
2012,1350,Armstrong/Spallumcheen,Dec,11
2012,1361,Vernon Centre/Coldstream,Jan,60
2012,1361,Vernon Centre/Coldstream,Feb,37
2012,1361,Vernon Centre/Coldstream,Mar,59
2012,1361,Vernon Centre/Coldstream,Apr,58
2012,1361,Vernon Centre/Coldstream,May,53
2012,1361,Vernon Centre/Coldstream,Jun,42
2012,1361,Vernon Centre/Coldstream,Jul,53
2012,1361,Vernon Centre/Coldstream,Aug,45
2012,1361,Vernon Centre/Coldstream,Sep,51
2012,1361,Vernon Centre/Coldstream,Oct,60
2012,1361,Vernon Centre/Coldstream,Nov,47
2012,1361,Vernon Centre/Coldstream,Dec,53
2012,1362,North Okanagan/Lumby,Jan,6
2012,1362,North Okanagan/Lumby,Feb,5
2012,1362,North Okanagan/Lumby,Mar,10
2012,1362,North Okanagan/Lumby,Apr,12
2012,1362,North Okanagan/Lumby,May,7
2012,1362,North Okanagan/Lumby,Jun,9
2012,1362,North Okanagan/Lumby,Jul,6
2012,1362,North Okanagan/Lumby,Aug,12
2012,1362,North Okanagan/Lumby,Sep,8
2012,1362,North Okanagan/Lumby,Oct,8
2012,1362,North Okanagan/Lumby,Nov,10
2012,1362,North Okanagan/Lumby,Dec,12
2012,1371,Central Okanagan Rural,Jan,0
2012,1371,Central Okanagan Rural,Feb,4
2012,1371,Central Okanagan Rural,Mar,4
2012,1371,Central Okanagan Rural,Apr,5
2012,1371,Central Okanagan Rural,May,4
2012,1371,Central Okanagan Rural,Jun,3
2012,1371,Central Okanagan Rural,Jul,6
2012,1371,Central Okanagan Rural,Aug,3
2012,1371,Central Okanagan Rural,Sep,5
2012,1371,Central Okanagan Rural,Oct,7
2012,1371,Central Okanagan Rural,Nov,1
2012,1371,Central Okanagan Rural,Dec,8
2012,1372,West Kelowna,Jan,27
2012,1372,West Kelowna,Feb,31
2012,1372,West Kelowna,Mar,27
2012,1372,West Kelowna,Apr,27
2012,1372,West Kelowna,May,27
2012,1372,West Kelowna,Jun,31
2012,1372,West Kelowna,Jul,19
2012,1372,West Kelowna,Aug,27
2012,1372,West Kelowna,Sep,16
2012,1372,West Kelowna,Oct,34
2012,1372,West Kelowna,Nov,33
2012,1372,West Kelowna,Dec,34
2012,1373,Lake Country,Jan,8
2012,1373,Lake Country,Feb,5
2012,1373,Lake Country,Mar,3
2012,1373,Lake Country,Apr,12
2012,1373,Lake Country,May,7
2012,1373,Lake Country,Jun,8
2012,1373,Lake Country,Jul,4
2012,1373,Lake Country,Aug,4
2012,1373,Lake Country,Sep,10
2012,1373,Lake Country,Oct,3
2012,1373,Lake Country,Nov,5
2012,1373,Lake Country,Dec,3
2012,1374,Glenmore,Jan,20
2012,1374,Glenmore,Feb,19
2012,1374,Glenmore,Mar,19
2012,1374,Glenmore,Apr,22
2012,1374,Glenmore,May,19
2012,1374,Glenmore,Jun,12
2012,1374,Glenmore,Jul,15
2012,1374,Glenmore,Aug,18
2012,1374,Glenmore,Sep,11
2012,1374,Glenmore,Oct,12
2012,1374,Glenmore,Nov,23
2012,1374,Glenmore,Dec,17
2012,1375,Downtown Kelowna,Jan,53
2012,1375,Downtown Kelowna,Feb,53
2012,1375,Downtown Kelowna,Mar,59
2012,1375,Downtown Kelowna,Apr,40
2012,1375,Downtown Kelowna,May,52
2012,1375,Downtown Kelowna,Jun,39
2012,1375,Downtown Kelowna,Jul,40
2012,1375,Downtown Kelowna,Aug,54
2012,1375,Downtown Kelowna,Sep,48
2012,1375,Downtown Kelowna,Oct,61
2012,1375,Downtown Kelowna,Nov,32
2012,1375,Downtown Kelowna,Dec,45
2012,1376,Rutland,Jan,31
2012,1376,Rutland,Feb,19
2012,1376,Rutland,Mar,18
2012,1376,Rutland,Apr,25
2012,1376,Rutland,May,23
2012,1376,Rutland,Jun,25
2012,1376,Rutland,Jul,17
2012,1376,Rutland,Aug,19
2012,1376,Rutland,Sep,25
2012,1376,Rutland,Oct,23
2012,1376,Rutland,Nov,12
2012,1376,Rutland,Dec,20
2012,1377,Okanagan Mission,Jan,12
2012,1377,Okanagan Mission,Feb,13
2012,1377,Okanagan Mission,Mar,10
2012,1377,Okanagan Mission,Apr,9
2012,1377,Okanagan Mission,May,13
2012,1377,Okanagan Mission,Jun,6
2012,1377,Okanagan Mission,Jul,9
2012,1377,Okanagan Mission,Aug,6
2012,1377,Okanagan Mission,Sep,7
2012,1377,Okanagan Mission,Oct,5
2012,1377,Okanagan Mission,Nov,10
2012,1377,Okanagan Mission,Dec,15
2012,1380,Summerland,Jan,11
2012,1380,Summerland,Feb,17
2012,1380,Summerland,Mar,11
2012,1380,Summerland,Apr,18
2012,1380,Summerland,May,12
2012,1380,Summerland,Jun,11
2012,1380,Summerland,Jul,12
2012,1380,Summerland,Aug,14
2012,1380,Summerland,Sep,16
2012,1380,Summerland,Oct,7
2012,1380,Summerland,Nov,11
2012,1380,Summerland,Dec,20
2012,1390,Enderby,Jan,4
2012,1390,Enderby,Feb,8
2012,1390,Enderby,Mar,9
2012,1390,Enderby,Apr,5
2012,1390,Enderby,May,7
2012,1390,Enderby,Jun,6
2012,1390,Enderby,Jul,7
2012,1390,Enderby,Aug,4
2012,1390,Enderby,Sep,6
2012,1390,Enderby,Oct,5
2012,1390,Enderby,Nov,9
2012,1390,Enderby,Dec,3
2012,1410,Revelstoke,Jan,4
2012,1410,Revelstoke,Feb,5
2012,1410,Revelstoke,Mar,8
2012,1410,Revelstoke,Apr,2
2012,1410,Revelstoke,May,3
2012,1410,Revelstoke,Jun,2
2012,1410,Revelstoke,Jul,4
2012,1410,Revelstoke,Aug,2
2012,1410,Revelstoke,Sep,2
2012,1410,Revelstoke,Oct,5
2012,1410,Revelstoke,Nov,10
2012,1410,Revelstoke,Dec,5
2012,1420,Salmon Arm,Jan,31
2012,1420,Salmon Arm,Feb,27
2012,1420,Salmon Arm,Mar,36
2012,1420,Salmon Arm,Apr,26
2012,1420,Salmon Arm,May,26
2012,1420,Salmon Arm,Jun,33
2012,1420,Salmon Arm,Jul,30
2012,1420,Salmon Arm,Aug,22
2012,1420,Salmon Arm,Sep,26
2012,1420,Salmon Arm,Oct,32
2012,1420,Salmon Arm,Nov,23
2012,1420,Salmon Arm,Dec,26
2012,1431,Kamloops Centre North,Jan,30
2012,1431,Kamloops Centre North,Feb,31
2012,1431,Kamloops Centre North,Mar,42
2012,1431,Kamloops Centre North,Apr,36
2012,1431,Kamloops Centre North,May,41
2012,1431,Kamloops Centre North,Jun,39
2012,1431,Kamloops Centre North,Jul,43
2012,1431,Kamloops Centre North,Aug,29
2012,1431,Kamloops Centre North,Sep,36
2012,1431,Kamloops Centre North,Oct,38
2012,1431,Kamloops Centre North,Nov,44
2012,1431,Kamloops Centre North,Dec,38
2012,1432,Kamloops Centre South,Jan,31
2012,1432,Kamloops Centre South,Feb,30
2012,1432,Kamloops Centre South,Mar,22
2012,1432,Kamloops Centre South,Apr,20
2012,1432,Kamloops Centre South,May,28
2012,1432,Kamloops Centre South,Jun,29
2012,1432,Kamloops Centre South,Jul,18
2012,1432,Kamloops Centre South,Aug,38
2012,1432,Kamloops Centre South,Sep,18
2012,1432,Kamloops Centre South,Oct,31
2012,1432,Kamloops Centre South,Nov,23
2012,1432,Kamloops Centre South,Dec,24
2012,1433,Lower Thompson,Jan,11
2012,1433,Lower Thompson,Feb,10
2012,1433,Lower Thompson,Mar,9
2012,1433,Lower Thompson,Apr,12
2012,1433,Lower Thompson,May,14
2012,1433,Lower Thompson,Jun,15
2012,1433,Lower Thompson,Jul,15
2012,1433,Lower Thompson,Aug,12
2012,1433,Lower Thompson,Sep,11
2012,1433,Lower Thompson,Oct,9
2012,1433,Lower Thompson,Nov,11
2012,1433,Lower Thompson,Dec,11
2012,1440,100 Mile House,Jan,13
2012,1440,100 Mile House,Feb,7
2012,1440,100 Mile House,Mar,15
2012,1440,100 Mile House,Apr,15
2012,1440,100 Mile House,May,8
2012,1440,100 Mile House,Jun,11
2012,1440,100 Mile House,Jul,14
2012,1440,100 Mile House,Aug,16
2012,1440,100 Mile House,Sep,17
2012,1440,100 Mile House,Oct,18
2012,1440,100 Mile House,Nov,11
2012,1440,100 Mile House,Dec,14
2012,1450,North Thompson,Jan,1
2012,1450,North Thompson,Feb,3
2012,1450,North Thompson,Mar,3
2012,1450,North Thompson,Apr,6
2012,1450,North Thompson,May,5
2012,1450,North Thompson,Jun,3
2012,1450,North Thompson,Jul,2
2012,1450,North Thompson,Aug,3
2012,1450,North Thompson,Sep,2
2012,1450,North Thompson,Oct,0
2012,1450,North Thompson,Nov,7
2012,1450,North Thompson,Dec,5
2012,1461,West Cariboo,Jan,0
2012,1461,West Cariboo,Feb,2
2012,1461,West Cariboo,Mar,4
2012,1461,West Cariboo,Apr,2
2012,1461,West Cariboo,May,8
2012,1461,West Cariboo,Jun,1
2012,1461,West Cariboo,Jul,2
2012,1461,West Cariboo,Aug,2
2012,1461,West Cariboo,Sep,0
2012,1461,West Cariboo,Oct,0
2012,1461,West Cariboo,Nov,1
2012,1461,West Cariboo,Dec,1
2012,1462,Williams Lake/East Cariboo,Jan,22
2012,1462,Williams Lake/East Cariboo,Feb,13
2012,1462,Williams Lake/East Cariboo,Mar,12
2012,1462,Williams Lake/East Cariboo,Apr,14
2012,1462,Williams Lake/East Cariboo,May,16
2012,1462,Williams Lake/East Cariboo,Jun,19
2012,1462,Williams Lake/East Cariboo,Jul,12
2012,1462,Williams Lake/East Cariboo,Aug,17
2012,1462,Williams Lake/East Cariboo,Sep,17
2012,1462,Williams Lake/East Cariboo,Oct,14
2012,1462,Williams Lake/East Cariboo,Nov,20
2012,1462,Williams Lake/East Cariboo,Dec,14
2012,1470,Lillooet,Jan,4
2012,1470,Lillooet,Feb,4
2012,1470,Lillooet,Mar,2
2012,1470,Lillooet,Apr,1
2012,1470,Lillooet,May,4
2012,1470,Lillooet,Jun,0
2012,1470,Lillooet,Jul,0
2012,1470,Lillooet,Aug,1
2012,1470,Lillooet,Sep,3
2012,1470,Lillooet,Oct,3
2012,1470,Lillooet,Nov,3
2012,1470,Lillooet,Dec,4
2012,1480,South Cariboo,Jan,6
2012,1480,South Cariboo,Feb,6
2012,1480,South Cariboo,Mar,8
2012,1480,South Cariboo,Apr,5
2012,1480,South Cariboo,May,8
2012,1480,South Cariboo,Jun,6
2012,1480,South Cariboo,Jul,7
2012,1480,South Cariboo,Aug,7
2012,1480,South Cariboo,Sep,5
2012,1480,South Cariboo,Oct,4
2012,1480,South Cariboo,Nov,4
2012,1480,South Cariboo,Dec,14
2012,1490,Merritt,Jan,12
2012,1490,Merritt,Feb,10
2012,1490,Merritt,Mar,9
2012,1490,Merritt,Apr,16
2012,1490,Merritt,May,5
2012,1490,Merritt,Jun,8
2012,1490,Merritt,Jul,14
2012,1490,Merritt,Aug,12
2012,1490,Merritt,Sep,9
2012,1490,Merritt,Oct,11
2012,1490,Merritt,Nov,7
2012,1490,Merritt,Dec,10
2012,2110,Hope,Jan,9
2012,2110,Hope,Feb,8
2012,2110,Hope,Mar,5
2012,2110,Hope,Apr,7
2012,2110,Hope,May,4
2012,2110,Hope,Jun,5
2012,2110,Hope,Jul,11
2012,2110,Hope,Aug,7
2012,2110,Hope,Sep,7
2012,2110,Hope,Oct,10
2012,2110,Hope,Nov,6
2012,2110,Hope,Dec,14
2012,2121,South Chilliwack,Jan,23
2012,2121,South Chilliwack,Feb,27
2012,2121,South Chilliwack,Mar,19
2012,2121,South Chilliwack,Apr,21
2012,2121,South Chilliwack,May,25
2012,2121,South Chilliwack,Jun,28
2012,2121,South Chilliwack,Jul,21
2012,2121,South Chilliwack,Aug,18
2012,2121,South Chilliwack,Sep,18
2012,2121,South Chilliwack,Oct,24
2012,2121,South Chilliwack,Nov,16
2012,2121,South Chilliwack,Dec,29
2012,2122,North Chilliwack,Jan,44
2012,2122,North Chilliwack,Feb,55
2012,2122,North Chilliwack,Mar,32
2012,2122,North Chilliwack,Apr,19
2012,2122,North Chilliwack,May,46
2012,2122,North Chilliwack,Jun,40
2012,2122,North Chilliwack,Jul,30
2012,2122,North Chilliwack,Aug,34
2012,2122,North Chilliwack,Sep,38
2012,2122,North Chilliwack,Oct,41
2012,2122,North Chilliwack,Nov,37
2012,2122,North Chilliwack,Dec,38
2012,2131,Central Abbotsford,Jan,27
2012,2131,Central Abbotsford,Feb,30
2012,2131,Central Abbotsford,Mar,23
2012,2131,Central Abbotsford,Apr,29
2012,2131,Central Abbotsford,May,24
2012,2131,Central Abbotsford,Jun,32
2012,2131,Central Abbotsford,Jul,35
2012,2131,Central Abbotsford,Aug,30
2012,2131,Central Abbotsford,Sep,23
2012,2131,Central Abbotsford,Oct,31
2012,2131,Central Abbotsford,Nov,30
2012,2131,Central Abbotsford,Dec,18
2012,2132,East Abbotsford,Jan,12
2012,2132,East Abbotsford,Feb,9
2012,2132,East Abbotsford,Mar,9
2012,2132,East Abbotsford,Apr,13
2012,2132,East Abbotsford,May,8
2012,2132,East Abbotsford,Jun,8
2012,2132,East Abbotsford,Jul,17
2012,2132,East Abbotsford,Aug,9
2012,2132,East Abbotsford,Sep,8
2012,2132,East Abbotsford,Oct,11
2012,2132,East Abbotsford,Nov,8
2012,2132,East Abbotsford,Dec,20
2012,2133,West Abbotsford,Jan,39
2012,2133,West Abbotsford,Feb,28
2012,2133,West Abbotsford,Mar,32
2012,2133,West Abbotsford,Apr,35
2012,2133,West Abbotsford,May,32
2012,2133,West Abbotsford,Jun,31
2012,2133,West Abbotsford,Jul,37
2012,2133,West Abbotsford,Aug,40
2012,2133,West Abbotsford,Sep,33
2012,2133,West Abbotsford,Oct,33
2012,2133,West Abbotsford,Nov,29
2012,2133,West Abbotsford,Dec,35
2012,2134,Abbotsford Rural,Jan,12
2012,2134,Abbotsford Rural,Feb,12
2012,2134,Abbotsford Rural,Mar,11
2012,2134,Abbotsford Rural,Apr,5
2012,2134,Abbotsford Rural,May,13
2012,2134,Abbotsford Rural,Jun,12
2012,2134,Abbotsford Rural,Jul,9
2012,2134,Abbotsford Rural,Aug,14
2012,2134,Abbotsford Rural,Sep,4
2012,2134,Abbotsford Rural,Oct,10
2012,2134,Abbotsford Rural,Nov,6
2012,2134,Abbotsford Rural,Dec,13
2012,2141,South Mission,Jan,19
2012,2141,South Mission,Feb,17
2012,2141,South Mission,Mar,23
2012,2141,South Mission,Apr,14
2012,2141,South Mission,May,11
2012,2141,South Mission,Jun,16
2012,2141,South Mission,Jul,16
2012,2141,South Mission,Aug,18
2012,2141,South Mission,Sep,11
2012,2141,South Mission,Oct,19
2012,2141,South Mission,Nov,15
2012,2141,South Mission,Dec,20
2012,2142,North Mission,Jan,4
2012,2142,North Mission,Feb,7
2012,2142,North Mission,Mar,6
2012,2142,North Mission,Apr,13
2012,2142,North Mission,May,3
2012,2142,North Mission,Jun,7
2012,2142,North Mission,Jul,6
2012,2142,North Mission,Aug,7
2012,2142,North Mission,Sep,4
2012,2142,North Mission,Oct,4
2012,2142,North Mission,Nov,6
2012,2142,North Mission,Dec,5
2012,2150,Agassiz/Harrison,Jan,8
2012,2150,Agassiz/Harrison,Feb,10
2012,2150,Agassiz/Harrison,Mar,6
2012,2150,Agassiz/Harrison,Apr,9
2012,2150,Agassiz/Harrison,May,8
2012,2150,Agassiz/Harrison,Jun,9
2012,2150,Agassiz/Harrison,Jul,3
2012,2150,Agassiz/Harrison,Aug,9
2012,2150,Agassiz/Harrison,Sep,8
2012,2150,Agassiz/Harrison,Oct,7
2012,2150,Agassiz/Harrison,Nov,6
2012,2150,Agassiz/Harrison,Dec,11
2012,2210,New Westminster,Jan,52
2012,2210,New Westminster,Feb,37
2012,2210,New Westminster,Mar,33
2012,2210,New Westminster,Apr,29
2012,2210,New Westminster,May,41
2012,2210,New Westminster,Jun,31
2012,2210,New Westminster,Jul,33
2012,2210,New Westminster,Aug,30
2012,2210,New Westminster,Sep,44
2012,2210,New Westminster,Oct,36
2012,2210,New Westminster,Nov,37
2012,2210,New Westminster,Dec,42
2012,2221,Burnaby Northwest,Jan,26
2012,2221,Burnaby Northwest,Feb,25
2012,2221,Burnaby Northwest,Mar,23
2012,2221,Burnaby Northwest,Apr,21
2012,2221,Burnaby Northwest,May,20
2012,2221,Burnaby Northwest,Jun,17
2012,2221,Burnaby Northwest,Jul,20
2012,2221,Burnaby Northwest,Aug,17
2012,2221,Burnaby Northwest,Sep,18
2012,2221,Burnaby Northwest,Oct,21
2012,2221,Burnaby Northwest,Nov,26
2012,2221,Burnaby Northwest,Dec,17
2012,2222,Burnaby Northeast,Jan,18
2012,2222,Burnaby Northeast,Feb,15
2012,2222,Burnaby Northeast,Mar,10
2012,2222,Burnaby Northeast,Apr,12
2012,2222,Burnaby Northeast,May,14
2012,2222,Burnaby Northeast,Jun,19
2012,2222,Burnaby Northeast,Jul,17
2012,2222,Burnaby Northeast,Aug,11
2012,2222,Burnaby Northeast,Sep,17
2012,2222,Burnaby Northeast,Oct,11
2012,2222,Burnaby Northeast,Nov,20
2012,2222,Burnaby Northeast,Dec,24
2012,2223,Burnaby Southwest,Jan,43
2012,2223,Burnaby Southwest,Feb,44
2012,2223,Burnaby Southwest,Mar,35
2012,2223,Burnaby Southwest,Apr,37
2012,2223,Burnaby Southwest,May,42
2012,2223,Burnaby Southwest,Jun,37
2012,2223,Burnaby Southwest,Jul,29
2012,2223,Burnaby Southwest,Aug,35
2012,2223,Burnaby Southwest,Sep,33
2012,2223,Burnaby Southwest,Oct,39
2012,2223,Burnaby Southwest,Nov,50
2012,2223,Burnaby Southwest,Dec,51
2012,2224,Burnaby Southeast,Jan,32
2012,2224,Burnaby Southeast,Feb,29
2012,2224,Burnaby Southeast,Mar,48
2012,2224,Burnaby Southeast,Apr,25
2012,2224,Burnaby Southeast,May,28
2012,2224,Burnaby Southeast,Jun,28
2012,2224,Burnaby Southeast,Jul,42
2012,2224,Burnaby Southeast,Aug,29
2012,2224,Burnaby Southeast,Sep,37
2012,2224,Burnaby Southeast,Oct,30
2012,2224,Burnaby Southeast,Nov,43
2012,2224,Burnaby Southeast,Dec,33
2012,2231,Haney,Jan,22
2012,2231,Haney,Feb,20
2012,2231,Haney,Mar,25
2012,2231,Haney,Apr,30
2012,2231,Haney,May,26
2012,2231,Haney,Jun,19
2012,2231,Haney,Jul,19
2012,2231,Haney,Aug,17
2012,2231,Haney,Sep,20
2012,2231,Haney,Oct,21
2012,2231,Haney,Nov,19
2012,2231,Haney,Dec,24
2012,2232,Pitt Meadows,Jan,3
2012,2232,Pitt Meadows,Feb,3
2012,2232,Pitt Meadows,Mar,10
2012,2232,Pitt Meadows,Apr,8
2012,2232,Pitt Meadows,May,7
2012,2232,Pitt Meadows,Jun,2
2012,2232,Pitt Meadows,Jul,5
2012,2232,Pitt Meadows,Aug,4
2012,2232,Pitt Meadows,Sep,6
2012,2232,Pitt Meadows,Oct,10
2012,2232,Pitt Meadows,Nov,8
2012,2232,Pitt Meadows,Dec,10
2012,2233,Maple Ridge Rural,Jan,17
2012,2233,Maple Ridge Rural,Feb,24
2012,2233,Maple Ridge Rural,Mar,14
2012,2233,Maple Ridge Rural,Apr,21
2012,2233,Maple Ridge Rural,May,23
2012,2233,Maple Ridge Rural,Jun,14
2012,2233,Maple Ridge Rural,Jul,23
2012,2233,Maple Ridge Rural,Aug,14
2012,2233,Maple Ridge Rural,Sep,16
2012,2233,Maple Ridge Rural,Oct,18
2012,2233,Maple Ridge Rural,Nov,16
2012,2233,Maple Ridge Rural,Dec,24
2012,2241,North Coquitlam,Jan,7
2012,2241,North Coquitlam,Feb,4
2012,2241,North Coquitlam,Mar,3
2012,2241,North Coquitlam,Apr,9
2012,2241,North Coquitlam,May,3
2012,2241,North Coquitlam,Jun,4
2012,2241,North Coquitlam,Jul,8
2012,2241,North Coquitlam,Aug,5
2012,2241,North Coquitlam,Sep,6
2012,2241,North Coquitlam,Oct,6
2012,2241,North Coquitlam,Nov,7
2012,2241,North Coquitlam,Dec,5
2013,1110,Fernie,Jan,3
2013,1110,Fernie,Feb,5
2013,1110,Fernie,Mar,13
2013,1110,Fernie,Apr,8
2013,1110,Fernie,May,10
2013,1110,Fernie,Jun,6
2013,1110,Fernie,Jul,3
2013,1110,Fernie,Aug,9
2013,1110,Fernie,Sep,8
2013,1110,Fernie,Oct,6
2013,1110,Fernie,Nov,4
2013,1110,Fernie,Dec,4
2013,1120,Cranbrook,Jan,19
2013,1120,Cranbrook,Feb,18
2013,1120,Cranbrook,Mar,17
2013,1120,Cranbrook,Apr,15
2013,1120,Cranbrook,May,11
2013,1120,Cranbrook,Jun,12
2013,1120,Cranbrook,Jul,23
2013,1120,Cranbrook,Aug,14
2013,1120,Cranbrook,Sep,16
2013,1120,Cranbrook,Oct,21
2013,1120,Cranbrook,Nov,22
2013,1120,Cranbrook,Dec,19
2013,1130,Kimberley,Jan,8
2013,1130,Kimberley,Feb,2
2013,1130,Kimberley,Mar,8
2013,1130,Kimberley,Apr,7
2013,1130,Kimberley,May,9
2013,1130,Kimberley,Jun,8
2013,1130,Kimberley,Jul,3
2013,1130,Kimberley,Aug,8
2013,1130,Kimberley,Sep,9
2013,1130,Kimberley,Oct,4
2013,1130,Kimberley,Nov,9
2013,1130,Kimberley,Dec,6
2013,1140,Windermere,Jan,5
2013,1140,Windermere,Feb,4
2013,1140,Windermere,Mar,6
2013,1140,Windermere,Apr,2
2013,1140,Windermere,May,5
2013,1140,Windermere,Jun,5
2013,1140,Windermere,Jul,8
2013,1140,Windermere,Aug,6
2013,1140,Windermere,Sep,6
2013,1140,Windermere,Oct,8
2013,1140,Windermere,Nov,5
2013,1140,Windermere,Dec,6
2013,1150,Creston,Jan,15
2013,1150,Creston,Feb,15
2013,1150,Creston,Mar,11
2013,1150,Creston,Apr,9
2013,1150,Creston,May,14
2013,1150,Creston,Jun,14
2013,1150,Creston,Jul,16
2013,1150,Creston,Aug,14
2013,1150,Creston,Sep,9
2013,1150,Creston,Oct,13
2013,1150,Creston,Nov,18
2013,1150,Creston,Dec,8
2013,1160,Golden,Jan,6
2013,1160,Golden,Feb,1
2013,1160,Golden,Mar,2
2013,1160,Golden,Apr,1
2013,1160,Golden,May,2
2013,1160,Golden,Jun,5
2013,1160,Golden,Jul,2
2013,1160,Golden,Aug,4
2013,1160,Golden,Sep,2
2013,1160,Golden,Oct,4
2013,1160,Golden,Nov,3
2013,1160,Golden,Dec,4
2013,1210,Kootenay Lake,Jan,0
2013,1210,Kootenay Lake,Feb,2
2013,1210,Kootenay Lake,Mar,3
2013,1210,Kootenay Lake,Apr,2
2013,1210,Kootenay Lake,May,3
2013,1210,Kootenay Lake,Jun,0
2013,1210,Kootenay Lake,Jul,3
2013,1210,Kootenay Lake,Aug,6
2013,1210,Kootenay Lake,Sep,2
2013,1210,Kootenay Lake,Oct,3
2013,1210,Kootenay Lake,Nov,1
2013,1210,Kootenay Lake,Dec,3
2013,1220,Nelson,Jan,16
2013,1220,Nelson,Feb,17
2013,1220,Nelson,Mar,19
2013,1220,Nelson,Apr,23
2013,1220,Nelson,May,13
2013,1220,Nelson,Jun,17
2013,1220,Nelson,Jul,16
2013,1220,Nelson,Aug,15
2013,1220,Nelson,Sep,20
2013,1220,Nelson,Oct,18
2013,1220,Nelson,Nov,18
2013,1220,Nelson,Dec,13
2013,1230,Castlegar,Jan,10
2013,1230,Castlegar,Feb,10
2013,1230,Castlegar,Mar,4
2013,1230,Castlegar,Apr,13
2013,1230,Castlegar,May,10
2013,1230,Castlegar,Jun,5
2013,1230,Castlegar,Jul,12
2013,1230,Castlegar,Aug,10
2013,1230,Castlegar,Sep,15
2013,1230,Castlegar,Oct,11
2013,1230,Castlegar,Nov,10
2013,1230,Castlegar,Dec,9
2013,1240,Arrow Lakes,Jan,6
2013,1240,Arrow Lakes,Feb,3
2013,1240,Arrow Lakes,Mar,6
2013,1240,Arrow Lakes,Apr,4
2013,1240,Arrow Lakes,May,4
2013,1240,Arrow Lakes,Jun,7
2013,1240,Arrow Lakes,Jul,1
2013,1240,Arrow Lakes,Aug,3
2013,1240,Arrow Lakes,Sep,0
2013,1240,Arrow Lakes,Oct,4
2013,1240,Arrow Lakes,Nov,5
2013,1240,Arrow Lakes,Dec,5
2013,1250,Trail,Jan,24
2013,1250,Trail,Feb,14
2013,1250,Trail,Mar,19
2013,1250,Trail,Apr,21
2013,1250,Trail,May,12
2013,1250,Trail,Jun,15
2013,1250,Trail,Jul,19
2013,1250,Trail,Aug,17
2013,1250,Trail,Sep,17
2013,1250,Trail,Oct,20
2013,1250,Trail,Nov,19
2013,1250,Trail,Dec,16
2013,1260,Grand Forks,Jan,12
2013,1260,Grand Forks,Feb,14
2013,1260,Grand Forks,Mar,9
2013,1260,Grand Forks,Apr,12
2013,1260,Grand Forks,May,7
2013,1260,Grand Forks,Jun,10
2013,1260,Grand Forks,Jul,9
2013,1260,Grand Forks,Aug,9
2013,1260,Grand Forks,Sep,6
2013,1260,Grand Forks,Oct,9
2013,1260,Grand Forks,Nov,9
2013,1260,Grand Forks,Dec,4
2013,1270,Kettle Valley,Jan,3
2013,1270,Kettle Valley,Feb,2
2013,1270,Kettle Valley,Mar,2
2013,1270,Kettle Valley,Apr,1
2013,1270,Kettle Valley,May,1
2013,1270,Kettle Valley,Jun,1
2013,1270,Kettle Valley,Jul,3
2013,1270,Kettle Valley,Aug,2
2013,1270,Kettle Valley,Sep,6
2013,1270,Kettle Valley,Oct,7
2013,1270,Kettle Valley,Nov,2
2013,1270,Kettle Valley,Dec,4
2013,1310,Southern Okanagan,Jan,32
2013,1310,Southern Okanagan,Feb,16
2013,1310,Southern Okanagan,Mar,23
2013,1310,Southern Okanagan,Apr,21
2013,1310,Southern Okanagan,May,21
2013,1310,Southern Okanagan,Jun,14
2013,1310,Southern Okanagan,Jul,21
2013,1310,Southern Okanagan,Aug,23
2013,1310,Southern Okanagan,Sep,24
2013,1310,Southern Okanagan,Oct,28
2013,1310,Southern Okanagan,Nov,33
2013,1310,Southern Okanagan,Dec,20
2013,1320,Penticton,Jan,51
2013,1320,Penticton,Feb,37
2013,1320,Penticton,Mar,45
2013,1320,Penticton,Apr,42
2013,1320,Penticton,May,46
2013,1320,Penticton,Jun,47
2013,1320,Penticton,Jul,40
2013,1320,Penticton,Aug,48
2013,1320,Penticton,Sep,49
2013,1320,Penticton,Oct,44
2013,1320,Penticton,Nov,53
2013,1320,Penticton,Dec,41
2013,1330,Keremeos,Jan,5
2013,1330,Keremeos,Feb,7
2013,1330,Keremeos,Mar,6
2013,1330,Keremeos,Apr,7
2013,1330,Keremeos,May,3
2013,1330,Keremeos,Jun,4
2013,1330,Keremeos,Jul,7
2013,1330,Keremeos,Aug,5
2013,1330,Keremeos,Sep,9
2013,1330,Keremeos,Oct,5
2013,1330,Keremeos,Nov,2
2013,1330,Keremeos,Dec,7
2013,1340,Princeton,Jan,8
2013,1340,Princeton,Feb,4
2013,1340,Princeton,Mar,7
2013,1340,Princeton,Apr,2
2013,1340,Princeton,May,2
2013,1340,Princeton,Jun,5
2013,1340,Princeton,Jul,4
2013,1340,Princeton,Aug,2
2013,1340,Princeton,Sep,6
2013,1340,Princeton,Oct,5
2013,1340,Princeton,Nov,5
2013,1340,Princeton,Dec,3
2013,1350,Armstrong/Spallumcheen,Jan,3
2013,1350,Armstrong/Spallumcheen,Feb,4
2013,1350,Armstrong/Spallumcheen,Mar,14
2013,1350,Armstrong/Spallumcheen,Apr,3
2013,1350,Armstrong/Spallumcheen,May,10
2013,1350,Armstrong/Spallumcheen,Jun,6
2013,1350,Armstrong/Spallumcheen,Jul,9
2013,1350,Armstrong/Spallumcheen,Aug,4
2013,1350,Armstrong/Spallumcheen,Sep,12
2013,1350,Armstrong/Spallumcheen,Oct,8
2013,1350,Armstrong/Spallumcheen,Nov,6
2013,1350,Armstrong/Spallumcheen,Dec,12
2013,1361,Vernon Centre/Coldstream,Jan,52
2013,1361,Vernon Centre/Coldstream,Feb,48
2013,1361,Vernon Centre/Coldstream,Mar,51
2013,1361,Vernon Centre/Coldstream,Apr,47
2013,1361,Vernon Centre/Coldstream,May,39
2013,1361,Vernon Centre/Coldstream,Jun,45
2013,1361,Vernon Centre/Coldstream,Jul,42
2013,1361,Vernon Centre/Coldstream,Aug,50
2013,1361,Vernon Centre/Coldstream,Sep,49
2013,1361,Vernon Centre/Coldstream,Oct,51
2013,1361,Vernon Centre/Coldstream,Nov,38
2013,1361,Vernon Centre/Coldstream,Dec,49
2013,1362,North Okanagan/Lumby,Jan,8
2013,1362,North Okanagan/Lumby,Feb,5
2013,1362,North Okanagan/Lumby,Mar,10
2013,1362,North Okanagan/Lumby,Apr,7
2013,1362,North Okanagan/Lumby,May,5
2013,1362,North Okanagan/Lumby,Jun,12
2013,1362,North Okanagan/Lumby,Jul,13
2013,1362,North Okanagan/Lumby,Aug,11
2013,1362,North Okanagan/Lumby,Sep,5
2013,1362,North Okanagan/Lumby,Oct,12
2013,1362,North Okanagan/Lumby,Nov,7
2013,1362,North Okanagan/Lumby,Dec,17
2013,1371,Central Okanagan Rural,Jan,3
2013,1371,Central Okanagan Rural,Feb,4
2013,1371,Central Okanagan Rural,Mar,5
2013,1371,Central Okanagan Rural,Apr,3
2013,1371,Central Okanagan Rural,May,6
2013,1371,Central Okanagan Rural,Jun,5
2013,1371,Central Okanagan Rural,Jul,6
2013,1371,Central Okanagan Rural,Aug,4
2013,1371,Central Okanagan Rural,Sep,3
2013,1371,Central Okanagan Rural,Oct,8
2013,1371,Central Okanagan Rural,Nov,2
2013,1371,Central Okanagan Rural,Dec,6
2013,1372,West Kelowna,Jan,20
2013,1372,West Kelowna,Feb,18
2013,1372,West Kelowna,Mar,36
2013,1372,West Kelowna,Apr,34
2013,1372,West Kelowna,May,27
2013,1372,West Kelowna,Jun,19
2013,1372,West Kelowna,Jul,27
2013,1372,West Kelowna,Aug,22
2013,1372,West Kelowna,Sep,23
2013,1372,West Kelowna,Oct,19
2013,1372,West Kelowna,Nov,39
2013,1372,West Kelowna,Dec,22
2013,1373,Lake Country,Jan,7
2013,1373,Lake Country,Feb,8
2013,1373,Lake Country,Mar,7
2013,1373,Lake Country,Apr,6
2013,1373,Lake Country,May,6
2013,1373,Lake Country,Jun,9
2013,1373,Lake Country,Jul,12
2013,1373,Lake Country,Aug,6
2013,1373,Lake Country,Sep,10
2013,1373,Lake Country,Oct,6
2013,1373,Lake Country,Nov,8
2013,1373,Lake Country,Dec,5
2013,1374,Glenmore,Jan,14
2013,1374,Glenmore,Feb,23
2013,1374,Glenmore,Mar,18
2013,1374,Glenmore,Apr,16
2013,1374,Glenmore,May,20
2013,1374,Glenmore,Jun,21
2013,1374,Glenmore,Jul,13
2013,1374,Glenmore,Aug,13
2013,1374,Glenmore,Sep,17
2013,1374,Glenmore,Oct,14
2013,1374,Glenmore,Nov,14
2013,1374,Glenmore,Dec,17
2013,1375,Downtown Kelowna,Jan,71
2013,1375,Downtown Kelowna,Feb,44
2013,1375,Downtown Kelowna,Mar,49
2013,1375,Downtown Kelowna,Apr,41
2013,1375,Downtown Kelowna,May,54
2013,1375,Downtown Kelowna,Jun,35
2013,1375,Downtown Kelowna,Jul,38
2013,1375,Downtown Kelowna,Aug,43
2013,1375,Downtown Kelowna,Sep,34
2013,1375,Downtown Kelowna,Oct,35
2013,1375,Downtown Kelowna,Nov,52
2013,1375,Downtown Kelowna,Dec,55
2013,1376,Rutland,Jan,28
2013,1376,Rutland,Feb,23
2013,1376,Rutland,Mar,18
2013,1376,Rutland,Apr,22
2013,1376,Rutland,May,24
2013,1376,Rutland,Jun,16
2013,1376,Rutland,Jul,22
2013,1376,Rutland,Aug,16
2013,1376,Rutland,Sep,30
2013,1376,Rutland,Oct,34
2013,1376,Rutland,Nov,20
2013,1376,Rutland,Dec,23
2013,1377,Okanagan Mission,Jan,10
2013,1377,Okanagan Mission,Feb,9
2013,1377,Okanagan Mission,Mar,6
2013,1377,Okanagan Mission,Apr,6
2013,1377,Okanagan Mission,May,14
2013,1377,Okanagan Mission,Jun,8
2013,1377,Okanagan Mission,Jul,7
2013,1377,Okanagan Mission,Aug,9
2013,1377,Okanagan Mission,Sep,6
2013,1377,Okanagan Mission,Oct,6
2013,1377,Okanagan Mission,Nov,10
2013,1377,Okanagan Mission,Dec,7
2013,1380,Summerland,Jan,13
2013,1380,Summerland,Feb,10
2013,1380,Summerland,Mar,10
2013,1380,Summerland,Apr,15
2013,1380,Summerland,May,9
2013,1380,Summerland,Jun,10
2013,1380,Summerland,Jul,14
2013,1380,Summerland,Aug,15
2013,1380,Summerland,Sep,5
2013,1380,Summerland,Oct,10
2013,1380,Summerland,Nov,12
2013,1380,Summerland,Dec,9
2013,1390,Enderby,Jan,8
2013,1390,Enderby,Feb,9
2013,1390,Enderby,Mar,6
2013,1390,Enderby,Apr,7
2013,1390,Enderby,May,9
2013,1390,Enderby,Jun,9
2013,1390,Enderby,Jul,7
2013,1390,Enderby,Aug,7
2013,1390,Enderby,Sep,8
2013,1390,Enderby,Oct,6
2013,1390,Enderby,Nov,10
2013,1390,Enderby,Dec,5
2013,1410,Revelstoke,Jan,6
2013,1410,Revelstoke,Feb,5
2013,1410,Revelstoke,Mar,6
2013,1410,Revelstoke,Apr,5
2013,1410,Revelstoke,May,4
2013,1410,Revelstoke,Jun,3
2013,1410,Revelstoke,Jul,5
2013,1410,Revelstoke,Aug,8
2013,1410,Revelstoke,Sep,2
2013,1410,Revelstoke,Oct,3
2013,1410,Revelstoke,Nov,6
2013,1410,Revelstoke,Dec,2
2013,1420,Salmon Arm,Jan,36
2013,1420,Salmon Arm,Feb,33
2013,1420,Salmon Arm,Mar,30
2013,1420,Salmon Arm,Apr,37
2013,1420,Salmon Arm,May,34
2013,1420,Salmon Arm,Jun,37
2013,1420,Salmon Arm,Jul,24
2013,1420,Salmon Arm,Aug,35
2013,1420,Salmon Arm,Sep,31
2013,1420,Salmon Arm,Oct,37
2013,1420,Salmon Arm,Nov,39
2013,1420,Salmon Arm,Dec,30
2013,1431,Kamloops Centre North,Jan,43
2013,1431,Kamloops Centre North,Feb,35
2013,1431,Kamloops Centre North,Mar,39
2013,1431,Kamloops Centre North,Apr,44
2013,1431,Kamloops Centre North,May,48
2013,1431,Kamloops Centre North,Jun,33
2013,1431,Kamloops Centre North,Jul,29
2013,1431,Kamloops Centre North,Aug,42
2013,1431,Kamloops Centre North,Sep,32
2013,1431,Kamloops Centre North,Oct,39
2013,1431,Kamloops Centre North,Nov,50
2013,1431,Kamloops Centre North,Dec,50
2013,1432,Kamloops Centre South,Jan,34
2013,1432,Kamloops Centre South,Feb,28
2013,1432,Kamloops Centre South,Mar,30
2013,1432,Kamloops Centre South,Apr,38
2013,1432,Kamloops Centre South,May,26
2013,1432,Kamloops Centre South,Jun,31
2013,1432,Kamloops Centre South,Jul,30
2013,1432,Kamloops Centre South,Aug,20
2013,1432,Kamloops Centre South,Sep,22
2013,1432,Kamloops Centre South,Oct,26
2013,1432,Kamloops Centre South,Nov,32
2013,1432,Kamloops Centre South,Dec,38
2013,1433,Lower Thompson,Jan,8
2013,1433,Lower Thompson,Feb,11
2013,1433,Lower Thompson,Mar,13
2013,1433,Lower Thompson,Apr,14
2013,1433,Lower Thompson,May,15
2013,1433,Lower Thompson,Jun,14
2013,1433,Lower Thompson,Jul,12
2013,1433,Lower Thompson,Aug,10
2013,1433,Lower Thompson,Sep,7
2013,1433,Lower Thompson,Oct,13
2013,1433,Lower Thompson,Nov,15
2013,1433,Lower Thompson,Dec,22
2013,1440,100 Mile House,Jan,17
2013,1440,100 Mile House,Feb,11
2013,1440,100 Mile House,Mar,10
2013,1440,100 Mile House,Apr,12
2013,1440,100 Mile House,May,10
2013,1440,100 Mile House,Jun,17
2013,1440,100 Mile House,Jul,11
2013,1440,100 Mile House,Aug,7
2013,1440,100 Mile House,Sep,10
2013,1440,100 Mile House,Oct,9
2013,1440,100 Mile House,Nov,13
2013,1440,100 Mile House,Dec,7
2013,1450,North Thompson,Jan,2
2013,1450,North Thompson,Feb,3
2013,1450,North Thompson,Mar,4
2013,1450,North Thompson,Apr,5
2013,1450,North Thompson,May,5
2013,1450,North Thompson,Jun,3
2013,1450,North Thompson,Jul,2
2013,1450,North Thompson,Aug,4
2013,1450,North Thompson,Sep,4
2013,1450,North Thompson,Oct,3
2013,1450,North Thompson,Nov,1
2013,1450,North Thompson,Dec,3
2013,1461,West Cariboo,Jan,2
2013,1461,West Cariboo,Feb,1
2013,1461,West Cariboo,Mar,1
2013,1461,West Cariboo,Apr,1
2013,1461,West Cariboo,May,1
2013,1461,West Cariboo,Jun,2
2013,1461,West Cariboo,Jul,0
2013,1461,West Cariboo,Aug,1
2013,1461,West Cariboo,Sep,4
2013,1461,West Cariboo,Oct,2
2013,1461,West Cariboo,Nov,2
2013,1461,West Cariboo,Dec,1
2013,1462,Williams Lake/East Cariboo,Jan,22
2013,1462,Williams Lake/East Cariboo,Feb,12
2013,1462,Williams Lake/East Cariboo,Mar,18
2013,1462,Williams Lake/East Cariboo,Apr,11
2013,1462,Williams Lake/East Cariboo,May,10
2013,1462,Williams Lake/East Cariboo,Jun,16
2013,1462,Williams Lake/East Cariboo,Jul,14
2013,1462,Williams Lake/East Cariboo,Aug,11
2013,1462,Williams Lake/East Cariboo,Sep,15
2013,1462,Williams Lake/East Cariboo,Oct,16
2013,1462,Williams Lake/East Cariboo,Nov,15
2013,1462,Williams Lake/East Cariboo,Dec,15
2013,1470,Lillooet,Jan,7
2013,1470,Lillooet,Feb,3
2013,1470,Lillooet,Mar,5
2013,1470,Lillooet,Apr,1
2013,1470,Lillooet,May,6
2013,1470,Lillooet,Jun,3
2013,1470,Lillooet,Jul,4
2013,1470,Lillooet,Aug,0
2013,1470,Lillooet,Sep,2
2013,1470,Lillooet,Oct,1
2013,1470,Lillooet,Nov,3
2013,1470,Lillooet,Dec,0
2013,1480,South Cariboo,Jan,5
2013,1480,South Cariboo,Feb,6
2013,1480,South Cariboo,Mar,5
2013,1480,South Cariboo,Apr,8
2013,1480,South Cariboo,May,8
2013,1480,South Cariboo,Jun,6
2013,1480,South Cariboo,Jul,6
2013,1480,South Cariboo,Aug,5
2013,1480,South Cariboo,Sep,7
2013,1480,South Cariboo,Oct,4
2013,1480,South Cariboo,Nov,5
2013,1480,South Cariboo,Dec,7
2013,1490,Merritt,Jan,10
2013,1490,Merritt,Feb,9
2013,1490,Merritt,Mar,10
2013,1490,Merritt,Apr,8
2013,1490,Merritt,May,12
2013,1490,Merritt,Jun,17
2013,1490,Merritt,Jul,7
2013,1490,Merritt,Aug,4
2013,1490,Merritt,Sep,10
2013,1490,Merritt,Oct,12
2013,1490,Merritt,Nov,6
2013,1490,Merritt,Dec,9
2013,2110,Hope,Jan,10
2013,2110,Hope,Feb,8
2013,2110,Hope,Mar,9
2013,2110,Hope,Apr,7
2013,2110,Hope,May,10
2013,2110,Hope,Jun,9
2013,2110,Hope,Jul,8
2013,2110,Hope,Aug,9
2013,2110,Hope,Sep,4
2013,2110,Hope,Oct,7
2013,2110,Hope,Nov,7
2013,2110,Hope,Dec,7
2013,2121,South Chilliwack,Jan,20
2013,2121,South Chilliwack,Feb,20
2013,2121,South Chilliwack,Mar,26
2013,2121,South Chilliwack,Apr,37
2013,2121,South Chilliwack,May,24
2013,2121,South Chilliwack,Jun,27
2013,2121,South Chilliwack,Jul,22
2013,2121,South Chilliwack,Aug,25
2013,2121,South Chilliwack,Sep,20
2013,2121,South Chilliwack,Oct,31
2013,2121,South Chilliwack,Nov,22
2013,2121,South Chilliwack,Dec,36
2013,2122,North Chilliwack,Jan,55
2013,2122,North Chilliwack,Feb,45
2013,2122,North Chilliwack,Mar,45
2013,2122,North Chilliwack,Apr,50
2013,2122,North Chilliwack,May,39
2013,2122,North Chilliwack,Jun,43
2013,2122,North Chilliwack,Jul,31
2013,2122,North Chilliwack,Aug,43
2013,2122,North Chilliwack,Sep,23
2013,2122,North Chilliwack,Oct,41
2013,2122,North Chilliwack,Nov,44
2013,2122,North Chilliwack,Dec,39
2013,2131,Central Abbotsford,Jan,38
2013,2131,Central Abbotsford,Feb,29
2013,2131,Central Abbotsford,Mar,23
2013,2131,Central Abbotsford,Apr,23
2013,2131,Central Abbotsford,May,30
2013,2131,Central Abbotsford,Jun,27
2013,2131,Central Abbotsford,Jul,21
2013,2131,Central Abbotsford,Aug,26
2013,2131,Central Abbotsford,Sep,14
2013,2131,Central Abbotsford,Oct,27
2013,2131,Central Abbotsford,Nov,23
2013,2131,Central Abbotsford,Dec,29
2013,2132,East Abbotsford,Jan,11
2013,2132,East Abbotsford,Feb,13
2013,2132,East Abbotsford,Mar,13
2013,2132,East Abbotsford,Apr,9
2013,2132,East Abbotsford,May,11
2013,2132,East Abbotsford,Jun,9
2013,2132,East Abbotsford,Jul,6
2013,2132,East Abbotsford,Aug,8
2013,2132,East Abbotsford,Sep,12
2013,2132,East Abbotsford,Oct,8
2013,2132,East Abbotsford,Nov,9
2013,2132,East Abbotsford,Dec,8
2013,2133,West Abbotsford,Jan,43
2013,2133,West Abbotsford,Feb,28
2013,2133,West Abbotsford,Mar,32
2013,2133,West Abbotsford,Apr,42
2013,2133,West Abbotsford,May,24
2013,2133,West Abbotsford,Jun,23
2013,2133,West Abbotsford,Jul,34
2013,2133,West Abbotsford,Aug,41
2013,2133,West Abbotsford,Sep,38
2013,2133,West Abbotsford,Oct,40
2013,2133,West Abbotsford,Nov,30
2013,2133,West Abbotsford,Dec,30
2013,2134,Abbotsford Rural,Jan,8
2013,2134,Abbotsford Rural,Feb,8
2013,2134,Abbotsford Rural,Mar,7
2013,2134,Abbotsford Rural,Apr,12
2013,2134,Abbotsford Rural,May,12
2013,2134,Abbotsford Rural,Jun,7
2013,2134,Abbotsford Rural,Jul,6
2013,2134,Abbotsford Rural,Aug,11
2013,2134,Abbotsford Rural,Sep,9
2013,2134,Abbotsford Rural,Oct,8
2013,2134,Abbotsford Rural,Nov,4
2013,2134,Abbotsford Rural,Dec,6
2013,2141,South Mission,Jan,14
2013,2141,South Mission,Feb,26
2013,2141,South Mission,Mar,19
2013,2141,South Mission,Apr,16
2013,2141,South Mission,May,21
2013,2141,South Mission,Jun,10
2013,2141,South Mission,Jul,17
2013,2141,South Mission,Aug,18
2013,2141,South Mission,Sep,11
2013,2141,South Mission,Oct,22
2013,2141,South Mission,Nov,12
2013,2141,South Mission,Dec,16
2013,2142,North Mission,Jan,13
2013,2142,North Mission,Feb,6
2013,2142,North Mission,Mar,4
2013,2142,North Mission,Apr,4
2013,2142,North Mission,May,10
2013,2142,North Mission,Jun,5
2013,2142,North Mission,Jul,6
2013,2142,North Mission,Aug,8
2013,2142,North Mission,Sep,8
2013,2142,North Mission,Oct,3
2013,2142,North Mission,Nov,9
2013,2142,North Mission,Dec,9
2013,2150,Agassiz/Harrison,Jan,5
2013,2150,Agassiz/Harrison,Feb,4
2013,2150,Agassiz/Harrison,Mar,5
2013,2150,Agassiz/Harrison,Apr,6
2013,2150,Agassiz/Harrison,May,6
2013,2150,Agassiz/Harrison,Jun,5
2013,2150,Agassiz/Harrison,Jul,6
2013,2150,Agassiz/Harrison,Aug,4
2013,2150,Agassiz/Harrison,Sep,15
2013,2150,Agassiz/Harrison,Oct,9
2013,2150,Agassiz/Harrison,Nov,6
2013,2150,Agassiz/Harrison,Dec,11
2013,2210,New Westminster,Jan,39
2013,2210,New Westminster,Feb,36
2013,2210,New Westminster,Mar,45
2013,2210,New Westminster,Apr,53
2013,2210,New Westminster,May,42
2013,2210,New Westminster,Jun,41
2013,2210,New Westminster,Jul,44
2013,2210,New Westminster,Aug,43
2013,2210,New Westminster,Sep,37
2013,2210,New Westminster,Oct,35
2013,2210,New Westminster,Nov,35
2013,2210,New Westminster,Dec,39
2013,2221,Burnaby Northwest,Jan,18
2013,2221,Burnaby Northwest,Feb,17
2013,2221,Burnaby Northwest,Mar,20
2013,2221,Burnaby Northwest,Apr,20
2013,2221,Burnaby Northwest,May,20
2013,2221,Burnaby Northwest,Jun,19
2013,2221,Burnaby Northwest,Jul,23
2013,2221,Burnaby Northwest,Aug,24
2013,2221,Burnaby Northwest,Sep,18
2013,2221,Burnaby Northwest,Oct,25
2013,2221,Burnaby Northwest,Nov,21
2013,2221,Burnaby Northwest,Dec,23
2013,2222,Burnaby Northeast,Jan,21
2013,2222,Burnaby Northeast,Feb,12
2013,2222,Burnaby Northeast,Mar,16
2013,2222,Burnaby Northeast,Apr,17
2013,2222,Burnaby Northeast,May,17
2013,2222,Burnaby Northeast,Jun,12
2013,2222,Burnaby Northeast,Jul,9
2013,2222,Burnaby Northeast,Aug,8
2013,2222,Burnaby Northeast,Sep,9
2013,2222,Burnaby Northeast,Oct,12
2013,2222,Burnaby Northeast,Nov,19
2013,2222,Burnaby Northeast,Dec,16
2013,2223,Burnaby Southwest,Jan,44
2013,2223,Burnaby Southwest,Feb,37
2013,2223,Burnaby Southwest,Mar,38
2013,2223,Burnaby Southwest,Apr,26
2013,2223,Burnaby Southwest,May,45
2013,2223,Burnaby Southwest,Jun,42
2013,2223,Burnaby Southwest,Jul,32
2013,2223,Burnaby Southwest,Aug,47
2013,2223,Burnaby Southwest,Sep,37
2013,2223,Burnaby Southwest,Oct,36
2013,2223,Burnaby Southwest,Nov,42
2013,2223,Burnaby Southwest,Dec,40
2013,2224,Burnaby Southeast,Jan,46
2013,2224,Burnaby Southeast,Feb,38
2013,2224,Burnaby Southeast,Mar,34
2013,2224,Burnaby Southeast,Apr,34
2013,2224,Burnaby Southeast,May,31
2013,2224,Burnaby Southeast,Jun,34
2013,2224,Burnaby Southeast,Jul,25
2013,2224,Burnaby Southeast,Aug,37
2013,2224,Burnaby Southeast,Sep,34
2013,2224,Burnaby Southeast,Oct,36
2013,2224,Burnaby Southeast,Nov,24
2013,2224,Burnaby Southeast,Dec,44
2013,2231,Haney,Jan,30
2013,2231,Haney,Feb,19
2013,2231,Haney,Mar,34
2013,2231,Haney,Apr,26
2013,2231,Haney,May,28
2013,2231,Haney,Jun,17
2013,2231,Haney,Jul,27
2013,2231,Haney,Aug,28
2013,2231,Haney,Sep,21
2013,2231,Haney,Oct,21
2013,2231,Haney,Nov,29
2013,2231,Haney,Dec,19
2013,2232,Pitt Meadows,Jan,7
2013,2232,Pitt Meadows,Feb,5
2013,2232,Pitt Meadows,Mar,8
2013,2232,Pitt Meadows,Apr,12
2013,2232,Pitt Meadows,May,9
2013,2232,Pitt Meadows,Jun,11
2013,2232,Pitt Meadows,Jul,8
2013,2232,Pitt Meadows,Aug,10
2013,2232,Pitt Meadows,Sep,4
2013,2232,Pitt Meadows,Oct,8
2013,2232,Pitt Meadows,Nov,9
2013,2232,Pitt Meadows,Dec,7
2013,2233,Maple Ridge Rural,Jan,24
2013,2233,Maple Ridge Rural,Feb,12
2013,2233,Maple Ridge Rural,Mar,15
2013,2233,Maple Ridge Rural,Apr,22
2013,2233,Maple Ridge Rural,May,18
2013,2233,Maple Ridge Rural,Jun,18
2013,2233,Maple Ridge Rural,Jul,18
2013,2233,Maple Ridge Rural,Aug,21
2013,2233,Maple Ridge Rural,Sep,14
2013,2233,Maple Ridge Rural,Oct,23
2013,2233,Maple Ridge Rural,Nov,28
2013,2233,Maple Ridge Rural,Dec,23
2013,2241,North Coquitlam,Jan,3
2013,2241,North Coquitlam,Feb,4
2013,2241,North Coquitlam,Mar,6
2013,2241,North Coquitlam,Apr,9
2013,2241,North Coquitlam,May,4
2013,2241,North Coquitlam,Jun,9
2013,2241,North Coquitlam,Jul,6
2013,2241,North Coquitlam,Aug,7
2013,2241,North Coquitlam,Sep,10
2013,2241,North Coquitlam,Oct,12
2013,2241,North Coquitlam,Nov,5
2013,2241,North Coquitlam,Dec,8
2014,1110,Fernie,Jan,10
2014,1110,Fernie,Feb,12
2014,1110,Fernie,Mar,10
2014,1110,Fernie,Apr,6
2014,1110,Fernie,May,7
2014,1110,Fernie,Jun,3
2014,1110,Fernie,Jul,6
2014,1110,Fernie,Aug,6
2014,1110,Fernie,Sep,7
2014,1110,Fernie,Oct,8
2014,1110,Fernie,Nov,10
2014,1110,Fernie,Dec,10
2014,1120,Cranbrook,Jan,22
2014,1120,Cranbrook,Feb,15
2014,1120,Cranbrook,Mar,19
2014,1120,Cranbrook,Apr,21
2014,1120,Cranbrook,May,14
2014,1120,Cranbrook,Jun,20
2014,1120,Cranbrook,Jul,20
2014,1120,Cranbrook,Aug,10
2014,1120,Cranbrook,Sep,21
2014,1120,Cranbrook,Oct,19
2014,1120,Cranbrook,Nov,15
2014,1120,Cranbrook,Dec,16
2014,1130,Kimberley,Jan,7
2014,1130,Kimberley,Feb,6
2014,1130,Kimberley,Mar,11
2014,1130,Kimberley,Apr,6
2014,1130,Kimberley,May,8
2014,1130,Kimberley,Jun,7
2014,1130,Kimberley,Jul,8
2014,1130,Kimberley,Aug,5
2014,1130,Kimberley,Sep,6
2014,1130,Kimberley,Oct,9
2014,1130,Kimberley,Nov,0
2014,1130,Kimberley,Dec,11
2014,1140,Windermere,Jan,3
2014,1140,Windermere,Feb,9
2014,1140,Windermere,Mar,2
2014,1140,Windermere,Apr,2
2014,1140,Windermere,May,5
2014,1140,Windermere,Jun,6
2014,1140,Windermere,Jul,2
2014,1140,Windermere,Aug,4
2014,1140,Windermere,Sep,6
2014,1140,Windermere,Oct,6
2014,1140,Windermere,Nov,10
2014,1140,Windermere,Dec,6
2014,1150,Creston,Jan,20
2014,1150,Creston,Feb,6
2014,1150,Creston,Mar,13
2014,1150,Creston,Apr,16
2014,1150,Creston,May,12
2014,1150,Creston,Jun,11
2014,1150,Creston,Jul,13
2014,1150,Creston,Aug,16
2014,1150,Creston,Sep,10
2014,1150,Creston,Oct,19
2014,1150,Creston,Nov,13
2014,1150,Creston,Dec,21
2014,1160,Golden,Jan,0
2014,1160,Golden,Feb,8
2014,1160,Golden,Mar,1
2014,1160,Golden,Apr,3
2014,1160,Golden,May,6
2014,1160,Golden,Jun,3
2014,1160,Golden,Jul,8
2014,1160,Golden,Aug,5
2014,1160,Golden,Sep,5
2014,1160,Golden,Oct,4
2014,1160,Golden,Nov,2
2014,1160,Golden,Dec,2
2014,1210,Kootenay Lake,Jan,2
2014,1210,Kootenay Lake,Feb,1
2014,1210,Kootenay Lake,Mar,5
2014,1210,Kootenay Lake,Apr,3
2014,1210,Kootenay Lake,May,1
2014,1210,Kootenay Lake,Jun,3
2014,1210,Kootenay Lake,Jul,1
2014,1210,Kootenay Lake,Aug,0
2014,1210,Kootenay Lake,Sep,4
2014,1210,Kootenay Lake,Oct,5
2014,1210,Kootenay Lake,Nov,3
2014,1210,Kootenay Lake,Dec,5
2014,1220,Nelson,Jan,25
2014,1220,Nelson,Feb,19
2014,1220,Nelson,Mar,17
2014,1220,Nelson,Apr,18
2014,1220,Nelson,May,18
2014,1220,Nelson,Jun,20
2014,1220,Nelson,Jul,16
2014,1220,Nelson,Aug,19
2014,1220,Nelson,Sep,13
2014,1220,Nelson,Oct,23
2014,1220,Nelson,Nov,13
2014,1220,Nelson,Dec,17
2014,1230,Castlegar,Jan,13
2014,1230,Castlegar,Feb,10
2014,1230,Castlegar,Mar,7
2014,1230,Castlegar,Apr,14
2014,1230,Castlegar,May,12
2014,1230,Castlegar,Jun,13
2014,1230,Castlegar,Jul,10
2014,1230,Castlegar,Aug,8
2014,1230,Castlegar,Sep,10
2014,1230,Castlegar,Oct,13
2014,1230,Castlegar,Nov,10
2014,1230,Castlegar,Dec,8
2014,1240,Arrow Lakes,Jan,7
2014,1240,Arrow Lakes,Feb,6
2014,1240,Arrow Lakes,Mar,0
2014,1240,Arrow Lakes,Apr,1
2014,1240,Arrow Lakes,May,6
2014,1240,Arrow Lakes,Jun,5
2014,1240,Arrow Lakes,Jul,8
2014,1240,Arrow Lakes,Aug,5
2014,1240,Arrow Lakes,Sep,3
2014,1240,Arrow Lakes,Oct,6
2014,1240,Arrow Lakes,Nov,3
2014,1240,Arrow Lakes,Dec,6
2014,1250,Trail,Jan,14
2014,1250,Trail,Feb,16
2014,1250,Trail,Mar,23
2014,1250,Trail,Apr,15
2014,1250,Trail,May,21
2014,1250,Trail,Jun,11
2014,1250,Trail,Jul,21
2014,1250,Trail,Aug,11
2014,1250,Trail,Sep,21
2014,1250,Trail,Oct,25
2014,1250,Trail,Nov,18
2014,1250,Trail,Dec,21
2014,1260,Grand Forks,Jan,9
2014,1260,Grand Forks,Feb,10
2014,1260,Grand Forks,Mar,10
2014,1260,Grand Forks,Apr,9
2014,1260,Grand Forks,May,11
2014,1260,Grand Forks,Jun,11
2014,1260,Grand Forks,Jul,8
2014,1260,Grand Forks,Aug,11
2014,1260,Grand Forks,Sep,12
2014,1260,Grand Forks,Oct,15
2014,1260,Grand Forks,Nov,16
2014,1260,Grand Forks,Dec,13
2014,1270,Kettle Valley,Jan,2
2014,1270,Kettle Valley,Feb,1
2014,1270,Kettle Valley,Mar,4
2014,1270,Kettle Valley,Apr,5
2014,1270,Kettle Valley,May,3
2014,1270,Kettle Valley,Jun,5
2014,1270,Kettle Valley,Jul,2
2014,1270,Kettle Valley,Aug,4
2014,1270,Kettle Valley,Sep,4
2014,1270,Kettle Valley,Oct,2
2014,1270,Kettle Valley,Nov,1
2014,1270,Kettle Valley,Dec,2
2014,1310,Southern Okanagan,Jan,20
2014,1310,Southern Okanagan,Feb,19
2014,1310,Southern Okanagan,Mar,26
2014,1310,Southern Okanagan,Apr,22
2014,1310,Southern Okanagan,May,20
2014,1310,Southern Okanagan,Jun,19
2014,1310,Southern Okanagan,Jul,21
2014,1310,Southern Okanagan,Aug,15
2014,1310,Southern Okanagan,Sep,18
2014,1310,Southern Okanagan,Oct,26
2014,1310,Southern Okanagan,Nov,24
2014,1310,Southern Okanagan,Dec,33
2014,1320,Penticton,Jan,37
2014,1320,Penticton,Feb,32
2014,1320,Penticton,Mar,46
2014,1320,Penticton,Apr,44
2014,1320,Penticton,May,53
2014,1320,Penticton,Jun,39
2014,1320,Penticton,Jul,31
2014,1320,Penticton,Aug,43
2014,1320,Penticton,Sep,32
2014,1320,Penticton,Oct,46
2014,1320,Penticton,Nov,51
2014,1320,Penticton,Dec,58
2014,1330,Keremeos,Jan,8
2014,1330,Keremeos,Feb,2
2014,1330,Keremeos,Mar,8
2014,1330,Keremeos,Apr,8
2014,1330,Keremeos,May,9
2014,1330,Keremeos,Jun,5
2014,1330,Keremeos,Jul,10
2014,1330,Keremeos,Aug,6
2014,1330,Keremeos,Sep,5
2014,1330,Keremeos,Oct,6
2014,1330,Keremeos,Nov,7
2014,1330,Keremeos,Dec,8
2014,1340,Princeton,Jan,8
2014,1340,Princeton,Feb,6
2014,1340,Princeton,Mar,2
2014,1340,Princeton,Apr,6
2014,1340,Princeton,May,4
2014,1340,Princeton,Jun,4
2014,1340,Princeton,Jul,6
2014,1340,Princeton,Aug,3
2014,1340,Princeton,Sep,5
2014,1340,Princeton,Oct,7
2014,1340,Princeton,Nov,1
2014,1340,Princeton,Dec,6
2014,1350,Armstrong/Spallumcheen,Jan,4
2014,1350,Armstrong/Spallumcheen,Feb,7
2014,1350,Armstrong/Spallumcheen,Mar,6
2014,1350,Armstrong/Spallumcheen,Apr,7
2014,1350,Armstrong/Spallumcheen,May,6
2014,1350,Armstrong/Spallumcheen,Jun,4
2014,1350,Armstrong/Spallumcheen,Jul,3
2014,1350,Armstrong/Spallumcheen,Aug,6
2014,1350,Armstrong/Spallumcheen,Sep,5
2014,1350,Armstrong/Spallumcheen,Oct,6
2014,1350,Armstrong/Spallumcheen,Nov,9
2014,1350,Armstrong/Spallumcheen,Dec,9
2014,1361,Vernon Centre/Coldstream,Jan,53
2014,1361,Vernon Centre/Coldstream,Feb,55
2014,1361,Vernon Centre/Coldstream,Mar,52
2014,1361,Vernon Centre/Coldstream,Apr,40
2014,1361,Vernon Centre/Coldstream,May,41
2014,1361,Vernon Centre/Coldstream,Jun,55
2014,1361,Vernon Centre/Coldstream,Jul,53
2014,1361,Vernon Centre/Coldstream,Aug,33
2014,1361,Vernon Centre/Coldstream,Sep,56
2014,1361,Vernon Centre/Coldstream,Oct,51
2014,1361,Vernon Centre/Coldstream,Nov,43
2014,1361,Vernon Centre/Coldstream,Dec,64
2014,1362,North Okanagan/Lumby,Jan,10
2014,1362,North Okanagan/Lumby,Feb,10
2014,1362,North Okanagan/Lumby,Mar,10
2014,1362,North Okanagan/Lumby,Apr,10
2014,1362,North Okanagan/Lumby,May,15
2014,1362,North Okanagan/Lumby,Jun,7
2014,1362,North Okanagan/Lumby,Jul,11
2014,1362,North Okanagan/Lumby,Aug,6
2014,1362,North Okanagan/Lumby,Sep,6
2014,1362,North Okanagan/Lumby,Oct,12
2014,1362,North Okanagan/Lumby,Nov,11
2014,1362,North Okanagan/Lumby,Dec,6
2014,1371,Central Okanagan Rural,Jan,6
2014,1371,Central Okanagan Rural,Feb,4
2014,1371,Central Okanagan Rural,Mar,6
2014,1371,Central Okanagan Rural,Apr,8
2014,1371,Central Okanagan Rural,May,2
2014,1371,Central Okanagan Rural,Jun,5
2014,1371,Central Okanagan Rural,Jul,2
2014,1371,Central Okanagan Rural,Aug,2
2014,1371,Central Okanagan Rural,Sep,5
2014,1371,Central Okanagan Rural,Oct,3
2014,1371,Central Okanagan Rural,Nov,2
2014,1371,Central Okanagan Rural,Dec,3
2014,1372,West Kelowna,Jan,34
2014,1372,West Kelowna,Feb,37
2014,1372,West Kelowna,Mar,41
2014,1372,West Kelowna,Apr,22
2014,1372,West Kelowna,May,31
2014,1372,West Kelowna,Jun,27
2014,1372,West Kelowna,Jul,17
2014,1372,West Kelowna,Aug,26
2014,1372,West Kelowna,Sep,36
2014,1372,West Kelowna,Oct,22
2014,1372,West Kelowna,Nov,36
2014,1372,West Kelowna,Dec,29
2014,1373,Lake Country,Jan,6
2014,1373,Lake Country,Feb,2
2014,1373,Lake Country,Mar,2
2014,1373,Lake Country,Apr,9
2014,1373,Lake Country,May,6
2014,1373,Lake Country,Jun,4
2014,1373,Lake Country,Jul,7
2014,1373,Lake Country,Aug,6
2014,1373,Lake Country,Sep,9
2014,1373,Lake Country,Oct,8
2014,1373,Lake Country,Nov,3
2014,1373,Lake Country,Dec,6
2014,1374,Glenmore,Jan,12
2014,1374,Glenmore,Feb,12
2014,1374,Glenmore,Mar,17
2014,1374,Glenmore,Apr,21
2014,1374,Glenmore,May,12
2014,1374,Glenmore,Jun,18
2014,1374,Glenmore,Jul,18
2014,1374,Glenmore,Aug,18
2014,1374,Glenmore,Sep,17
2014,1374,Glenmore,Oct,17
2014,1374,Glenmore,Nov,19
2014,1374,Glenmore,Dec,10
2014,1375,Downtown Kelowna,Jan,44
2014,1375,Downtown Kelowna,Feb,58
2014,1375,Downtown Kelowna,Mar,54
2014,1375,Downtown Kelowna,Apr,49
2014,1375,Downtown Kelowna,May,48
2014,1375,Downtown Kelowna,Jun,41
2014,1375,Downtown Kelowna,Jul,27
2014,1375,Downtown Kelowna,Aug,40
2014,1375,Downtown Kelowna,Sep,40
2014,1375,Downtown Kelowna,Oct,44
2014,1375,Downtown Kelowna,Nov,45
2014,1375,Downtown Kelowna,Dec,48
2014,1376,Rutland,Jan,19
2014,1376,Rutland,Feb,13
2014,1376,Rutland,Mar,21
2014,1376,Rutland,Apr,24
2014,1376,Rutland,May,28
2014,1376,Rutland,Jun,20
2014,1376,Rutland,Jul,21
2014,1376,Rutland,Aug,18
2014,1376,Rutland,Sep,16
2014,1376,Rutland,Oct,28
2014,1376,Rutland,Nov,25
2014,1376,Rutland,Dec,31
2014,1377,Okanagan Mission,Jan,12
2014,1377,Okanagan Mission,Feb,18
2014,1377,Okanagan Mission,Mar,10
2014,1377,Okanagan Mission,Apr,8
2014,1377,Okanagan Mission,May,8
2014,1377,Okanagan Mission,Jun,14
2014,1377,Okanagan Mission,Jul,8
2014,1377,Okanagan Mission,Aug,6
2014,1377,Okanagan Mission,Sep,10
2014,1377,Okanagan Mission,Oct,9
2014,1377,Okanagan Mission,Nov,6
2014,1377,Okanagan Mission,Dec,12
2014,1380,Summerland,Jan,15
2014,1380,Summerland,Feb,16
2014,1380,Summerland,Mar,12
2014,1380,Summerland,Apr,8
2014,1380,Summerland,May,19
2014,1380,Summerland,Jun,10
2014,1380,Summerland,Jul,10
2014,1380,Summerland,Aug,11
2014,1380,Summerland,Sep,11
2014,1380,Summerland,Oct,12
2014,1380,Summerland,Nov,11
2014,1380,Summerland,Dec,17
2014,1390,Enderby,Jan,6
2014,1390,Enderby,Feb,6
2014,1390,Enderby,Mar,4
2014,1390,Enderby,Apr,7
2014,1390,Enderby,May,8
2014,1390,Enderby,Jun,7
2014,1390,Enderby,Jul,7
2014,1390,Enderby,Aug,2
2014,1390,Enderby,Sep,4
2014,1390,Enderby,Oct,1
2014,1390,Enderby,Nov,5
2014,1390,Enderby,Dec,6
2014,1410,Revelstoke,Jan,8
2014,1410,Revelstoke,Feb,3
2014,1410,Revelstoke,Mar,7
2014,1410,Revelstoke,Apr,5
2014,1410,Revelstoke,May,6
2014,1410,Revelstoke,Jun,4
2014,1410,Revelstoke,Jul,3
2014,1410,Revelstoke,Aug,6
2014,1410,Revelstoke,Sep,4
2014,1410,Revelstoke,Oct,4
2014,1410,Revelstoke,Nov,8
2014,1410,Revelstoke,Dec,3
2014,1420,Salmon Arm,Jan,35
2014,1420,Salmon Arm,Feb,25
2014,1420,Salmon Arm,Mar,26
2014,1420,Salmon Arm,Apr,25
2014,1420,Salmon Arm,May,33
2014,1420,Salmon Arm,Jun,26
2014,1420,Salmon Arm,Jul,29
2014,1420,Salmon Arm,Aug,30
2014,1420,Salmon Arm,Sep,31
2014,1420,Salmon Arm,Oct,29
2014,1420,Salmon Arm,Nov,35
2014,1420,Salmon Arm,Dec,28
2014,1431,Kamloops Centre North,Jan,46
2014,1431,Kamloops Centre North,Feb,32
2014,1431,Kamloops Centre North,Mar,37
2014,1431,Kamloops Centre North,Apr,43
2014,1431,Kamloops Centre North,May,33
2014,1431,Kamloops Centre North,Jun,36
2014,1431,Kamloops Centre North,Jul,46
2014,1431,Kamloops Centre North,Aug,39
2014,1431,Kamloops Centre North,Sep,44
2014,1431,Kamloops Centre North,Oct,57
2014,1431,Kamloops Centre North,Nov,44
2014,1431,Kamloops Centre North,Dec,41
2014,1432,Kamloops Centre South,Jan,28
2014,1432,Kamloops Centre South,Feb,33
2014,1432,Kamloops Centre South,Mar,31
2014,1432,Kamloops Centre South,Apr,28
2014,1432,Kamloops Centre South,May,29
2014,1432,Kamloops Centre South,Jun,19
2014,1432,Kamloops Centre South,Jul,31
2014,1432,Kamloops Centre South,Aug,17
2014,1432,Kamloops Centre South,Sep,36
2014,1432,Kamloops Centre South,Oct,19
2014,1432,Kamloops Centre South,Nov,36
2014,1432,Kamloops Centre South,Dec,21
2014,1433,Lower Thompson,Jan,16
2014,1433,Lower Thompson,Feb,10
2014,1433,Lower Thompson,Mar,14
2014,1433,Lower Thompson,Apr,14
2014,1433,Lower Thompson,May,17
2014,1433,Lower Thompson,Jun,10
2014,1433,Lower Thompson,Jul,18
2014,1433,Lower Thompson,Aug,17
2014,1433,Lower Thompson,Sep,10
2014,1433,Lower Thompson,Oct,14
2014,1433,Lower Thompson,Nov,12
2014,1433,Lower Thompson,Dec,10
2014,1440,100 Mile House,Jan,12
2014,1440,100 Mile House,Feb,4
2014,1440,100 Mile House,Mar,6
2014,1440,100 Mile House,Apr,9
2014,1440,100 Mile House,May,15
2014,1440,100 Mile House,Jun,7
2014,1440,100 Mile House,Jul,9
2014,1440,100 Mile House,Aug,11
2014,1440,100 Mile House,Sep,13
2014,1440,100 Mile House,Oct,10
2014,1440,100 Mile House,Nov,14
2014,1440,100 Mile House,Dec,13
2014,1450,North Thompson,Jan,3
2014,1450,North Thompson,Feb,1
2014,1450,North Thompson,Mar,6
2014,1450,North Thompson,Apr,3
2014,1450,North Thompson,May,6
2014,1450,North Thompson,Jun,6
2014,1450,North Thompson,Jul,2
2014,1450,North Thompson,Aug,2
2014,1450,North Thompson,Sep,3
2014,1450,North Thompson,Oct,3
2014,1450,North Thompson,Nov,2
2014,1450,North Thompson,Dec,2
2014,1461,West Cariboo,Jan,3
2014,1461,West Cariboo,Feb,2
2014,1461,West Cariboo,Mar,1
2014,1461,West Cariboo,Apr,0
2014,1461,West Cariboo,May,0
2014,1461,West Cariboo,Jun,0
2014,1461,West Cariboo,Jul,1
2014,1461,West Cariboo,Aug,4
2014,1461,West Cariboo,Sep,2
2014,1461,West Cariboo,Oct,2
2014,1461,West Cariboo,Nov,3
2014,1461,West Cariboo,Dec,3
2014,1462,Williams Lake/East Cariboo,Jan,15
2014,1462,Williams Lake/East Cariboo,Feb,15
2014,1462,Williams Lake/East Cariboo,Mar,11
2014,1462,Williams Lake/East Cariboo,Apr,19
2014,1462,Williams Lake/East Cariboo,May,21
2014,1462,Williams Lake/East Cariboo,Jun,9
2014,1462,Williams Lake/East Cariboo,Jul,15
2014,1462,Williams Lake/East Cariboo,Aug,17
2014,1462,Williams Lake/East Cariboo,Sep,9
2014,1462,Williams Lake/East Cariboo,Oct,23
2014,1462,Williams Lake/East Cariboo,Nov,14
2014,1462,Williams Lake/East Cariboo,Dec,19
2014,1470,Lillooet,Jan,3
2014,1470,Lillooet,Feb,5
2014,1470,Lillooet,Mar,2
2014,1470,Lillooet,Apr,6
2014,1470,Lillooet,May,5
2014,1470,Lillooet,Jun,2
2014,1470,Lillooet,Jul,3
2014,1470,Lillooet,Aug,4
2014,1470,Lillooet,Sep,2
2014,1470,Lillooet,Oct,3
2014,1470,Lillooet,Nov,4
2014,1470,Lillooet,Dec,3
2014,1480,South Cariboo,Jan,7
2014,1480,South Cariboo,Feb,5
2014,1480,South Cariboo,Mar,6
2014,1480,South Cariboo,Apr,8
2014,1480,South Cariboo,May,8
2014,1480,South Cariboo,Jun,11
2014,1480,South Cariboo,Jul,4
2014,1480,South Cariboo,Aug,7
2014,1480,South Cariboo,Sep,11
2014,1480,South Cariboo,Oct,6
2014,1480,South Cariboo,Nov,4
2014,1480,South Cariboo,Dec,6
2014,1490,Merritt,Jan,18
2014,1490,Merritt,Feb,11
2014,1490,Merritt,Mar,11
2014,1490,Merritt,Apr,9
2014,1490,Merritt,May,13
2014,1490,Merritt,Jun,6
2014,1490,Merritt,Jul,11
2014,1490,Merritt,Aug,11
2014,1490,Merritt,Sep,13
2014,1490,Merritt,Oct,14
2014,1490,Merritt,Nov,4
2014,1490,Merritt,Dec,12
2014,2110,Hope,Jan,8
2014,2110,Hope,Feb,12
2014,2110,Hope,Mar,8
2014,2110,Hope,Apr,9
2014,2110,Hope,May,5
2014,2110,Hope,Jun,12
2014,2110,Hope,Jul,14
2014,2110,Hope,Aug,9
2014,2110,Hope,Sep,10
2014,2110,Hope,Oct,7
2014,2110,Hope,Nov,6
2014,2110,Hope,Dec,13
2014,2121,South Chilliwack,Jan,31
2014,2121,South Chilliwack,Feb,17
2014,2121,South Chilliwack,Mar,24
2014,2121,South Chilliwack,Apr,30
2014,2121,South Chilliwack,May,22
2014,2121,South Chilliwack,Jun,28
2014,2121,South Chilliwack,Jul,31
2014,2121,South Chilliwack,Aug,33
2014,2121,South Chilliwack,Sep,17
2014,2121,South Chilliwack,Oct,32
2014,2121,South Chilliwack,Nov,32
2014,2121,South Chilliwack,Dec,32
2014,2122,North Chilliwack,Jan,46
2014,2122,North Chilliwack,Feb,40
2014,2122,North Chilliwack,Mar,52
2014,2122,North Chilliwack,Apr,31
2014,2122,North Chilliwack,May,40
2014,2122,North Chilliwack,Jun,30
2014,2122,North Chilliwack,Jul,39
2014,2122,North Chilliwack,Aug,30
2014,2122,North Chilliwack,Sep,33
2014,2122,North Chilliwack,Oct,31
2014,2122,North Chilliwack,Nov,57
2014,2122,North Chilliwack,Dec,46
2014,2131,Central Abbotsford,Jan,25
2014,2131,Central Abbotsford,Feb,23
2014,2131,Central Abbotsford,Mar,28
2014,2131,Central Abbotsford,Apr,16
2014,2131,Central Abbotsford,May,24
2014,2131,Central Abbotsford,Jun,25
2014,2131,Central Abbotsford,Jul,29
2014,2131,Central Abbotsford,Aug,28
2014,2131,Central Abbotsford,Sep,27
2014,2131,Central Abbotsford,Oct,23
2014,2131,Central Abbotsford,Nov,36
2014,2131,Central Abbotsford,Dec,37
2014,2132,East Abbotsford,Jan,9
2014,2132,East Abbotsford,Feb,8
2014,2132,East Abbotsford,Mar,15
2014,2132,East Abbotsford,Apr,11
2014,2132,East Abbotsford,May,8
2014,2132,East Abbotsford,Jun,12
2014,2132,East Abbotsford,Jul,10
2014,2132,East Abbotsford,Aug,9
2014,2132,East Abbotsford,Sep,10
2014,2132,East Abbotsford,Oct,11
2014,2132,East Abbotsford,Nov,13
2014,2132,East Abbotsford,Dec,11
2014,2133,West Abbotsford,Jan,38
2014,2133,West Abbotsford,Feb,30
2014,2133,West Abbotsford,Mar,42
2014,2133,West Abbotsford,Apr,31
2014,2133,West Abbotsford,May,40
2014,2133,West Abbotsford,Jun,30
2014,2133,West Abbotsford,Jul,30
2014,2133,West Abbotsford,Aug,27
2014,2133,West Abbotsford,Sep,28
2014,2133,West Abbotsford,Oct,42
2014,2133,West Abbotsford,Nov,26
2014,2133,West Abbotsford,Dec,38
2014,2134,Abbotsford Rural,Jan,7
2014,2134,Abbotsford Rural,Feb,13
2014,2134,Abbotsford Rural,Mar,17
2014,2134,Abbotsford Rural,Apr,10
2014,2134,Abbotsford Rural,May,6
2014,2134,Abbotsford Rural,Jun,9
2014,2134,Abbotsford Rural,Jul,10
2014,2134,Abbotsford Rural,Aug,10
2014,2134,Abbotsford Rural,Sep,5
2014,2134,Abbotsford Rural,Oct,10
2014,2134,Abbotsford Rural,Nov,12
2014,2134,Abbotsford Rural,Dec,12
2014,2141,South Mission,Jan,22
2014,2141,South Mission,Feb,11
2014,2141,South Mission,Mar,12
2014,2141,South Mission,Apr,21
2014,2141,South Mission,May,13
2014,2141,South Mission,Jun,18
2014,2141,South Mission,Jul,13
2014,2141,South Mission,Aug,19
2014,2141,South Mission,Sep,30
2014,2141,South Mission,Oct,12
2014,2141,South Mission,Nov,17
2014,2141,South Mission,Dec,20
2014,2142,North Mission,Jan,6
2014,2142,North Mission,Feb,10
2014,2142,North Mission,Mar,9
2014,2142,North Mission,Apr,13
2014,2142,North Mission,May,7
2014,2142,North Mission,Jun,8
2014,2142,North Mission,Jul,4
2014,2142,North Mission,Aug,10
2014,2142,North Mission,Sep,9
2014,2142,North Mission,Oct,7
2014,2142,North Mission,Nov,7
2014,2142,North Mission,Dec,10
2014,2150,Agassiz/Harrison,Jan,4
2014,2150,Agassiz/Harrison,Feb,9
2014,2150,Agassiz/Harrison,Mar,7
2014,2150,Agassiz/Harrison,Apr,7
2014,2150,Agassiz/Harrison,May,6
2014,2150,Agassiz/Harrison,Jun,5
2014,2150,Agassiz/Harrison,Jul,6
2014,2150,Agassiz/Harrison,Aug,2
2014,2150,Agassiz/Harrison,Sep,4
2014,2150,Agassiz/Harrison,Oct,8
2014,2150,Agassiz/Harrison,Nov,6
2014,2150,Agassiz/Harrison,Dec,7
2014,2210,New Westminster,Jan,50
2014,2210,New Westminster,Feb,33
2014,2210,New Westminster,Mar,33
2014,2210,New Westminster,Apr,43
2014,2210,New Westminster,May,38
2014,2210,New Westminster,Jun,35
2014,2210,New Westminster,Jul,33
2014,2210,New Westminster,Aug,48
2014,2210,New Westminster,Sep,36
2014,2210,New Westminster,Oct,42
2014,2210,New Westminster,Nov,52
2014,2210,New Westminster,Dec,53
2014,2221,Burnaby Northwest,Jan,21
2014,2221,Burnaby Northwest,Feb,20
2014,2221,Burnaby Northwest,Mar,30
2014,2221,Burnaby Northwest,Apr,22
2014,2221,Burnaby Northwest,May,28
2014,2221,Burnaby Northwest,Jun,27
2014,2221,Burnaby Northwest,Jul,22
2014,2221,Burnaby Northwest,Aug,14
2014,2221,Burnaby Northwest,Sep,28
2014,2221,Burnaby Northwest,Oct,18
2014,2221,Burnaby Northwest,Nov,27
2014,2221,Burnaby Northwest,Dec,27
2014,2222,Burnaby Northeast,Jan,14
2014,2222,Burnaby Northeast,Feb,21
2014,2222,Burnaby Northeast,Mar,14
2014,2222,Burnaby Northeast,Apr,19
2014,2222,Burnaby Northeast,May,17
2014,2222,Burnaby Northeast,Jun,7
2014,2222,Burnaby Northeast,Jul,16
2014,2222,Burnaby Northeast,Aug,10
2014,2222,Burnaby Northeast,Sep,12
2014,2222,Burnaby Northeast,Oct,15
2014,2222,Burnaby Northeast,Nov,13
2014,2222,Burnaby Northeast,Dec,15
2014,2223,Burnaby Southwest,Jan,41
2014,2223,Burnaby Southwest,Feb,34
2014,2223,Burnaby Southwest,Mar,42
2014,2223,Burnaby Southwest,Apr,44
2014,2223,Burnaby Southwest,May,35
2014,2223,Burnaby Southwest,Jun,43
2014,2223,Burnaby Southwest,Jul,42
2014,2223,Burnaby Southwest,Aug,40
2014,2223,Burnaby Southwest,Sep,45
2014,2223,Burnaby Southwest,Oct,40
2014,2223,Burnaby Southwest,Nov,32
2014,2223,Burnaby Southwest,Dec,38
2014,2224,Burnaby Southeast,Jan,38
2014,2224,Burnaby Southeast,Feb,33
2014,2224,Burnaby Southeast,Mar,37
2014,2224,Burnaby Southeast,Apr,39
2014,2224,Burnaby Southeast,May,47
2014,2224,Burnaby Southeast,Jun,22
2014,2224,Burnaby Southeast,Jul,31
2014,2224,Burnaby Southeast,Aug,29
2014,2224,Burnaby Southeast,Sep,34
2014,2224,Burnaby Southeast,Oct,27
2014,2224,Burnaby Southeast,Nov,36
2014,2224,Burnaby Southeast,Dec,34
2014,2231,Haney,Jan,32
2014,2231,Haney,Feb,22
2014,2231,Haney,Mar,36
2014,2231,Haney,Apr,30
2014,2231,Haney,May,23
2014,2231,Haney,Jun,31
2014,2231,Haney,Jul,24
2014,2231,Haney,Aug,27
2014,2231,Haney,Sep,20
2014,2231,Haney,Oct,23
2014,2231,Haney,Nov,25
2014,2231,Haney,Dec,41
2014,2232,Pitt Meadows,Jan,9
2014,2232,Pitt Meadows,Feb,7
2014,2232,Pitt Meadows,Mar,5
2014,2232,Pitt Meadows,Apr,5
2014,2232,Pitt Meadows,May,4
2014,2232,Pitt Meadows,Jun,3
2014,2232,Pitt Meadows,Jul,8
2014,2232,Pitt Meadows,Aug,5
2014,2232,Pitt Meadows,Sep,8
2014,2232,Pitt Meadows,Oct,9
2014,2232,Pitt Meadows,Nov,6
2014,2232,Pitt Meadows,Dec,11
2014,2233,Maple Ridge Rural,Jan,23
2014,2233,Maple Ridge Rural,Feb,20
2014,2233,Maple Ridge Rural,Mar,29
2014,2233,Maple Ridge Rural,Apr,18
2014,2233,Maple Ridge Rural,May,25
2014,2233,Maple Ridge Rural,Jun,25
2014,2233,Maple Ridge Rural,Jul,28
2014,2233,Maple Ridge Rural,Aug,17
2014,2233,Maple Ridge Rural,Sep,20
2014,2233,Maple Ridge Rural,Oct,22
2014,2233,Maple Ridge Rural,Nov,9
2014,2233,Maple Ridge Rural,Dec,23
2014,2241,North Coquitlam,Jan,7
2014,2241,North Coquitlam,Feb,9
2014,2241,North Coquitlam,Mar,7
2014,2241,North Coquitlam,Apr,10
2014,2241,North Coquitlam,May,10
2014,2241,North Coquitlam,Jun,9
2014,2241,North Coquitlam,Jul,8
2014,2241,North Coquitlam,Aug,9
2014,2241,North Coquitlam,Sep,6
2014,2241,North Coquitlam,Oct,6
2014,2241,North Coquitlam,Nov,9
2014,2241,North Coquitlam,Dec,9
2015,1110,Fernie,Jan,9
2015,1110,Fernie,Feb,5
2015,1110,Fernie,Mar,4
2015,1110,Fernie,Apr,7
2015,1110,Fernie,May,12
2015,1110,Fernie,Jun,7
2015,1110,Fernie,Jul,2
2015,1110,Fernie,Aug,8
2015,1110,Fernie,Sep,7
2015,1110,Fernie,Oct,7
2015,1110,Fernie,Nov,7
2015,1110,Fernie,Dec,9
2015,1120,Cranbrook,Jan,38
2015,1120,Cranbrook,Feb,21
2015,1120,Cranbrook,Mar,14
2015,1120,Cranbrook,Apr,17
2015,1120,Cranbrook,May,26
2015,1120,Cranbrook,Jun,19
2015,1120,Cranbrook,Jul,26
2015,1120,Cranbrook,Aug,21
2015,1120,Cranbrook,Sep,17
2015,1120,Cranbrook,Oct,25
2015,1120,Cranbrook,Nov,17
2015,1120,Cranbrook,Dec,15
2015,1130,Kimberley,Jan,7
2015,1130,Kimberley,Feb,7
2015,1130,Kimberley,Mar,6
2015,1130,Kimberley,Apr,9
2015,1130,Kimberley,May,6
2015,1130,Kimberley,Jun,7
2015,1130,Kimberley,Jul,6
2015,1130,Kimberley,Aug,11
2015,1130,Kimberley,Sep,11
2015,1130,Kimberley,Oct,9
2015,1130,Kimberley,Nov,2
2015,1130,Kimberley,Dec,8
2015,1140,Windermere,Jan,6
2015,1140,Windermere,Feb,8
2015,1140,Windermere,Mar,5
2015,1140,Windermere,Apr,6
2015,1140,Windermere,May,3
2015,1140,Windermere,Jun,5
2015,1140,Windermere,Jul,6
2015,1140,Windermere,Aug,5
2015,1140,Windermere,Sep,4
2015,1140,Windermere,Oct,9
2015,1140,Windermere,Nov,12
2015,1140,Windermere,Dec,10
2015,1150,Creston,Jan,15
2015,1150,Creston,Feb,11
2015,1150,Creston,Mar,18
2015,1150,Creston,Apr,13
2015,1150,Creston,May,10
2015,1150,Creston,Jun,11
2015,1150,Creston,Jul,11
2015,1150,Creston,Aug,16
2015,1150,Creston,Sep,19
2015,1150,Creston,Oct,11
2015,1150,Creston,Nov,13
2015,1150,Creston,Dec,16
2015,1160,Golden,Jan,4
2015,1160,Golden,Feb,0
2015,1160,Golden,Mar,1
2015,1160,Golden,Apr,6
2015,1160,Golden,May,8
2015,1160,Golden,Jun,5
2015,1160,Golden,Jul,2
2015,1160,Golden,Aug,6
2015,1160,Golden,Sep,8
2015,1160,Golden,Oct,5
2015,1160,Golden,Nov,3
2015,1160,Golden,Dec,3
2015,1210,Kootenay Lake,Jan,1
2015,1210,Kootenay Lake,Feb,3
2015,1210,Kootenay Lake,Mar,2
2015,1210,Kootenay Lake,Apr,2
2015,1210,Kootenay Lake,May,2
2015,1210,Kootenay Lake,Jun,1
2015,1210,Kootenay Lake,Jul,4
2015,1210,Kootenay Lake,Aug,2
2015,1210,Kootenay Lake,Sep,7
2015,1210,Kootenay Lake,Oct,0
2015,1210,Kootenay Lake,Nov,2
2015,1210,Kootenay Lake,Dec,3
2015,1220,Nelson,Jan,13
2015,1220,Nelson,Feb,15
2015,1220,Nelson,Mar,11
2015,1220,Nelson,Apr,19
2015,1220,Nelson,May,17
2015,1220,Nelson,Jun,15
2015,1220,Nelson,Jul,17
2015,1220,Nelson,Aug,22
2015,1220,Nelson,Sep,26
2015,1220,Nelson,Oct,19
2015,1220,Nelson,Nov,15
2015,1220,Nelson,Dec,18
2015,1230,Castlegar,Jan,13
2015,1230,Castlegar,Feb,8
2015,1230,Castlegar,Mar,15
2015,1230,Castlegar,Apr,10
2015,1230,Castlegar,May,11
2015,1230,Castlegar,Jun,9
2015,1230,Castlegar,Jul,9
2015,1230,Castlegar,Aug,10
2015,1230,Castlegar,Sep,5
2015,1230,Castlegar,Oct,15
2015,1230,Castlegar,Nov,8
2015,1230,Castlegar,Dec,7
2015,1240,Arrow Lakes,Jan,3
2015,1240,Arrow Lakes,Feb,2
2015,1240,Arrow Lakes,Mar,5
2015,1240,Arrow Lakes,Apr,3
2015,1240,Arrow Lakes,May,8
2015,1240,Arrow Lakes,Jun,7
2015,1240,Arrow Lakes,Jul,5
2015,1240,Arrow Lakes,Aug,6
2015,1240,Arrow Lakes,Sep,5
2015,1240,Arrow Lakes,Oct,3
2015,1240,Arrow Lakes,Nov,8
2015,1240,Arrow Lakes,Dec,4
2015,1250,Trail,Jan,23
2015,1250,Trail,Feb,26
2015,1250,Trail,Mar,15
2015,1250,Trail,Apr,18
2015,1250,Trail,May,17
2015,1250,Trail,Jun,11
2015,1250,Trail,Jul,16
2015,1250,Trail,Aug,12
2015,1250,Trail,Sep,13
2015,1250,Trail,Oct,13
2015,1250,Trail,Nov,16
2015,1250,Trail,Dec,26
2015,1260,Grand Forks,Jan,20
2015,1260,Grand Forks,Feb,9
2015,1260,Grand Forks,Mar,11
2015,1260,Grand Forks,Apr,14
2015,1260,Grand Forks,May,8
2015,1260,Grand Forks,Jun,12
2015,1260,Grand Forks,Jul,6
2015,1260,Grand Forks,Aug,6
2015,1260,Grand Forks,Sep,16
2015,1260,Grand Forks,Oct,12
2015,1260,Grand Forks,Nov,9
2015,1260,Grand Forks,Dec,15
2015,1270,Kettle Valley,Jan,0
2015,1270,Kettle Valley,Feb,1
2015,1270,Kettle Valley,Mar,2
2015,1270,Kettle Valley,Apr,0
2015,1270,Kettle Valley,May,2
2015,1270,Kettle Valley,Jun,2
2015,1270,Kettle Valley,Jul,4
2015,1270,Kettle Valley,Aug,1
2015,1270,Kettle Valley,Sep,5
2015,1270,Kettle Valley,Oct,3
2015,1270,Kettle Valley,Nov,3
2015,1270,Kettle Valley,Dec,4
2015,1310,Southern Okanagan,Jan,28
2015,1310,Southern Okanagan,Feb,16
2015,1310,Southern Okanagan,Mar,25
2015,1310,Southern Okanagan,Apr,27
2015,1310,Southern Okanagan,May,23
2015,1310,Southern Okanagan,Jun,18
2015,1310,Southern Okanagan,Jul,23
2015,1310,Southern Okanagan,Aug,27
2015,1310,Southern Okanagan,Sep,24
2015,1310,Southern Okanagan,Oct,22
2015,1310,Southern Okanagan,Nov,26
2015,1310,Southern Okanagan,Dec,29
2015,1320,Penticton,Jan,45
2015,1320,Penticton,Feb,50
2015,1320,Penticton,Mar,54
2015,1320,Penticton,Apr,52
2015,1320,Penticton,May,58
2015,1320,Penticton,Jun,47
2015,1320,Penticton,Jul,53
2015,1320,Penticton,Aug,42
2015,1320,Penticton,Sep,39
2015,1320,Penticton,Oct,52
2015,1320,Penticton,Nov,56
2015,1320,Penticton,Dec,58
2015,1330,Keremeos,Jan,8
2015,1330,Keremeos,Feb,11
2015,1330,Keremeos,Mar,1
2015,1330,Keremeos,Apr,8
2015,1330,Keremeos,May,5
2015,1330,Keremeos,Jun,7
2015,1330,Keremeos,Jul,7
2015,1330,Keremeos,Aug,6
2015,1330,Keremeos,Sep,6
2015,1330,Keremeos,Oct,9
2015,1330,Keremeos,Nov,1
2015,1330,Keremeos,Dec,7
2015,1340,Princeton,Jan,10
2015,1340,Princeton,Feb,5
2015,1340,Princeton,Mar,7
2015,1340,Princeton,Apr,5
2015,1340,Princeton,May,4
2015,1340,Princeton,Jun,2
2015,1340,Princeton,Jul,7
2015,1340,Princeton,Aug,6
2015,1340,Princeton,Sep,7
2015,1340,Princeton,Oct,4
2015,1340,Princeton,Nov,6
2015,1340,Princeton,Dec,4
2015,1350,Armstrong/Spallumcheen,Jan,7
2015,1350,Armstrong/Spallumcheen,Feb,10
2015,1350,Armstrong/Spallumcheen,Mar,13
2015,1350,Armstrong/Spallumcheen,Apr,4
2015,1350,Armstrong/Spallumcheen,May,14
2015,1350,Armstrong/Spallumcheen,Jun,10
2015,1350,Armstrong/Spallumcheen,Jul,8
2015,1350,Armstrong/Spallumcheen,Aug,3
2015,1350,Armstrong/Spallumcheen,Sep,8
2015,1350,Armstrong/Spallumcheen,Oct,3
2015,1350,Armstrong/Spallumcheen,Nov,12
2015,1350,Armstrong/Spallumcheen,Dec,9
2015,1361,Vernon Centre/Coldstream,Jan,51
2015,1361,Vernon Centre/Coldstream,Feb,50
2015,1361,Vernon Centre/Coldstream,Mar,43
2015,1361,Vernon Centre/Coldstream,Apr,47
2015,1361,Vernon Centre/Coldstream,May,50
2015,1361,Vernon Centre/Coldstream,Jun,50
2015,1361,Vernon Centre/Coldstream,Jul,40
2015,1361,Vernon Centre/Coldstream,Aug,45
2015,1361,Vernon Centre/Coldstream,Sep,47
2015,1361,Vernon Centre/Coldstream,Oct,59
2015,1361,Vernon Centre/Coldstream,Nov,43
2015,1361,Vernon Centre/Coldstream,Dec,55
2015,1362,North Okanagan/Lumby,Jan,10
2015,1362,North Okanagan/Lumby,Feb,6
2015,1362,North Okanagan/Lumby,Mar,6
2015,1362,North Okanagan/Lumby,Apr,12
2015,1362,North Okanagan/Lumby,May,16
2015,1362,North Okanagan/Lumby,Jun,9
2015,1362,North Okanagan/Lumby,Jul,9
2015,1362,North Okanagan/Lumby,Aug,5
2015,1362,North Okanagan/Lumby,Sep,8
2015,1362,North Okanagan/Lumby,Oct,15
2015,1362,North Okanagan/Lumby,Nov,7
2015,1362,North Okanagan/Lumby,Dec,13
2015,1371,Central Okanagan Rural,Jan,6
2015,1371,Central Okanagan Rural,Feb,3
2015,1371,Central Okanagan Rural,Mar,5
2015,1371,Central Okanagan Rural,Apr,5
2015,1371,Central Okanagan Rural,May,1
2015,1371,Central Okanagan Rural,Jun,2
2015,1371,Central Okanagan Rural,Jul,6
2015,1371,Central Okanagan Rural,Aug,4
2015,1371,Central Okanagan Rural,Sep,0
2015,1371,Central Okanagan Rural,Oct,2
2015,1371,Central Okanagan Rural,Nov,7
2015,1371,Central Okanagan Rural,Dec,5
2015,1372,West Kelowna,Jan,38
2015,1372,West Kelowna,Feb,24
2015,1372,West Kelowna,Mar,38
2015,1372,West Kelowna,Apr,32
2015,1372,West Kelowna,May,30
2015,1372,West Kelowna,Jun,33
2015,1372,West Kelowna,Jul,30
2015,1372,West Kelowna,Aug,23
2015,1372,West Kelowna,Sep,39
2015,1372,West Kelowna,Oct,23
2015,1372,West Kelowna,Nov,33
2015,1372,West Kelowna,Dec,40
2015,1373,Lake Country,Jan,8
2015,1373,Lake Country,Feb,5
2015,1373,Lake Country,Mar,6
2015,1373,Lake Country,Apr,9
2015,1373,Lake Country,May,7
2015,1373,Lake Country,Jun,7
2015,1373,Lake Country,Jul,5
2015,1373,Lake Country,Aug,6
2015,1373,Lake Country,Sep,3
2015,1373,Lake Country,Oct,9
2015,1373,Lake Country,Nov,4
2015,1373,Lake Country,Dec,5
2015,1374,Glenmore,Jan,18
2015,1374,Glenmore,Feb,16
2015,1374,Glenmore,Mar,24
2015,1374,Glenmore,Apr,23
2015,1374,Glenmore,May,20
2015,1374,Glenmore,Jun,12
2015,1374,Glenmore,Jul,14
2015,1374,Glenmore,Aug,21
2015,1374,Glenmore,Sep,16
2015,1374,Glenmore,Oct,18
2015,1374,Glenmore,Nov,20
2015,1374,Glenmore,Dec,30
2015,1375,Downtown Kelowna,Jan,58
2015,1375,Downtown Kelowna,Feb,51
2015,1375,Downtown Kelowna,Mar,63
2015,1375,Downtown Kelowna,Apr,36
2015,1375,Downtown Kelowna,May,50
2015,1375,Downtown Kelowna,Jun,53
2015,1375,Downtown Kelowna,Jul,43
2015,1375,Downtown Kelowna,Aug,49
2015,1375,Downtown Kelowna,Sep,41
2015,1375,Downtown Kelowna,Oct,48
2015,1375,Downtown Kelowna,Nov,45
2015,1375,Downtown Kelowna,Dec,58
2015,1376,Rutland,Jan,39
2015,1376,Rutland,Feb,22
2015,1376,Rutland,Mar,19
2015,1376,Rutland,Apr,25
2015,1376,Rutland,May,26
2015,1376,Rutland,Jun,28
2015,1376,Rutland,Jul,15
2015,1376,Rutland,Aug,31
2015,1376,Rutland,Sep,22
2015,1376,Rutland,Oct,26
2015,1376,Rutland,Nov,15
2015,1376,Rutland,Dec,19
2015,1377,Okanagan Mission,Jan,12
2015,1377,Okanagan Mission,Feb,11
2015,1377,Okanagan Mission,Mar,10
2015,1377,Okanagan Mission,Apr,11
2015,1377,Okanagan Mission,May,15
2015,1377,Okanagan Mission,Jun,10
2015,1377,Okanagan Mission,Jul,6
2015,1377,Okanagan Mission,Aug,15
2015,1377,Okanagan Mission,Sep,13
2015,1377,Okanagan Mission,Oct,9
2015,1377,Okanagan Mission,Nov,13
2015,1377,Okanagan Mission,Dec,11
2015,1380,Summerland,Jan,17
2015,1380,Summerland,Feb,15
2015,1380,Summerland,Mar,17
2015,1380,Summerland,Apr,7
2015,1380,Summerland,May,21
2015,1380,Summerland,Jun,9
2015,1380,Summerland,Jul,14
2015,1380,Summerland,Aug,12
2015,1380,Summerland,Sep,20
2015,1380,Summerland,Oct,16
2015,1380,Summerland,Nov,11
2015,1380,Summerland,Dec,17
2015,1390,Enderby,Jan,6
2015,1390,Enderby,Feb,6
2015,1390,Enderby,Mar,7
2015,1390,Enderby,Apr,6
2015,1390,Enderby,May,4
2015,1390,Enderby,Jun,6
2015,1390,Enderby,Jul,8
2015,1390,Enderby,Aug,5
2015,1390,Enderby,Sep,8
2015,1390,Enderby,Oct,12
2015,1390,Enderby,Nov,5
2015,1390,Enderby,Dec,4
2015,1410,Revelstoke,Jan,9
2015,1410,Revelstoke,Feb,5
2015,1410,Revelstoke,Mar,3
2015,1410,Revelstoke,Apr,2
2015,1410,Revelstoke,May,9
2015,1410,Revelstoke,Jun,3
2015,1410,Revelstoke,Jul,3
2015,1410,Revelstoke,Aug,7
2015,1410,Revelstoke,Sep,4
2015,1410,Revelstoke,Oct,3
2015,1410,Revelstoke,Nov,5
2015,1410,Revelstoke,Dec,3
2015,1420,Salmon Arm,Jan,34
2015,1420,Salmon Arm,Feb,37
2015,1420,Salmon Arm,Mar,33
2015,1420,Salmon Arm,Apr,29
2015,1420,Salmon Arm,May,27
2015,1420,Salmon Arm,Jun,21
2015,1420,Salmon Arm,Jul,37
2015,1420,Salmon Arm,Aug,30
2015,1420,Salmon Arm,Sep,22
2015,1420,Salmon Arm,Oct,37
2015,1420,Salmon Arm,Nov,33
2015,1420,Salmon Arm,Dec,34
2015,1431,Kamloops Centre North,Jan,47
2015,1431,Kamloops Centre North,Feb,31
2015,1431,Kamloops Centre North,Mar,47
2015,1431,Kamloops Centre North,Apr,42
2015,1431,Kamloops Centre North,May,46
2015,1431,Kamloops Centre North,Jun,45
2015,1431,Kamloops Centre North,Jul,47
2015,1431,Kamloops Centre North,Aug,39
2015,1431,Kamloops Centre North,Sep,35
2015,1431,Kamloops Centre North,Oct,43
2015,1431,Kamloops Centre North,Nov,34
2015,1431,Kamloops Centre North,Dec,48
2015,1432,Kamloops Centre South,Jan,42
2015,1432,Kamloops Centre South,Feb,33
2015,1432,Kamloops Centre South,Mar,28
2015,1432,Kamloops Centre South,Apr,31
2015,1432,Kamloops Centre South,May,30
2015,1432,Kamloops Centre South,Jun,18
2015,1432,Kamloops Centre South,Jul,29
2015,1432,Kamloops Centre South,Aug,28
2015,1432,Kamloops Centre South,Sep,26
2015,1432,Kamloops Centre South,Oct,24
2015,1432,Kamloops Centre South,Nov,24
2015,1432,Kamloops Centre South,Dec,35
2015,1433,Lower Thompson,Jan,14
2015,1433,Lower Thompson,Feb,14
2015,1433,Lower Thompson,Mar,13
2015,1433,Lower Thompson,Apr,15
2015,1433,Lower Thompson,May,12
2015,1433,Lower Thompson,Jun,12
2015,1433,Lower Thompson,Jul,10
2015,1433,Lower Thompson,Aug,17
2015,1433,Lower Thompson,Sep,16
2015,1433,Lower Thompson,Oct,14
2015,1433,Lower Thompson,Nov,18
2015,1433,Lower Thompson,Dec,8
2015,1440,100 Mile House,Jan,14
2015,1440,100 Mile House,Feb,8
2015,1440,100 Mile House,Mar,9
2015,1440,100 Mile House,Apr,12
2015,1440,100 Mile House,May,7
2015,1440,100 Mile House,Jun,11
2015,1440,100 Mile House,Jul,10
2015,1440,100 Mile House,Aug,16
2015,1440,100 Mile House,Sep,2
2015,1440,100 Mile House,Oct,16
2015,1440,100 Mile House,Nov,8
2015,1440,100 Mile House,Dec,15
2015,1450,North Thompson,Jan,2
2015,1450,North Thompson,Feb,5
2015,1450,North Thompson,Mar,2
2015,1450,North Thompson,Apr,2
2015,1450,North Thompson,May,4
2015,1450,North Thompson,Jun,4
2015,1450,North Thompson,Jul,2
2015,1450,North Thompson,Aug,5
2015,1450,North Thompson,Sep,3
2015,1450,North Thompson,Oct,7
2015,1450,North Thompson,Nov,4
2015,1450,North Thompson,Dec,1
2015,1461,West Cariboo,Jan,0
2015,1461,West Cariboo,Feb,1
2015,1461,West Cariboo,Mar,3
2015,1461,West Cariboo,Apr,2
2015,1461,West Cariboo,May,0
2015,1461,West Cariboo,Jun,2
2015,1461,West Cariboo,Jul,2
2015,1461,West Cariboo,Aug,2
2015,1461,West Cariboo,Sep,3
2015,1461,West Cariboo,Oct,3
2015,1461,West Cariboo,Nov,3
2015,1461,West Cariboo,Dec,0
2015,1462,Williams Lake/East Cariboo,Jan,18
2015,1462,Williams Lake/East Cariboo,Feb,15
2015,1462,Williams Lake/East Cariboo,Mar,21
2015,1462,Williams Lake/East Cariboo,Apr,14
2015,1462,Williams Lake/East Cariboo,May,17
2015,1462,Williams Lake/East Cariboo,Jun,15
2015,1462,Williams Lake/East Cariboo,Jul,12
2015,1462,Williams Lake/East Cariboo,Aug,10
2015,1462,Williams Lake/East Cariboo,Sep,15
2015,1462,Williams Lake/East Cariboo,Oct,12
2015,1462,Williams Lake/East Cariboo,Nov,9
2015,1462,Williams Lake/East Cariboo,Dec,12
2015,1470,Lillooet,Jan,6
2015,1470,Lillooet,Feb,6
2015,1470,Lillooet,Mar,2
2015,1470,Lillooet,Apr,0
2015,1470,Lillooet,May,4
2015,1470,Lillooet,Jun,3
2015,1470,Lillooet,Jul,3
2015,1470,Lillooet,Aug,4
2015,1470,Lillooet,Sep,5
2015,1470,Lillooet,Oct,6
2015,1470,Lillooet,Nov,3
2015,1470,Lillooet,Dec,5
2015,1480,South Cariboo,Jan,4
2015,1480,South Cariboo,Feb,4
2015,1480,South Cariboo,Mar,6
2015,1480,South Cariboo,Apr,10
2015,1480,South Cariboo,May,6
2015,1480,South Cariboo,Jun,10
2015,1480,South Cariboo,Jul,0
2015,1480,South Cariboo,Aug,4
2015,1480,South Cariboo,Sep,5
2015,1480,South Cariboo,Oct,6
2015,1480,South Cariboo,Nov,10
2015,1480,South Cariboo,Dec,4
2015,1490,Merritt,Jan,10
2015,1490,Merritt,Feb,20
2015,1490,Merritt,Mar,11
2015,1490,Merritt,Apr,11
2015,1490,Merritt,May,14
2015,1490,Merritt,Jun,11
2015,1490,Merritt,Jul,10
2015,1490,Merritt,Aug,3
2015,1490,Merritt,Sep,9
2015,1490,Merritt,Oct,3
2015,1490,Merritt,Nov,10
2015,1490,Merritt,Dec,13
2015,2110,Hope,Jan,16
2015,2110,Hope,Feb,9
2015,2110,Hope,Mar,11
2015,2110,Hope,Apr,9
2015,2110,Hope,May,13
2015,2110,Hope,Jun,6
2015,2110,Hope,Jul,12
2015,2110,Hope,Aug,6
2015,2110,Hope,Sep,11
2015,2110,Hope,Oct,13
2015,2110,Hope,Nov,4
2015,2110,Hope,Dec,8
2015,2121,South Chilliwack,Jan,29
2015,2121,South Chilliwack,Feb,26
2015,2121,South Chilliwack,Mar,25
2015,2121,South Chilliwack,Apr,24
2015,2121,South Chilliwack,May,27
2015,2121,South Chilliwack,Jun,28
2015,2121,South Chilliwack,Jul,32
2015,2121,South Chilliwack,Aug,24
2015,2121,South Chilliwack,Sep,33
2015,2121,South Chilliwack,Oct,37
2015,2121,South Chilliwack,Nov,30
2015,2121,South Chilliwack,Dec,32
2015,2122,North Chilliwack,Jan,41
2015,2122,North Chilliwack,Feb,36
2015,2122,North Chilliwack,Mar,44
2015,2122,North Chilliwack,Apr,46
2015,2122,North Chilliwack,May,32
2015,2122,North Chilliwack,Jun,34
2015,2122,North Chilliwack,Jul,38
2015,2122,North Chilliwack,Aug,37
2015,2122,North Chilliwack,Sep,42
2015,2122,North Chilliwack,Oct,46
2015,2122,North Chilliwack,Nov,31
2015,2122,North Chilliwack,Dec,31
2015,2131,Central Abbotsford,Jan,34
2015,2131,Central Abbotsford,Feb,30
2015,2131,Central Abbotsford,Mar,21
2015,2131,Central Abbotsford,Apr,21
2015,2131,Central Abbotsford,May,21
2015,2131,Central Abbotsford,Jun,14
2015,2131,Central Abbotsford,Jul,42
2015,2131,Central Abbotsford,Aug,32
2015,2131,Central Abbotsford,Sep,28
2015,2131,Central Abbotsford,Oct,35
2015,2131,Central Abbotsford,Nov,18
2015,2131,Central Abbotsford,Dec,40
2015,2132,East Abbotsford,Jan,11
2015,2132,East Abbotsford,Feb,17
2015,2132,East Abbotsford,Mar,6
2015,2132,East Abbotsford,Apr,15
2015,2132,East Abbotsford,May,16
2015,2132,East Abbotsford,Jun,11
2015,2132,East Abbotsford,Jul,13
2015,2132,East Abbotsford,Aug,14
2015,2132,East Abbotsford,Sep,8
2015,2132,East Abbotsford,Oct,5
2015,2132,East Abbotsford,Nov,9
2015,2132,East Abbotsford,Dec,15
2015,2133,West Abbotsford,Jan,33
2015,2133,West Abbotsford,Feb,25
2015,2133,West Abbotsford,Mar,45
2015,2133,West Abbotsford,Apr,42
2015,2133,West Abbotsford,May,39
2015,2133,West Abbotsford,Jun,30
2015,2133,West Abbotsford,Jul,41
2015,2133,West Abbotsford,Aug,35
2015,2133,West Abbotsford,Sep,33
2015,2133,West Abbotsford,Oct,37
2015,2133,West Abbotsford,Nov,42
2015,2133,West Abbotsford,Dec,46
2015,2134,Abbotsford Rural,Jan,9
2015,2134,Abbotsford Rural,Feb,15
2015,2134,Abbotsford Rural,Mar,12
2015,2134,Abbotsford Rural,Apr,8
2015,2134,Abbotsford Rural,May,10
2015,2134,Abbotsford Rural,Jun,7
2015,2134,Abbotsford Rural,Jul,12
2015,2134,Abbotsford Rural,Aug,14
2015,2134,Abbotsford Rural,Sep,10
2015,2134,Abbotsford Rural,Oct,12
2015,2134,Abbotsford Rural,Nov,16
2015,2134,Abbotsford Rural,Dec,9
2015,2141,South Mission,Jan,16
2015,2141,South Mission,Feb,16
2015,2141,South Mission,Mar,19
2015,2141,South Mission,Apr,18
2015,2141,South Mission,May,20
2015,2141,South Mission,Jun,16
2015,2141,South Mission,Jul,16
2015,2141,South Mission,Aug,23
2015,2141,South Mission,Sep,18
2015,2141,South Mission,Oct,18
2015,2141,South Mission,Nov,16
2015,2141,South Mission,Dec,15
2015,2142,North Mission,Jan,7
2015,2142,North Mission,Feb,10
2015,2142,North Mission,Mar,11
2015,2142,North Mission,Apr,9
2015,2142,North Mission,May,7
2015,2142,North Mission,Jun,8
2015,2142,North Mission,Jul,5
2015,2142,North Mission,Aug,6
2015,2142,North Mission,Sep,9
2015,2142,North Mission,Oct,8
2015,2142,North Mission,Nov,5
2015,2142,North Mission,Dec,10
2015,2150,Agassiz/Harrison,Jan,9
2015,2150,Agassiz/Harrison,Feb,6
2015,2150,Agassiz/Harrison,Mar,7
2015,2150,Agassiz/Harrison,Apr,7
2015,2150,Agassiz/Harrison,May,8
2015,2150,Agassiz/Harrison,Jun,6
2015,2150,Agassiz/Harrison,Jul,7
2015,2150,Agassiz/Harrison,Aug,9
2015,2150,Agassiz/Harrison,Sep,9
2015,2150,Agassiz/Harrison,Oct,5
2015,2150,Agassiz/Harrison,Nov,8
2015,2150,Agassiz/Harrison,Dec,9
2015,2210,New Westminster,Jan,45
2015,2210,New Westminster,Feb,42
2015,2210,New Westminster,Mar,46
2015,2210,New Westminster,Apr,50
2015,2210,New Westminster,May,51
2015,2210,New Westminster,Jun,45
2015,2210,New Westminster,Jul,47
2015,2210,New Westminster,Aug,30
2015,2210,New Westminster,Sep,29
2015,2210,New Westminster,Oct,47
2015,2210,New Westminster,Nov,40
2015,2210,New Westminster,Dec,63
2015,2221,Burnaby Northwest,Jan,31
2015,2221,Burnaby Northwest,Feb,17
2015,2221,Burnaby Northwest,Mar,29
2015,2221,Burnaby Northwest,Apr,19
2015,2221,Burnaby Northwest,May,22
2015,2221,Burnaby Northwest,Jun,23
2015,2221,Burnaby Northwest,Jul,23
2015,2221,Burnaby Northwest,Aug,24
2015,2221,Burnaby Northwest,Sep,21
2015,2221,Burnaby Northwest,Oct,23
2015,2221,Burnaby Northwest,Nov,17
2015,2221,Burnaby Northwest,Dec,28
2015,2222,Burnaby Northeast,Jan,20
2015,2222,Burnaby Northeast,Feb,19
2015,2222,Burnaby Northeast,Mar,15
2015,2222,Burnaby Northeast,Apr,6
2015,2222,Burnaby Northeast,May,10
2015,2222,Burnaby Northeast,Jun,13
2015,2222,Burnaby Northeast,Jul,15
2015,2222,Burnaby Northeast,Aug,17
2015,2222,Burnaby Northeast,Sep,12
2015,2222,Burnaby Northeast,Oct,11
2015,2222,Burnaby Northeast,Nov,24
2015,2222,Burnaby Northeast,Dec,12
2015,2223,Burnaby Southwest,Jan,51
2015,2223,Burnaby Southwest,Feb,33
2015,2223,Burnaby Southwest,Mar,39
2015,2223,Burnaby Southwest,Apr,37
2015,2223,Burnaby Southwest,May,46
2015,2223,Burnaby Southwest,Jun,46
2015,2223,Burnaby Southwest,Jul,44
2015,2223,Burnaby Southwest,Aug,35
2015,2223,Burnaby Southwest,Sep,50
2015,2223,Burnaby Southwest,Oct,41
2015,2223,Burnaby Southwest,Nov,41
2015,2223,Burnaby Southwest,Dec,55
2015,2224,Burnaby Southeast,Jan,47
2015,2224,Burnaby Southeast,Feb,34
2015,2224,Burnaby Southeast,Mar,29
2015,2224,Burnaby Southeast,Apr,46
2015,2224,Burnaby Southeast,May,45
2015,2224,Burnaby Southeast,Jun,31
2015,2224,Burnaby Southeast,Jul,37
2015,2224,Burnaby Southeast,Aug,36
2015,2224,Burnaby Southeast,Sep,32
2015,2224,Burnaby Southeast,Oct,45
2015,2224,Burnaby Southeast,Nov,23
2015,2224,Burnaby Southeast,Dec,43
2015,2231,Haney,Jan,33
2015,2231,Haney,Feb,27
2015,2231,Haney,Mar,24
2015,2231,Haney,Apr,27
2015,2231,Haney,May,31
2015,2231,Haney,Jun,20
2015,2231,Haney,Jul,22
2015,2231,Haney,Aug,27
2015,2231,Haney,Sep,38
2015,2231,Haney,Oct,37
2015,2231,Haney,Nov,30
2015,2231,Haney,Dec,25
2015,2232,Pitt Meadows,Jan,19
2015,2232,Pitt Meadows,Feb,10
2015,2232,Pitt Meadows,Mar,11
2015,2232,Pitt Meadows,Apr,6
2015,2232,Pitt Meadows,May,14
2015,2232,Pitt Meadows,Jun,11
2015,2232,Pitt Meadows,Jul,13
2015,2232,Pitt Meadows,Aug,10
2015,2232,Pitt Meadows,Sep,8
2015,2232,Pitt Meadows,Oct,5
2015,2232,Pitt Meadows,Nov,13
2015,2232,Pitt Meadows,Dec,12
2015,2233,Maple Ridge Rural,Jan,25
2015,2233,Maple Ridge Rural,Feb,18
2015,2233,Maple Ridge Rural,Mar,21
2015,2233,Maple Ridge Rural,Apr,22
2015,2233,Maple Ridge Rural,May,27
2015,2233,Maple Ridge Rural,Jun,12
2015,2233,Maple Ridge Rural,Jul,22
2015,2233,Maple Ridge Rural,Aug,22
2015,2233,Maple Ridge Rural,Sep,25
2015,2233,Maple Ridge Rural,Oct,20
2015,2233,Maple Ridge Rural,Nov,23
2015,2233,Maple Ridge Rural,Dec,26
2015,2241,North Coquitlam,Jan,12
2015,2241,North Coquitlam,Feb,7
2015,2241,North Coquitlam,Mar,6
2015,2241,North Coquitlam,Apr,7
2015,2241,North Coquitlam,May,8
2015,2241,North Coquitlam,Jun,7
2015,2241,North Coquitlam,Jul,10
2015,2241,North Coquitlam,Aug,5
2015,2241,North Coquitlam,Sep,4
2015,2241,North Coquitlam,Oct,3
2015,2241,North Coquitlam,Nov,5
2015,2241,North Coquitlam,Dec,8
2016,1110,Fernie,Jan,7
2016,1110,Fernie,Feb,10
2016,1110,Fernie,Mar,8
2016,1110,Fernie,Apr,12
2016,1110,Fernie,May,7
2016,1110,Fernie,Jun,2
2016,1110,Fernie,Jul,7
2016,1110,Fernie,Aug,4
2016,1110,Fernie,Sep,10
2016,1110,Fernie,Oct,9
2016,1110,Fernie,Nov,10
2016,1110,Fernie,Dec,11
2016,1120,Cranbrook,Jan,22
2016,1120,Cranbrook,Feb,19
2016,1120,Cranbrook,Mar,21
2016,1120,Cranbrook,Apr,22
2016,1120,Cranbrook,May,15
2016,1120,Cranbrook,Jun,16
2016,1120,Cranbrook,Jul,17
2016,1120,Cranbrook,Aug,15
2016,1120,Cranbrook,Sep,16
2016,1120,Cranbrook,Oct,15
2016,1120,Cranbrook,Nov,10
2016,1120,Cranbrook,Dec,26
2016,1130,Kimberley,Jan,6
2016,1130,Kimberley,Feb,5
2016,1130,Kimberley,Mar,4
2016,1130,Kimberley,Apr,7
2016,1130,Kimberley,May,10
2016,1130,Kimberley,Jun,5
2016,1130,Kimberley,Jul,5
2016,1130,Kimberley,Aug,7
2016,1130,Kimberley,Sep,8
2016,1130,Kimberley,Oct,10
2016,1130,Kimberley,Nov,10
2016,1130,Kimberley,Dec,13
2016,1140,Windermere,Jan,10
2016,1140,Windermere,Feb,4
2016,1140,Windermere,Mar,11
2016,1140,Windermere,Apr,7
2016,1140,Windermere,May,5
2016,1140,Windermere,Jun,8
2016,1140,Windermere,Jul,7
2016,1140,Windermere,Aug,3
2016,1140,Windermere,Sep,7
2016,1140,Windermere,Oct,8
2016,1140,Windermere,Nov,6
2016,1140,Windermere,Dec,13
2016,1150,Creston,Jan,13
2016,1150,Creston,Feb,10
2016,1150,Creston,Mar,12
2016,1150,Creston,Apr,17
2016,1150,Creston,May,15
2016,1150,Creston,Jun,12
2016,1150,Creston,Jul,6
2016,1150,Creston,Aug,14
2016,1150,Creston,Sep,17
2016,1150,Creston,Oct,16
2016,1150,Creston,Nov,12
2016,1150,Creston,Dec,16
2016,1160,Golden,Jan,2
2016,1160,Golden,Feb,8
2016,1160,Golden,Mar,4
2016,1160,Golden,Apr,5
2016,1160,Golden,May,6
2016,1160,Golden,Jun,4
2016,1160,Golden,Jul,2
2016,1160,Golden,Aug,3
2016,1160,Golden,Sep,2
2016,1160,Golden,Oct,12
2016,1160,Golden,Nov,8
2016,1160,Golden,Dec,4
2016,1210,Kootenay Lake,Jan,1
2016,1210,Kootenay Lake,Feb,3
2016,1210,Kootenay Lake,Mar,1
2016,1210,Kootenay Lake,Apr,3
2016,1210,Kootenay Lake,May,2
2016,1210,Kootenay Lake,Jun,1
2016,1210,Kootenay Lake,Jul,5
2016,1210,Kootenay Lake,Aug,2
2016,1210,Kootenay Lake,Sep,2
2016,1210,Kootenay Lake,Oct,2
2016,1210,Kootenay Lake,Nov,3
2016,1210,Kootenay Lake,Dec,3
2016,1220,Nelson,Jan,20
2016,1220,Nelson,Feb,22
2016,1220,Nelson,Mar,27
2016,1220,Nelson,Apr,21
2016,1220,Nelson,May,19
2016,1220,Nelson,Jun,14
2016,1220,Nelson,Jul,24
2016,1220,Nelson,Aug,14
2016,1220,Nelson,Sep,19
2016,1220,Nelson,Oct,13
2016,1220,Nelson,Nov,18
2016,1220,Nelson,Dec,19
2016,1230,Castlegar,Jan,13
2016,1230,Castlegar,Feb,14
2016,1230,Castlegar,Mar,11
2016,1230,Castlegar,Apr,15
2016,1230,Castlegar,May,13
2016,1230,Castlegar,Jun,12
2016,1230,Castlegar,Jul,17
2016,1230,Castlegar,Aug,8
2016,1230,Castlegar,Sep,14
2016,1230,Castlegar,Oct,13
2016,1230,Castlegar,Nov,17
2016,1230,Castlegar,Dec,10
2016,1240,Arrow Lakes,Jan,5
2016,1240,Arrow Lakes,Feb,4
2016,1240,Arrow Lakes,Mar,5
2016,1240,Arrow Lakes,Apr,3
2016,1240,Arrow Lakes,May,5
2016,1240,Arrow Lakes,Jun,2
2016,1240,Arrow Lakes,Jul,6
2016,1240,Arrow Lakes,Aug,4
2016,1240,Arrow Lakes,Sep,4
2016,1240,Arrow Lakes,Oct,5
2016,1240,Arrow Lakes,Nov,4
2016,1240,Arrow Lakes,Dec,4
2016,1250,Trail,Jan,17
2016,1250,Trail,Feb,12
2016,1250,Trail,Mar,15
2016,1250,Trail,Apr,11
2016,1250,Trail,May,15
2016,1250,Trail,Jun,17
2016,1250,Trail,Jul,20
2016,1250,Trail,Aug,20
2016,1250,Trail,Sep,17
2016,1250,Trail,Oct,22
2016,1250,Trail,Nov,17
2016,1250,Trail,Dec,25
2016,1260,Grand Forks,Jan,12
2016,1260,Grand Forks,Feb,6
2016,1260,Grand Forks,Mar,9
2016,1260,Grand Forks,Apr,11
2016,1260,Grand Forks,May,10
2016,1260,Grand Forks,Jun,5
2016,1260,Grand Forks,Jul,5
2016,1260,Grand Forks,Aug,16
2016,1260,Grand Forks,Sep,5
2016,1260,Grand Forks,Oct,17
2016,1260,Grand Forks,Nov,17
2016,1260,Grand Forks,Dec,7
2016,1270,Kettle Valley,Jan,3
2016,1270,Kettle Valley,Feb,0
2016,1270,Kettle Valley,Mar,9
2016,1270,Kettle Valley,Apr,1
2016,1270,Kettle Valley,May,3
2016,1270,Kettle Valley,Jun,1
2016,1270,Kettle Valley,Jul,4
2016,1270,Kettle Valley,Aug,2
2016,1270,Kettle Valley,Sep,1
2016,1270,Kettle Valley,Oct,5
2016,1270,Kettle Valley,Nov,2
2016,1270,Kettle Valley,Dec,3
2016,1310,Southern Okanagan,Jan,31
2016,1310,Southern Okanagan,Feb,22
2016,1310,Southern Okanagan,Mar,30
2016,1310,Southern Okanagan,Apr,27
2016,1310,Southern Okanagan,May,22
2016,1310,Southern Okanagan,Jun,26
2016,1310,Southern Okanagan,Jul,20
2016,1310,Southern Okanagan,Aug,24
2016,1310,Southern Okanagan,Sep,21
2016,1310,Southern Okanagan,Oct,34
2016,1310,Southern Okanagan,Nov,24
2016,1310,Southern Okanagan,Dec,30
2016,1320,Penticton,Jan,42
2016,1320,Penticton,Feb,54
2016,1320,Penticton,Mar,62
2016,1320,Penticton,Apr,55
2016,1320,Penticton,May,48
2016,1320,Penticton,Jun,54
2016,1320,Penticton,Jul,64
2016,1320,Penticton,Aug,47
2016,1320,Penticton,Sep,45
2016,1320,Penticton,Oct,64
2016,1320,Penticton,Nov,44
2016,1320,Penticton,Dec,67
2016,1330,Keremeos,Jan,3
2016,1330,Keremeos,Feb,6
2016,1330,Keremeos,Mar,9
2016,1330,Keremeos,Apr,5
2016,1330,Keremeos,May,9
2016,1330,Keremeos,Jun,7
2016,1330,Keremeos,Jul,5
2016,1330,Keremeos,Aug,2
2016,1330,Keremeos,Sep,5
2016,1330,Keremeos,Oct,10
2016,1330,Keremeos,Nov,5
2016,1330,Keremeos,Dec,5
2016,1340,Princeton,Jan,5
2016,1340,Princeton,Feb,6
2016,1340,Princeton,Mar,6
2016,1340,Princeton,Apr,5
2016,1340,Princeton,May,7
2016,1340,Princeton,Jun,5
2016,1340,Princeton,Jul,3
2016,1340,Princeton,Aug,8
2016,1340,Princeton,Sep,8
2016,1340,Princeton,Oct,5
2016,1340,Princeton,Nov,10
2016,1340,Princeton,Dec,8
2016,1350,Armstrong/Spallumcheen,Jan,7
2016,1350,Armstrong/Spallumcheen,Feb,7
2016,1350,Armstrong/Spallumcheen,Mar,4
2016,1350,Armstrong/Spallumcheen,Apr,10
2016,1350,Armstrong/Spallumcheen,May,9
2016,1350,Armstrong/Spallumcheen,Jun,6
2016,1350,Armstrong/Spallumcheen,Jul,13
2016,1350,Armstrong/Spallumcheen,Aug,4
2016,1350,Armstrong/Spallumcheen,Sep,1
2016,1350,Armstrong/Spallumcheen,Oct,10
2016,1350,Armstrong/Spallumcheen,Nov,10
2016,1350,Armstrong/Spallumcheen,Dec,6
2016,1361,Vernon Centre/Coldstream,Jan,49
2016,1361,Vernon Centre/Coldstream,Feb,44
2016,1361,Vernon Centre/Coldstream,Mar,54
2016,1361,Vernon Centre/Coldstream,Apr,55
2016,1361,Vernon Centre/Coldstream,May,40
2016,1361,Vernon Centre/Coldstream,Jun,57
2016,1361,Vernon Centre/Coldstream,Jul,43
2016,1361,Vernon Centre/Coldstream,Aug,46
2016,1361,Vernon Centre/Coldstream,Sep,57
2016,1361,Vernon Centre/Coldstream,Oct,55
2016,1361,Vernon Centre/Coldstream,Nov,57
2016,1361,Vernon Centre/Coldstream,Dec,58
2016,1362,North Okanagan/Lumby,Jan,11
2016,1362,North Okanagan/Lumby,Feb,13
2016,1362,North Okanagan/Lumby,Mar,6
2016,1362,North Okanagan/Lumby,Apr,6
2016,1362,North Okanagan/Lumby,May,16
2016,1362,North Okanagan/Lumby,Jun,7
2016,1362,North Okanagan/Lumby,Jul,10
2016,1362,North Okanagan/Lumby,Aug,6
2016,1362,North Okanagan/Lumby,Sep,9
2016,1362,North Okanagan/Lumby,Oct,10
2016,1362,North Okanagan/Lumby,Nov,8
2016,1362,North Okanagan/Lumby,Dec,7
2016,1371,Central Okanagan Rural,Jan,1
2016,1371,Central Okanagan Rural,Feb,3
2016,1371,Central Okanagan Rural,Mar,4
2016,1371,Central Okanagan Rural,Apr,9
2016,1371,Central Okanagan Rural,May,4
2016,1371,Central Okanagan Rural,Jun,3
2016,1371,Central Okanagan Rural,Jul,6
2016,1371,Central Okanagan Rural,Aug,8
2016,1371,Central Okanagan Rural,Sep,3
2016,1371,Central Okanagan Rural,Oct,1
2016,1371,Central Okanagan Rural,Nov,5
2016,1371,Central Okanagan Rural,Dec,7
2016,1372,West Kelowna,Jan,34
2016,1372,West Kelowna,Feb,29
2016,1372,West Kelowna,Mar,36
2016,1372,West Kelowna,Apr,48
2016,1372,West Kelowna,May,23
2016,1372,West Kelowna,Jun,25
2016,1372,West Kelowna,Jul,37
2016,1372,West Kelowna,Aug,35
2016,1372,West Kelowna,Sep,29
2016,1372,West Kelowna,Oct,39
2016,1372,West Kelowna,Nov,29
2016,1372,West Kelowna,Dec,35
2016,1373,Lake Country,Jan,6
2016,1373,Lake Country,Feb,10
2016,1373,Lake Country,Mar,7
2016,1373,Lake Country,Apr,12
2016,1373,Lake Country,May,4
2016,1373,Lake Country,Jun,7
2016,1373,Lake Country,Jul,4
2016,1373,Lake Country,Aug,7
2016,1373,Lake Country,Sep,6
2016,1373,Lake Country,Oct,6
2016,1373,Lake Country,Nov,9
2016,1373,Lake Country,Dec,7
2016,1374,Glenmore,Jan,22
2016,1374,Glenmore,Feb,26
2016,1374,Glenmore,Mar,13
2016,1374,Glenmore,Apr,22
2016,1374,Glenmore,May,13
2016,1374,Glenmore,Jun,23
2016,1374,Glenmore,Jul,18
2016,1374,Glenmore,Aug,14
2016,1374,Glenmore,Sep,21
2016,1374,Glenmore,Oct,17
2016,1374,Glenmore,Nov,11
2016,1374,Glenmore,Dec,18
2016,1375,Downtown Kelowna,Jan,61
2016,1375,Downtown Kelowna,Feb,55
2016,1375,Downtown Kelowna,Mar,52
2016,1375,Downtown Kelowna,Apr,42
2016,1375,Downtown Kelowna,May,55
2016,1375,Downtown Kelowna,Jun,43
2016,1375,Downtown Kelowna,Jul,47
2016,1375,Downtown Kelowna,Aug,44
2016,1375,Downtown Kelowna,Sep,47
2016,1375,Downtown Kelowna,Oct,61
2016,1375,Downtown Kelowna,Nov,59
2016,1375,Downtown Kelowna,Dec,66
2016,1376,Rutland,Jan,34
2016,1376,Rutland,Feb,22
2016,1376,Rutland,Mar,30
2016,1376,Rutland,Apr,27
2016,1376,Rutland,May,25
2016,1376,Rutland,Jun,25
2016,1376,Rutland,Jul,14
2016,1376,Rutland,Aug,23
2016,1376,Rutland,Sep,25
2016,1376,Rutland,Oct,21
2016,1376,Rutland,Nov,20
2016,1376,Rutland,Dec,31
2016,1377,Okanagan Mission,Jan,10
2016,1377,Okanagan Mission,Feb,13
2016,1377,Okanagan Mission,Mar,9
2016,1377,Okanagan Mission,Apr,13
2016,1377,Okanagan Mission,May,10
2016,1377,Okanagan Mission,Jun,14
2016,1377,Okanagan Mission,Jul,8
2016,1377,Okanagan Mission,Aug,8
2016,1377,Okanagan Mission,Sep,7
2016,1377,Okanagan Mission,Oct,14
2016,1377,Okanagan Mission,Nov,13
2016,1377,Okanagan Mission,Dec,14
2016,1380,Summerland,Jan,19
2016,1380,Summerland,Feb,11
2016,1380,Summerland,Mar,19
2016,1380,Summerland,Apr,13
2016,1380,Summerland,May,13
2016,1380,Summerland,Jun,9
2016,1380,Summerland,Jul,17
2016,1380,Summerland,Aug,13
2016,1380,Summerland,Sep,10
2016,1380,Summerland,Oct,12
2016,1380,Summerland,Nov,11
2016,1380,Summerland,Dec,14
2016,1390,Enderby,Jan,4
2016,1390,Enderby,Feb,8
2016,1390,Enderby,Mar,6
2016,1390,Enderby,Apr,4
2016,1390,Enderby,May,5
2016,1390,Enderby,Jun,6
2016,1390,Enderby,Jul,5
2016,1390,Enderby,Aug,9
2016,1390,Enderby,Sep,6
2016,1390,Enderby,Oct,7
2016,1390,Enderby,Nov,4
2016,1390,Enderby,Dec,7
2016,1410,Revelstoke,Jan,8
2016,1410,Revelstoke,Feb,3
2016,1410,Revelstoke,Mar,10
2016,1410,Revelstoke,Apr,5
2016,1410,Revelstoke,May,2
2016,1410,Revelstoke,Jun,5
2016,1410,Revelstoke,Jul,4
2016,1410,Revelstoke,Aug,8
2016,1410,Revelstoke,Sep,2
2016,1410,Revelstoke,Oct,7
2016,1410,Revelstoke,Nov,2
2016,1410,Revelstoke,Dec,6
2016,1420,Salmon Arm,Jan,34
2016,1420,Salmon Arm,Feb,35
2016,1420,Salmon Arm,Mar,35
2016,1420,Salmon Arm,Apr,33
2016,1420,Salmon Arm,May,21
2016,1420,Salmon Arm,Jun,44
2016,1420,Salmon Arm,Jul,31
2016,1420,Salmon Arm,Aug,32
2016,1420,Salmon Arm,Sep,31
2016,1420,Salmon Arm,Oct,41
2016,1420,Salmon Arm,Nov,29
2016,1420,Salmon Arm,Dec,40
2016,1431,Kamloops Centre North,Jan,48
2016,1431,Kamloops Centre North,Feb,39
2016,1431,Kamloops Centre North,Mar,35
2016,1431,Kamloops Centre North,Apr,59
2016,1431,Kamloops Centre North,May,37
2016,1431,Kamloops Centre North,Jun,43
2016,1431,Kamloops Centre North,Jul,35
2016,1431,Kamloops Centre North,Aug,35
2016,1431,Kamloops Centre North,Sep,50
2016,1431,Kamloops Centre North,Oct,50
2016,1431,Kamloops Centre North,Nov,56
2016,1431,Kamloops Centre North,Dec,50
2016,1432,Kamloops Centre South,Jan,38
2016,1432,Kamloops Centre South,Feb,29
2016,1432,Kamloops Centre South,Mar,31
2016,1432,Kamloops Centre South,Apr,26
2016,1432,Kamloops Centre South,May,21
2016,1432,Kamloops Centre South,Jun,29
2016,1432,Kamloops Centre South,Jul,30
2016,1432,Kamloops Centre South,Aug,31
2016,1432,Kamloops Centre South,Sep,32
2016,1432,Kamloops Centre South,Oct,35
2016,1432,Kamloops Centre South,Nov,30
2016,1432,Kamloops Centre South,Dec,42
2016,1433,Lower Thompson,Jan,21
2016,1433,Lower Thompson,Feb,17
2016,1433,Lower Thompson,Mar,16
2016,1433,Lower Thompson,Apr,11
2016,1433,Lower Thompson,May,13
2016,1433,Lower Thompson,Jun,10
2016,1433,Lower Thompson,Jul,13
2016,1433,Lower Thompson,Aug,4
2016,1433,Lower Thompson,Sep,9
2016,1433,Lower Thompson,Oct,20
2016,1433,Lower Thompson,Nov,15
2016,1433,Lower Thompson,Dec,9
2016,1440,100 Mile House,Jan,14
2016,1440,100 Mile House,Feb,15
2016,1440,100 Mile House,Mar,13
2016,1440,100 Mile House,Apr,8
2016,1440,100 Mile House,May,10
2016,1440,100 Mile House,Jun,15
2016,1440,100 Mile House,Jul,14
2016,1440,100 Mile House,Aug,13
2016,1440,100 Mile House,Sep,10
2016,1440,100 Mile House,Oct,16
2016,1440,100 Mile House,Nov,16
2016,1440,100 Mile House,Dec,13
2016,1450,North Thompson,Jan,5
2016,1450,North Thompson,Feb,6
2016,1450,North Thompson,Mar,5
2016,1450,North Thompson,Apr,1
2016,1450,North Thompson,May,3
2016,1450,North Thompson,Jun,5
2016,1450,North Thompson,Jul,3
2016,1450,North Thompson,Aug,1
2016,1450,North Thompson,Sep,3
2016,1450,North Thompson,Oct,2
2016,1450,North Thompson,Nov,3
2016,1450,North Thompson,Dec,6
2016,1461,West Cariboo,Jan,4
2016,1461,West Cariboo,Feb,2
2016,1461,West Cariboo,Mar,3
2016,1461,West Cariboo,Apr,1
2016,1461,West Cariboo,May,3
2016,1461,West Cariboo,Jun,5
2016,1461,West Cariboo,Jul,1
2016,1461,West Cariboo,Aug,1
2016,1461,West Cariboo,Sep,2
2016,1461,West Cariboo,Oct,3
2016,1461,West Cariboo,Nov,2
2016,1461,West Cariboo,Dec,2
2016,1462,Williams Lake/East Cariboo,Jan,20
2016,1462,Williams Lake/East Cariboo,Feb,21
2016,1462,Williams Lake/East Cariboo,Mar,25
2016,1462,Williams Lake/East Cariboo,Apr,28
2016,1462,Williams Lake/East Cariboo,May,15
2016,1462,Williams Lake/East Cariboo,Jun,15
2016,1462,Williams Lake/East Cariboo,Jul,19
2016,1462,Williams Lake/East Cariboo,Aug,14
2016,1462,Williams Lake/East Cariboo,Sep,20
2016,1462,Williams Lake/East Cariboo,Oct,10
2016,1462,Williams Lake/East Cariboo,Nov,18
2016,1462,Williams Lake/East Cariboo,Dec,22
2016,1470,Lillooet,Jan,5
2016,1470,Lillooet,Feb,6
2016,1470,Lillooet,Mar,3
2016,1470,Lillooet,Apr,3
2016,1470,Lillooet,May,8
2016,1470,Lillooet,Jun,1
2016,1470,Lillooet,Jul,3
2016,1470,Lillooet,Aug,5
2016,1470,Lillooet,Sep,1
2016,1470,Lillooet,Oct,2
2016,1470,Lillooet,Nov,2
2016,1470,Lillooet,Dec,5
2016,1480,South Cariboo,Jan,6
2016,1480,South Cariboo,Feb,2
2016,1480,South Cariboo,Mar,3
2016,1480,South Cariboo,Apr,8
2016,1480,South Cariboo,May,6
2016,1480,South Cariboo,Jun,12
2016,1480,South Cariboo,Jul,9
2016,1480,South Cariboo,Aug,7
2016,1480,South Cariboo,Sep,4
2016,1480,South Cariboo,Oct,12
2016,1480,South Cariboo,Nov,7
2016,1480,South Cariboo,Dec,9
2016,1490,Merritt,Jan,11
2016,1490,Merritt,Feb,7
2016,1490,Merritt,Mar,7
2016,1490,Merritt,Apr,11
2016,1490,Merritt,May,12
2016,1490,Merritt,Jun,9
2016,1490,Merritt,Jul,5
2016,1490,Merritt,Aug,11
2016,1490,Merritt,Sep,5
2016,1490,Merritt,Oct,8
2016,1490,Merritt,Nov,12
2016,1490,Merritt,Dec,12
2016,2110,Hope,Jan,8
2016,2110,Hope,Feb,12
2016,2110,Hope,Mar,4
2016,2110,Hope,Apr,6
2016,2110,Hope,May,7
2016,2110,Hope,Jun,10
2016,2110,Hope,Jul,11
2016,2110,Hope,Aug,7
2016,2110,Hope,Sep,12
2016,2110,Hope,Oct,8
2016,2110,Hope,Nov,16
2016,2110,Hope,Dec,14
2016,2121,South Chilliwack,Jan,26
2016,2121,South Chilliwack,Feb,37
2016,2121,South Chilliwack,Mar,23
2016,2121,South Chilliwack,Apr,33
2016,2121,South Chilliwack,May,29
2016,2121,South Chilliwack,Jun,22
2016,2121,South Chilliwack,Jul,34
2016,2121,South Chilliwack,Aug,25
2016,2121,South Chilliwack,Sep,29
2016,2121,South Chilliwack,Oct,24
2016,2121,South Chilliwack,Nov,31
2016,2121,South Chilliwack,Dec,31
2016,2122,North Chilliwack,Jan,47
2016,2122,North Chilliwack,Feb,36
2016,2122,North Chilliwack,Mar,40
2016,2122,North Chilliwack,Apr,36
2016,2122,North Chilliwack,May,41
2016,2122,North Chilliwack,Jun,43
2016,2122,North Chilliwack,Jul,40
2016,2122,North Chilliwack,Aug,39
2016,2122,North Chilliwack,Sep,30
2016,2122,North Chilliwack,Oct,60
2016,2122,North Chilliwack,Nov,43
2016,2122,North Chilliwack,Dec,55
2016,2131,Central Abbotsford,Jan,32
2016,2131,Central Abbotsford,Feb,31
2016,2131,Central Abbotsford,Mar,31
2016,2131,Central Abbotsford,Apr,30
2016,2131,Central Abbotsford,May,29
2016,2131,Central Abbotsford,Jun,30
2016,2131,Central Abbotsford,Jul,36
2016,2131,Central Abbotsford,Aug,23
2016,2131,Central Abbotsford,Sep,24
2016,2131,Central Abbotsford,Oct,31
2016,2131,Central Abbotsford,Nov,26
2016,2131,Central Abbotsford,Dec,42
2016,2132,East Abbotsford,Jan,18
2016,2132,East Abbotsford,Feb,17
2016,2132,East Abbotsford,Mar,8
2016,2132,East Abbotsford,Apr,7
2016,2132,East Abbotsford,May,5
2016,2132,East Abbotsford,Jun,2
2016,2132,East Abbotsford,Jul,9
2016,2132,East Abbotsford,Aug,9
2016,2132,East Abbotsford,Sep,13
2016,2132,East Abbotsford,Oct,12
2016,2132,East Abbotsford,Nov,16
2016,2132,East Abbotsford,Dec,13
2016,2133,West Abbotsford,Jan,50
2016,2133,West Abbotsford,Feb,30
2016,2133,West Abbotsford,Mar,43
2016,2133,West Abbotsford,Apr,31
2016,2133,West Abbotsford,May,54
2016,2133,West Abbotsford,Jun,32
2016,2133,West Abbotsford,Jul,37
2016,2133,West Abbotsford,Aug,45
2016,2133,West Abbotsford,Sep,40
2016,2133,West Abbotsford,Oct,34
2016,2133,West Abbotsford,Nov,44
2016,2133,West Abbotsford,Dec,53
2016,2134,Abbotsford Rural,Jan,14
2016,2134,Abbotsford Rural,Feb,11
2016,2134,Abbotsford Rural,Mar,17
2016,2134,Abbotsford Rural,Apr,9
2016,2134,Abbotsford Rural,May,13
2016,2134,Abbotsford Rural,Jun,14
2016,2134,Abbotsford Rural,Jul,7
2016,2134,Abbotsford Rural,Aug,10
2016,2134,Abbotsford Rural,Sep,9
2016,2134,Abbotsford Rural,Oct,11
2016,2134,Abbotsford Rural,Nov,13
2016,2134,Abbotsford Rural,Dec,17
2016,2141,South Mission,Jan,19
2016,2141,South Mission,Feb,15
2016,2141,South Mission,Mar,28
2016,2141,South Mission,Apr,17
2016,2141,South Mission,May,20
2016,2141,South Mission,Jun,20
2016,2141,South Mission,Jul,18
2016,2141,South Mission,Aug,22
2016,2141,South Mission,Sep,12
2016,2141,South Mission,Oct,16
2016,2141,South Mission,Nov,22
2016,2141,South Mission,Dec,19
2016,2142,North Mission,Jan,7
2016,2142,North Mission,Feb,8
2016,2142,North Mission,Mar,7
2016,2142,North Mission,Apr,10
2016,2142,North Mission,May,8
2016,2142,North Mission,Jun,7
2016,2142,North Mission,Jul,4
2016,2142,North Mission,Aug,10
2016,2142,North Mission,Sep,4
2016,2142,North Mission,Oct,9
2016,2142,North Mission,Nov,4
2016,2142,North Mission,Dec,7
2016,2150,Agassiz/Harrison,Jan,12
2016,2150,Agassiz/Harrison,Feb,10
2016,2150,Agassiz/Harrison,Mar,4
2016,2150,Agassiz/Harrison,Apr,10
2016,2150,Agassiz/Harrison,May,19
2016,2150,Agassiz/Harrison,Jun,2
2016,2150,Agassiz/Harrison,Jul,8
2016,2150,Agassiz/Harrison,Aug,7
2016,2150,Agassiz/Harrison,Sep,5
2016,2150,Agassiz/Harrison,Oct,10
2016,2150,Agassiz/Harrison,Nov,10
2016,2150,Agassiz/Harrison,Dec,14
2016,2210,New Westminster,Jan,53
2016,2210,New Westminster,Feb,40
2016,2210,New Westminster,Mar,46
2016,2210,New Westminster,Apr,41
2016,2210,New Westminster,May,46
2016,2210,New Westminster,Jun,42
2016,2210,New Westminster,Jul,47
2016,2210,New Westminster,Aug,51
2016,2210,New Westminster,Sep,44
2016,2210,New Westminster,Oct,34
2016,2210,New Westminster,Nov,45
2016,2210,New Westminster,Dec,48
2016,2221,Burnaby Northwest,Jan,25
2016,2221,Burnaby Northwest,Feb,24
2016,2221,Burnaby Northwest,Mar,20
2016,2221,Burnaby Northwest,Apr,17
2016,2221,Burnaby Northwest,May,19
2016,2221,Burnaby Northwest,Jun,15
2016,2221,Burnaby Northwest,Jul,22
2016,2221,Burnaby Northwest,Aug,22
2016,2221,Burnaby Northwest,Sep,18
2016,2221,Burnaby Northwest,Oct,27
2016,2221,Burnaby Northwest,Nov,21
2016,2221,Burnaby Northwest,Dec,29
2016,2222,Burnaby Northeast,Jan,15
2016,2222,Burnaby Northeast,Feb,21
2016,2222,Burnaby Northeast,Mar,19
2016,2222,Burnaby Northeast,Apr,10
2016,2222,Burnaby Northeast,May,25
2016,2222,Burnaby Northeast,Jun,19
2016,2222,Burnaby Northeast,Jul,16
2016,2222,Burnaby Northeast,Aug,21
2016,2222,Burnaby Northeast,Sep,14
2016,2222,Burnaby Northeast,Oct,14
2016,2222,Burnaby Northeast,Nov,6
2016,2222,Burnaby Northeast,Dec,15
2016,2223,Burnaby Southwest,Jan,50
2016,2223,Burnaby Southwest,Feb,39
2016,2223,Burnaby Southwest,Mar,52
2016,2223,Burnaby Southwest,Apr,45
2016,2223,Burnaby Southwest,May,36
2016,2223,Burnaby Southwest,Jun,40
2016,2223,Burnaby Southwest,Jul,34
2016,2223,Burnaby Southwest,Aug,55
2016,2223,Burnaby Southwest,Sep,30
2016,2223,Burnaby Southwest,Oct,37
2016,2223,Burnaby Southwest,Nov,40
2016,2223,Burnaby Southwest,Dec,42
2016,2224,Burnaby Southeast,Jan,48
2016,2224,Burnaby Southeast,Feb,30
2016,2224,Burnaby Southeast,Mar,29
2016,2224,Burnaby Southeast,Apr,26
2016,2224,Burnaby Southeast,May,27
2016,2224,Burnaby Southeast,Jun,31
2016,2224,Burnaby Southeast,Jul,35
2016,2224,Burnaby Southeast,Aug,39
2016,2224,Burnaby Southeast,Sep,31
2016,2224,Burnaby Southeast,Oct,31
2016,2224,Burnaby Southeast,Nov,32
2016,2224,Burnaby Southeast,Dec,46
2016,2231,Haney,Jan,26
2016,2231,Haney,Feb,31
2016,2231,Haney,Mar,39
2016,2231,Haney,Apr,32
2016,2231,Haney,May,28
2016,2231,Haney,Jun,16
2016,2231,Haney,Jul,24
2016,2231,Haney,Aug,32
2016,2231,Haney,Sep,19
2016,2231,Haney,Oct,26
2016,2231,Haney,Nov,21
2016,2231,Haney,Dec,32
2016,2232,Pitt Meadows,Jan,10
2016,2232,Pitt Meadows,Feb,8
2016,2232,Pitt Meadows,Mar,6
2016,2232,Pitt Meadows,Apr,8
2016,2232,Pitt Meadows,May,9
2016,2232,Pitt Meadows,Jun,13
2016,2232,Pitt Meadows,Jul,5
2016,2232,Pitt Meadows,Aug,6
2016,2232,Pitt Meadows,Sep,11
2016,2232,Pitt Meadows,Oct,11
2016,2232,Pitt Meadows,Nov,9
2016,2232,Pitt Meadows,Dec,12
2016,2233,Maple Ridge Rural,Jan,15
2016,2233,Maple Ridge Rural,Feb,22
2016,2233,Maple Ridge Rural,Mar,28
2016,2233,Maple Ridge Rural,Apr,30
2016,2233,Maple Ridge Rural,May,28
2016,2233,Maple Ridge Rural,Jun,26
2016,2233,Maple Ridge Rural,Jul,20
2016,2233,Maple Ridge Rural,Aug,25
2016,2233,Maple Ridge Rural,Sep,26
2016,2233,Maple Ridge Rural,Oct,21
2016,2233,Maple Ridge Rural,Nov,29
2016,2233,Maple Ridge Rural,Dec,35
2016,2241,North Coquitlam,Jan,3
2016,2241,North Coquitlam,Feb,9
2016,2241,North Coquitlam,Mar,6
2016,2241,North Coquitlam,Apr,5
2016,2241,North Coquitlam,May,8
2016,2241,North Coquitlam,Jun,8
2016,2241,North Coquitlam,Jul,9
2016,2241,North Coquitlam,Aug,11
2016,2241,North Coquitlam,Sep,10
2016,2241,North Coquitlam,Oct,4
2016,2241,North Coquitlam,Nov,8
2016,2241,North Coquitlam,Dec,7
2017,1110,Fernie,Jan,14
2017,1110,Fernie,Feb,9
2017,1110,Fernie,Mar,6
2017,1110,Fernie,Apr,10
2017,1110,Fernie,May,13
2017,1110,Fernie,Jun,6
2017,1110,Fernie,Jul,10
2017,1110,Fernie,Aug,10
2017,1110,Fernie,Sep,12
2017,1110,Fernie,Oct,10
2017,1110,Fernie,Nov,5
2017,1110,Fernie,Dec,11
2017,1120,Cranbrook,Jan,26
2017,1120,Cranbrook,Feb,21
2017,1120,Cranbrook,Mar,22
2017,1120,Cranbrook,Apr,24
2017,1120,Cranbrook,May,22
2017,1120,Cranbrook,Jun,18
2017,1120,Cranbrook,Jul,22
2017,1120,Cranbrook,Aug,16
2017,1120,Cranbrook,Sep,17
2017,1120,Cranbrook,Oct,20
2017,1120,Cranbrook,Nov,27
2017,1120,Cranbrook,Dec,19
2017,1130,Kimberley,Jan,8
2017,1130,Kimberley,Feb,8
2017,1130,Kimberley,Mar,9
2017,1130,Kimberley,Apr,8
2017,1130,Kimberley,May,8
2017,1130,Kimberley,Jun,10
2017,1130,Kimberley,Jul,7
2017,1130,Kimberley,Aug,11
2017,1130,Kimberley,Sep,6
2017,1130,Kimberley,Oct,11
2017,1130,Kimberley,Nov,8
2017,1130,Kimberley,Dec,11
2017,1140,Windermere,Jan,14
2017,1140,Windermere,Feb,4
2017,1140,Windermere,Mar,10
2017,1140,Windermere,Apr,4
2017,1140,Windermere,May,9
2017,1140,Windermere,Jun,11
2017,1140,Windermere,Jul,9
2017,1140,Windermere,Aug,5
2017,1140,Windermere,Sep,6
2017,1140,Windermere,Oct,5
2017,1140,Windermere,Nov,8
2017,1140,Windermere,Dec,12
2017,1150,Creston,Jan,11
2017,1150,Creston,Feb,16
2017,1150,Creston,Mar,15
2017,1150,Creston,Apr,18
2017,1150,Creston,May,16
2017,1150,Creston,Jun,17
2017,1150,Creston,Jul,9
2017,1150,Creston,Aug,7
2017,1150,Creston,Sep,11
2017,1150,Creston,Oct,14
2017,1150,Creston,Nov,10
2017,1150,Creston,Dec,13
2017,1160,Golden,Jan,2
2017,1160,Golden,Feb,2
2017,1160,Golden,Mar,4
2017,1160,Golden,Apr,4
2017,1160,Golden,May,9
2017,1160,Golden,Jun,2
2017,1160,Golden,Jul,1
2017,1160,Golden,Aug,3
2017,1160,Golden,Sep,5
2017,1160,Golden,Oct,4
2017,1160,Golden,Nov,2
2017,1160,Golden,Dec,7
2017,1210,Kootenay Lake,Jan,2
2017,1210,Kootenay Lake,Feb,4
2017,1210,Kootenay Lake,Mar,4
2017,1210,Kootenay Lake,Apr,3
2017,1210,Kootenay Lake,May,2
2017,1210,Kootenay Lake,Jun,2
2017,1210,Kootenay Lake,Jul,2
2017,1210,Kootenay Lake,Aug,2
2017,1210,Kootenay Lake,Sep,2
2017,1210,Kootenay Lake,Oct,4
2017,1210,Kootenay Lake,Nov,4
2017,1210,Kootenay Lake,Dec,6
2017,1220,Nelson,Jan,19
2017,1220,Nelson,Feb,19
2017,1220,Nelson,Mar,19
2017,1220,Nelson,Apr,17
2017,1220,Nelson,May,13
2017,1220,Nelson,Jun,18
2017,1220,Nelson,Jul,21
2017,1220,Nelson,Aug,12
2017,1220,Nelson,Sep,17
2017,1220,Nelson,Oct,19
2017,1220,Nelson,Nov,16
2017,1220,Nelson,Dec,21
2017,1230,Castlegar,Jan,26
2017,1230,Castlegar,Feb,13
2017,1230,Castlegar,Mar,10
2017,1230,Castlegar,Apr,12
2017,1230,Castlegar,May,11
2017,1230,Castlegar,Jun,12
2017,1230,Castlegar,Jul,13
2017,1230,Castlegar,Aug,7
2017,1230,Castlegar,Sep,4
2017,1230,Castlegar,Oct,10
2017,1230,Castlegar,Nov,16
2017,1230,Castlegar,Dec,11
2017,1240,Arrow Lakes,Jan,5
2017,1240,Arrow Lakes,Feb,6
2017,1240,Arrow Lakes,Mar,4
2017,1240,Arrow Lakes,Apr,4
2017,1240,Arrow Lakes,May,8
2017,1240,Arrow Lakes,Jun,3
2017,1240,Arrow Lakes,Jul,2
2017,1240,Arrow Lakes,Aug,6
2017,1240,Arrow Lakes,Sep,6
2017,1240,Arrow Lakes,Oct,4
2017,1240,Arrow Lakes,Nov,4
2017,1240,Arrow Lakes,Dec,8
2017,1250,Trail,Jan,24
2017,1250,Trail,Feb,20
2017,1250,Trail,Mar,23
2017,1250,Trail,Apr,22
2017,1250,Trail,May,16
2017,1250,Trail,Jun,12
2017,1250,Trail,Jul,17
2017,1250,Trail,Aug,21
2017,1250,Trail,Sep,23
2017,1250,Trail,Oct,25
2017,1250,Trail,Nov,18
2017,1250,Trail,Dec,25
2017,1260,Grand Forks,Jan,15
2017,1260,Grand Forks,Feb,18
2017,1260,Grand Forks,Mar,11
2017,1260,Grand Forks,Apr,12
2017,1260,Grand Forks,May,12
2017,1260,Grand Forks,Jun,15
2017,1260,Grand Forks,Jul,12
2017,1260,Grand Forks,Aug,14
2017,1260,Grand Forks,Sep,14
2017,1260,Grand Forks,Oct,8
2017,1260,Grand Forks,Nov,14
2017,1260,Grand Forks,Dec,15
2017,1270,Kettle Valley,Jan,3
2017,1270,Kettle Valley,Feb,2
2017,1270,Kettle Valley,Mar,2
2017,1270,Kettle Valley,Apr,4
2017,1270,Kettle Valley,May,1
2017,1270,Kettle Valley,Jun,3
2017,1270,Kettle Valley,Jul,2
2017,1270,Kettle Valley,Aug,5
2017,1270,Kettle Valley,Sep,4
2017,1270,Kettle Valley,Oct,1
2017,1270,Kettle Valley,Nov,5
2017,1270,Kettle Valley,Dec,5
2017,1310,Southern Okanagan,Jan,40
2017,1310,Southern Okanagan,Feb,28
2017,1310,Southern Okanagan,Mar,29
2017,1310,Southern Okanagan,Apr,21
2017,1310,Southern Okanagan,May,24
2017,1310,Southern Okanagan,Jun,30
2017,1310,Southern Okanagan,Jul,19
2017,1310,Southern Okanagan,Aug,26
2017,1310,Southern Okanagan,Sep,26
2017,1310,Southern Okanagan,Oct,28
2017,1310,Southern Okanagan,Nov,23
2017,1310,Southern Okanagan,Dec,32
2017,1320,Penticton,Jan,63
2017,1320,Penticton,Feb,50
2017,1320,Penticton,Mar,66
2017,1320,Penticton,Apr,52
2017,1320,Penticton,May,43
2017,1320,Penticton,Jun,51
2017,1320,Penticton,Jul,48
2017,1320,Penticton,Aug,52
2017,1320,Penticton,Sep,44
2017,1320,Penticton,Oct,42
2017,1320,Penticton,Nov,54
2017,1320,Penticton,Dec,63
2017,1330,Keremeos,Jan,12
2017,1330,Keremeos,Feb,8
2017,1330,Keremeos,Mar,9
2017,1330,Keremeos,Apr,6
2017,1330,Keremeos,May,6
2017,1330,Keremeos,Jun,5
2017,1330,Keremeos,Jul,14
2017,1330,Keremeos,Aug,8
2017,1330,Keremeos,Sep,10
2017,1330,Keremeos,Oct,7
2017,1330,Keremeos,Nov,6
2017,1330,Keremeos,Dec,14
2017,1340,Princeton,Jan,6
2017,1340,Princeton,Feb,7
2017,1340,Princeton,Mar,5
2017,1340,Princeton,Apr,4
2017,1340,Princeton,May,3
2017,1340,Princeton,Jun,3
2017,1340,Princeton,Jul,6
2017,1340,Princeton,Aug,4
2017,1340,Princeton,Sep,1
2017,1340,Princeton,Oct,5
2017,1340,Princeton,Nov,6
2017,1340,Princeton,Dec,4
2017,1350,Armstrong/Spallumcheen,Jan,11
2017,1350,Armstrong/Spallumcheen,Feb,11
2017,1350,Armstrong/Spallumcheen,Mar,8
2017,1350,Armstrong/Spallumcheen,Apr,5
2017,1350,Armstrong/Spallumcheen,May,5
2017,1350,Armstrong/Spallumcheen,Jun,11
2017,1350,Armstrong/Spallumcheen,Jul,10
2017,1350,Armstrong/Spallumcheen,Aug,4
2017,1350,Armstrong/Spallumcheen,Sep,8
2017,1350,Armstrong/Spallumcheen,Oct,11
2017,1350,Armstrong/Spallumcheen,Nov,12
2017,1350,Armstrong/Spallumcheen,Dec,8
2017,1361,Vernon Centre/Coldstream,Jan,69
2017,1361,Vernon Centre/Coldstream,Feb,47
2017,1361,Vernon Centre/Coldstream,Mar,64
2017,1361,Vernon Centre/Coldstream,Apr,48
2017,1361,Vernon Centre/Coldstream,May,48
2017,1361,Vernon Centre/Coldstream,Jun,53
2017,1361,Vernon Centre/Coldstream,Jul,57
2017,1361,Vernon Centre/Coldstream,Aug,55
2017,1361,Vernon Centre/Coldstream,Sep,50
2017,1361,Vernon Centre/Coldstream,Oct,41
2017,1361,Vernon Centre/Coldstream,Nov,52
2017,1361,Vernon Centre/Coldstream,Dec,69
2017,1362,North Okanagan/Lumby,Jan,11
2017,1362,North Okanagan/Lumby,Feb,13
2017,1362,North Okanagan/Lumby,Mar,12
2017,1362,North Okanagan/Lumby,Apr,9
2017,1362,North Okanagan/Lumby,May,11
2017,1362,North Okanagan/Lumby,Jun,13
2017,1362,North Okanagan/Lumby,Jul,8
2017,1362,North Okanagan/Lumby,Aug,5
2017,1362,North Okanagan/Lumby,Sep,8
2017,1362,North Okanagan/Lumby,Oct,5
2017,1362,North Okanagan/Lumby,Nov,10
2017,1362,North Okanagan/Lumby,Dec,11
2017,1371,Central Okanagan Rural,Jan,8
2017,1371,Central Okanagan Rural,Feb,8
2017,1371,Central Okanagan Rural,Mar,9
2017,1371,Central Okanagan Rural,Apr,5
2017,1371,Central Okanagan Rural,May,7
2017,1371,Central Okanagan Rural,Jun,6
2017,1371,Central Okanagan Rural,Jul,3
2017,1371,Central Okanagan Rural,Aug,4
2017,1371,Central Okanagan Rural,Sep,3
2017,1371,Central Okanagan Rural,Oct,3
2017,1371,Central Okanagan Rural,Nov,6
2017,1371,Central Okanagan Rural,Dec,7
2017,1372,West Kelowna,Jan,51
2017,1372,West Kelowna,Feb,34
2017,1372,West Kelowna,Mar,35
2017,1372,West Kelowna,Apr,37
2017,1372,West Kelowna,May,40
2017,1372,West Kelowna,Jun,39
2017,1372,West Kelowna,Jul,41
2017,1372,West Kelowna,Aug,32
2017,1372,West Kelowna,Sep,32
2017,1372,West Kelowna,Oct,41
2017,1372,West Kelowna,Nov,37
2017,1372,West Kelowna,Dec,27
2017,1373,Lake Country,Jan,14
2017,1373,Lake Country,Feb,5
2017,1373,Lake Country,Mar,5
2017,1373,Lake Country,Apr,5
2017,1373,Lake Country,May,9
2017,1373,Lake Country,Jun,7
2017,1373,Lake Country,Jul,5
2017,1373,Lake Country,Aug,6
2017,1373,Lake Country,Sep,5
2017,1373,Lake Country,Oct,7
2017,1373,Lake Country,Nov,8
2017,1373,Lake Country,Dec,11
2017,1374,Glenmore,Jan,33
2017,1374,Glenmore,Feb,16
2017,1374,Glenmore,Mar,31
2017,1374,Glenmore,Apr,27
2017,1374,Glenmore,May,24
2017,1374,Glenmore,Jun,26
2017,1374,Glenmore,Jul,21
2017,1374,Glenmore,Aug,17
2017,1374,Glenmore,Sep,20
2017,1374,Glenmore,Oct,20
2017,1374,Glenmore,Nov,24
2017,1374,Glenmore,Dec,27
2017,1375,Downtown Kelowna,Jan,66
2017,1375,Downtown Kelowna,Feb,48
2017,1375,Downtown Kelowna,Mar,61
2017,1375,Downtown Kelowna,Apr,65
2017,1375,Downtown Kelowna,May,47
2017,1375,Downtown Kelowna,Jun,57
2017,1375,Downtown Kelowna,Jul,42
2017,1375,Downtown Kelowna,Aug,46
2017,1375,Downtown Kelowna,Sep,46
2017,1375,Downtown Kelowna,Oct,43
2017,1375,Downtown Kelowna,Nov,50
2017,1375,Downtown Kelowna,Dec,55
2017,1376,Rutland,Jan,42
2017,1376,Rutland,Feb,33
2017,1376,Rutland,Mar,29
2017,1376,Rutland,Apr,30
2017,1376,Rutland,May,22
2017,1376,Rutland,Jun,29
2017,1376,Rutland,Jul,17
2017,1376,Rutland,Aug,24
2017,1376,Rutland,Sep,19
2017,1376,Rutland,Oct,21
2017,1376,Rutland,Nov,28
2017,1376,Rutland,Dec,27
2017,1377,Okanagan Mission,Jan,19
2017,1377,Okanagan Mission,Feb,16
2017,1377,Okanagan Mission,Mar,27
2017,1377,Okanagan Mission,Apr,12
2017,1377,Okanagan Mission,May,16
2017,1377,Okanagan Mission,Jun,10
2017,1377,Okanagan Mission,Jul,12
2017,1377,Okanagan Mission,Aug,9
2017,1377,Okanagan Mission,Sep,8
2017,1377,Okanagan Mission,Oct,14
2017,1377,Okanagan Mission,Nov,16
2017,1377,Okanagan Mission,Dec,19
2017,1380,Summerland,Jan,26
2017,1380,Summerland,Feb,14
2017,1380,Summerland,Mar,19
2017,1380,Summerland,Apr,13
2017,1380,Summerland,May,13
2017,1380,Summerland,Jun,13
2017,1380,Summerland,Jul,17
2017,1380,Summerland,Aug,19
2017,1380,Summerland,Sep,9
2017,1380,Summerland,Oct,13
2017,1380,Summerland,Nov,12
2017,1380,Summerland,Dec,11
2017,1390,Enderby,Jan,8
2017,1390,Enderby,Feb,5
2017,1390,Enderby,Mar,6
2017,1390,Enderby,Apr,7
2017,1390,Enderby,May,3
2017,1390,Enderby,Jun,5
2017,1390,Enderby,Jul,3
2017,1390,Enderby,Aug,3
2017,1390,Enderby,Sep,9
2017,1390,Enderby,Oct,5
2017,1390,Enderby,Nov,4
2017,1390,Enderby,Dec,6
2017,1410,Revelstoke,Jan,7
2017,1410,Revelstoke,Feb,4
2017,1410,Revelstoke,Mar,7
2017,1410,Revelstoke,Apr,3
2017,1410,Revelstoke,May,11
2017,1410,Revelstoke,Jun,5
2017,1410,Revelstoke,Jul,6
2017,1410,Revelstoke,Aug,7
2017,1410,Revelstoke,Sep,6
2017,1410,Revelstoke,Oct,8
2017,1410,Revelstoke,Nov,4
2017,1410,Revelstoke,Dec,7
2017,1420,Salmon Arm,Jan,47
2017,1420,Salmon Arm,Feb,39
2017,1420,Salmon Arm,Mar,38
2017,1420,Salmon Arm,Apr,32
2017,1420,Salmon Arm,May,32
2017,1420,Salmon Arm,Jun,38
2017,1420,Salmon Arm,Jul,46
2017,1420,Salmon Arm,Aug,31
2017,1420,Salmon Arm,Sep,27
2017,1420,Salmon Arm,Oct,34
2017,1420,Salmon Arm,Nov,38
2017,1420,Salmon Arm,Dec,35
2017,1431,Kamloops Centre North,Jan,58
2017,1431,Kamloops Centre North,Feb,42
2017,1431,Kamloops Centre North,Mar,47
2017,1431,Kamloops Centre North,Apr,60
2017,1431,Kamloops Centre North,May,40
2017,1431,Kamloops Centre North,Jun,33
2017,1431,Kamloops Centre North,Jul,42
2017,1431,Kamloops Centre North,Aug,53
2017,1431,Kamloops Centre North,Sep,41
2017,1431,Kamloops Centre North,Oct,43
2017,1431,Kamloops Centre North,Nov,46
2017,1431,Kamloops Centre North,Dec,48
2017,1432,Kamloops Centre South,Jan,32
2017,1432,Kamloops Centre South,Feb,37
2017,1432,Kamloops Centre South,Mar,35
2017,1432,Kamloops Centre South,Apr,40
2017,1432,Kamloops Centre South,May,33
2017,1432,Kamloops Centre South,Jun,27
2017,1432,Kamloops Centre South,Jul,33
2017,1432,Kamloops Centre South,Aug,31
2017,1432,Kamloops Centre South,Sep,22
2017,1432,Kamloops Centre South,Oct,36
2017,1432,Kamloops Centre South,Nov,40
2017,1432,Kamloops Centre South,Dec,33
2017,1433,Lower Thompson,Jan,21
2017,1433,Lower Thompson,Feb,14
2017,1433,Lower Thompson,Mar,16
2017,1433,Lower Thompson,Apr,15
2017,1433,Lower Thompson,May,18
2017,1433,Lower Thompson,Jun,13
2017,1433,Lower Thompson,Jul,15
2017,1433,Lower Thompson,Aug,17
2017,1433,Lower Thompson,Sep,12
2017,1433,Lower Thompson,Oct,14
2017,1433,Lower Thompson,Nov,19
2017,1433,Lower Thompson,Dec,19
2017,1440,100 Mile House,Jan,18
2017,1440,100 Mile House,Feb,11
2017,1440,100 Mile House,Mar,17
2017,1440,100 Mile House,Apr,13
2017,1440,100 Mile House,May,12
2017,1440,100 Mile House,Jun,11
2017,1440,100 Mile House,Jul,14
2017,1440,100 Mile House,Aug,12
2017,1440,100 Mile House,Sep,16
2017,1440,100 Mile House,Oct,21
2017,1440,100 Mile House,Nov,15
2017,1440,100 Mile House,Dec,23
2017,1450,North Thompson,Jan,7
2017,1450,North Thompson,Feb,5
2017,1450,North Thompson,Mar,3
2017,1450,North Thompson,Apr,4
2017,1450,North Thompson,May,2
2017,1450,North Thompson,Jun,7
2017,1450,North Thompson,Jul,3
2017,1450,North Thompson,Aug,1
2017,1450,North Thompson,Sep,4
2017,1450,North Thompson,Oct,2
2017,1450,North Thompson,Nov,3
2017,1450,North Thompson,Dec,1
2017,1461,West Cariboo,Jan,0
2017,1461,West Cariboo,Feb,2
2017,1461,West Cariboo,Mar,1
2017,1461,West Cariboo,Apr,3
2017,1461,West Cariboo,May,1
2017,1461,West Cariboo,Jun,4
2017,1461,West Cariboo,Jul,1
2017,1461,West Cariboo,Aug,3
2017,1461,West Cariboo,Sep,1
2017,1461,West Cariboo,Oct,2
2017,1461,West Cariboo,Nov,1
2017,1461,West Cariboo,Dec,1
2017,1462,Williams Lake/East Cariboo,Jan,21
2017,1462,Williams Lake/East Cariboo,Feb,17
2017,1462,Williams Lake/East Cariboo,Mar,21
2017,1462,Williams Lake/East Cariboo,Apr,20
2017,1462,Williams Lake/East Cariboo,May,18
2017,1462,Williams Lake/East Cariboo,Jun,27
2017,1462,Williams Lake/East Cariboo,Jul,18
2017,1462,Williams Lake/East Cariboo,Aug,18
2017,1462,Williams Lake/East Cariboo,Sep,10
2017,1462,Williams Lake/East Cariboo,Oct,21
2017,1462,Williams Lake/East Cariboo,Nov,13
2017,1462,Williams Lake/East Cariboo,Dec,17
2017,1470,Lillooet,Jan,4
2017,1470,Lillooet,Feb,3
2017,1470,Lillooet,Mar,1
2017,1470,Lillooet,Apr,3
2017,1470,Lillooet,May,4
2017,1470,Lillooet,Jun,1
2017,1470,Lillooet,Jul,3
2017,1470,Lillooet,Aug,2
2017,1470,Lillooet,Sep,5
2017,1470,Lillooet,Oct,0
2017,1470,Lillooet,Nov,2
2017,1470,Lillooet,Dec,5
2017,1480,South Cariboo,Jan,5
2017,1480,South Cariboo,Feb,6
2017,1480,South Cariboo,Mar,15
2017,1480,South Cariboo,Apr,6
2017,1480,South Cariboo,May,10
2017,1480,South Cariboo,Jun,8
2017,1480,South Cariboo,Jul,3
2017,1480,South Cariboo,Aug,4
2017,1480,South Cariboo,Sep,4
2017,1480,South Cariboo,Oct,7
2017,1480,South Cariboo,Nov,4
2017,1480,South Cariboo,Dec,3
2017,1490,Merritt,Jan,16
2017,1490,Merritt,Feb,16
2017,1490,Merritt,Mar,12
2017,1490,Merritt,Apr,10
2017,1490,Merritt,May,5
2017,1490,Merritt,Jun,10
2017,1490,Merritt,Jul,9
2017,1490,Merritt,Aug,9
2017,1490,Merritt,Sep,11
2017,1490,Merritt,Oct,8
2017,1490,Merritt,Nov,12
2017,1490,Merritt,Dec,14
2017,2110,Hope,Jan,15
2017,2110,Hope,Feb,8
2017,2110,Hope,Mar,11
2017,2110,Hope,Apr,11
2017,2110,Hope,May,15
2017,2110,Hope,Jun,6
2017,2110,Hope,Jul,8
2017,2110,Hope,Aug,10
2017,2110,Hope,Sep,10
2017,2110,Hope,Oct,9
2017,2110,Hope,Nov,12
2017,2110,Hope,Dec,6
2017,2121,South Chilliwack,Jan,44
2017,2121,South Chilliwack,Feb,38
2017,2121,South Chilliwack,Mar,31
2017,2121,South Chilliwack,Apr,25
2017,2121,South Chilliwack,May,24
2017,2121,South Chilliwack,Jun,31
2017,2121,South Chilliwack,Jul,28
2017,2121,South Chilliwack,Aug,26
2017,2121,South Chilliwack,Sep,27
2017,2121,South Chilliwack,Oct,39
2017,2121,South Chilliwack,Nov,34
2017,2121,South Chilliwack,Dec,37
2017,2122,North Chilliwack,Jan,61
2017,2122,North Chilliwack,Feb,37
2017,2122,North Chilliwack,Mar,51
2017,2122,North Chilliwack,Apr,31
2017,2122,North Chilliwack,May,48
2017,2122,North Chilliwack,Jun,37
2017,2122,North Chilliwack,Jul,57
2017,2122,North Chilliwack,Aug,41
2017,2122,North Chilliwack,Sep,33
2017,2122,North Chilliwack,Oct,48
2017,2122,North Chilliwack,Nov,39
2017,2122,North Chilliwack,Dec,50
2017,2131,Central Abbotsford,Jan,46
2017,2131,Central Abbotsford,Feb,34
2017,2131,Central Abbotsford,Mar,34
2017,2131,Central Abbotsford,Apr,21
2017,2131,Central Abbotsford,May,28
2017,2131,Central Abbotsford,Jun,23
2017,2131,Central Abbotsford,Jul,33
2017,2131,Central Abbotsford,Aug,22
2017,2131,Central Abbotsford,Sep,25
2017,2131,Central Abbotsford,Oct,44
2017,2131,Central Abbotsford,Nov,31
2017,2131,Central Abbotsford,Dec,39
2017,2132,East Abbotsford,Jan,15
2017,2132,East Abbotsford,Feb,13
2017,2132,East Abbotsford,Mar,7
2017,2132,East Abbotsford,Apr,10
2017,2132,East Abbotsford,May,14
2017,2132,East Abbotsford,Jun,12
2017,2132,East Abbotsford,Jul,14
2017,2132,East Abbotsford,Aug,11
2017,2132,East Abbotsford,Sep,10
2017,2132,East Abbotsford,Oct,9
2017,2132,East Abbotsford,Nov,10
2017,2132,East Abbotsford,Dec,8
2017,2133,West Abbotsford,Jan,52
2017,2133,West Abbotsford,Feb,47
2017,2133,West Abbotsford,Mar,41
2017,2133,West Abbotsford,Apr,34
2017,2133,West Abbotsford,May,41
2017,2133,West Abbotsford,Jun,38
2017,2133,West Abbotsford,Jul,31
2017,2133,West Abbotsford,Aug,33
2017,2133,West Abbotsford,Sep,34
2017,2133,West Abbotsford,Oct,38
2017,2133,West Abbotsford,Nov,49
2017,2133,West Abbotsford,Dec,56
2017,2134,Abbotsford Rural,Jan,13
2017,2134,Abbotsford Rural,Feb,13
2017,2134,Abbotsford Rural,Mar,13
2017,2134,Abbotsford Rural,Apr,14
2017,2134,Abbotsford Rural,May,18
2017,2134,Abbotsford Rural,Jun,7
2017,2134,Abbotsford Rural,Jul,11
2017,2134,Abbotsford Rural,Aug,12
2017,2134,Abbotsford Rural,Sep,11
2017,2134,Abbotsford Rural,Oct,13
2017,2134,Abbotsford Rural,Nov,10
2017,2134,Abbotsford Rural,Dec,6
2017,2141,South Mission,Jan,22
2017,2141,South Mission,Feb,23
2017,2141,South Mission,Mar,29
2017,2141,South Mission,Apr,21
2017,2141,South Mission,May,21
2017,2141,South Mission,Jun,10
2017,2141,South Mission,Jul,17
2017,2141,South Mission,Aug,19
2017,2141,South Mission,Sep,20
2017,2141,South Mission,Oct,20
2017,2141,South Mission,Nov,19
2017,2141,South Mission,Dec,19
2017,2142,North Mission,Jan,13
2017,2142,North Mission,Feb,8
2017,2142,North Mission,Mar,14
2017,2142,North Mission,Apr,7
2017,2142,North Mission,May,6
2017,2142,North Mission,Jun,12
2017,2142,North Mission,Jul,6
2017,2142,North Mission,Aug,7
2017,2142,North Mission,Sep,5
2017,2142,North Mission,Oct,5
2017,2142,North Mission,Nov,9
2017,2142,North Mission,Dec,17
2017,2150,Agassiz/Harrison,Jan,16
2017,2150,Agassiz/Harrison,Feb,12
2017,2150,Agassiz/Harrison,Mar,7
2017,2150,Agassiz/Harrison,Apr,10
2017,2150,Agassiz/Harrison,May,7
2017,2150,Agassiz/Harrison,Jun,8
2017,2150,Agassiz/Harrison,Jul,16
2017,2150,Agassiz/Harrison,Aug,7
2017,2150,Agassiz/Harrison,Sep,7
2017,2150,Agassiz/Harrison,Oct,11
2017,2150,Agassiz/Harrison,Nov,10
2017,2150,Agassiz/Harrison,Dec,9
2017,2210,New Westminster,Jan,52
2017,2210,New Westminster,Feb,56
2017,2210,New Westminster,Mar,47
2017,2210,New Westminster,Apr,42
2017,2210,New Westminster,May,58
2017,2210,New Westminster,Jun,34
2017,2210,New Westminster,Jul,44
2017,2210,New Westminster,Aug,34
2017,2210,New Westminster,Sep,39
2017,2210,New Westminster,Oct,47
2017,2210,New Westminster,Nov,41
2017,2210,New Westminster,Dec,53
2017,2221,Burnaby Northwest,Jan,26
2017,2221,Burnaby Northwest,Feb,24
2017,2221,Burnaby Northwest,Mar,27
2017,2221,Burnaby Northwest,Apr,23
2017,2221,Burnaby Northwest,May,26
2017,2221,Burnaby Northwest,Jun,24
2017,2221,Burnaby Northwest,Jul,16
2017,2221,Burnaby Northwest,Aug,24
2017,2221,Burnaby Northwest,Sep,22
2017,2221,Burnaby Northwest,Oct,22
2017,2221,Burnaby Northwest,Nov,29
2017,2221,Burnaby Northwest,Dec,23
2017,2222,Burnaby Northeast,Jan,21
2017,2222,Burnaby Northeast,Feb,15
2017,2222,Burnaby Northeast,Mar,19
2017,2222,Burnaby Northeast,Apr,12
2017,2222,Burnaby Northeast,May,16
2017,2222,Burnaby Northeast,Jun,14
2017,2222,Burnaby Northeast,Jul,18
2017,2222,Burnaby Northeast,Aug,23
2017,2222,Burnaby Northeast,Sep,15
2017,2222,Burnaby Northeast,Oct,11
2017,2222,Burnaby Northeast,Nov,13
2017,2222,Burnaby Northeast,Dec,12
2017,2223,Burnaby Southwest,Jan,63
2017,2223,Burnaby Southwest,Feb,53
2017,2223,Burnaby Southwest,Mar,51
2017,2223,Burnaby Southwest,Apr,43
2017,2223,Burnaby Southwest,May,47
2017,2223,Burnaby Southwest,Jun,42
2017,2223,Burnaby Southwest,Jul,51
2017,2223,Burnaby Southwest,Aug,46
2017,2223,Burnaby Southwest,Sep,46
2017,2223,Burnaby Southwest,Oct,36
2017,2223,Burnaby Southwest,Nov,34
2017,2223,Burnaby Southwest,Dec,48
2017,2224,Burnaby Southeast,Jan,32
2017,2224,Burnaby Southeast,Feb,44
2017,2224,Burnaby Southeast,Mar,31
2017,2224,Burnaby Southeast,Apr,37
2017,2224,Burnaby Southeast,May,29
2017,2224,Burnaby Southeast,Jun,26
2017,2224,Burnaby Southeast,Jul,35
2017,2224,Burnaby Southeast,Aug,28
2017,2224,Burnaby Southeast,Sep,39
2017,2224,Burnaby Southeast,Oct,40
2017,2224,Burnaby Southeast,Nov,44
2017,2224,Burnaby Southeast,Dec,38
2017,2231,Haney,Jan,27
2017,2231,Haney,Feb,31
2017,2231,Haney,Mar,32
2017,2231,Haney,Apr,25
2017,2231,Haney,May,31
2017,2231,Haney,Jun,31
2017,2231,Haney,Jul,20
2017,2231,Haney,Aug,32
2017,2231,Haney,Sep,22
2017,2231,Haney,Oct,26
2017,2231,Haney,Nov,27
2017,2231,Haney,Dec,32
2017,2232,Pitt Meadows,Jan,11
2017,2232,Pitt Meadows,Feb,16
2017,2232,Pitt Meadows,Mar,7
2017,2232,Pitt Meadows,Apr,14
2017,2232,Pitt Meadows,May,6
2017,2232,Pitt Meadows,Jun,9
2017,2232,Pitt Meadows,Jul,7
2017,2232,Pitt Meadows,Aug,12
2017,2232,Pitt Meadows,Sep,3
2017,2232,Pitt Meadows,Oct,11
2017,2232,Pitt Meadows,Nov,8
2017,2232,Pitt Meadows,Dec,9
2017,2233,Maple Ridge Rural,Jan,24
2017,2233,Maple Ridge Rural,Feb,16
2017,2233,Maple Ridge Rural,Mar,22
2017,2233,Maple Ridge Rural,Apr,22
2017,2233,Maple Ridge Rural,May,22
2017,2233,Maple Ridge Rural,Jun,25
2017,2233,Maple Ridge Rural,Jul,24
2017,2233,Maple Ridge Rural,Aug,19
2017,2233,Maple Ridge Rural,Sep,28
2017,2233,Maple Ridge Rural,Oct,22
2017,2233,Maple Ridge Rural,Nov,19
2017,2233,Maple Ridge Rural,Dec,35
2017,2241,North Coquitlam,Jan,11
2017,2241,North Coquitlam,Feb,5
2017,2241,North Coquitlam,Mar,8
2017,2241,North Coquitlam,Apr,6
2017,2241,North Coquitlam,May,11
2017,2241,North Coquitlam,Jun,9
2017,2241,North Coquitlam,Jul,6
2017,2241,North Coquitlam,Aug,9
2017,2241,North Coquitlam,Sep,7
2017,2241,North Coquitlam,Oct,10
2017,2241,North Coquitlam,Nov,6
2017,2241,North Coquitlam,Dec,4
2018,1110,Fernie,Jan,14
2018,1110,Fernie,Feb,9
2018,1110,Fernie,Mar,5
2018,1110,Fernie,Apr,7
2018,1110,Fernie,May,5
2018,1110,Fernie,Jun,8
2018,1110,Fernie,Jul,14
2018,1110,Fernie,Aug,6
2018,1110,Fernie,Sep,8
2018,1110,Fernie,Oct,17
2018,1110,Fernie,Nov,10
2018,1110,Fernie,Dec,10
2018,1120,Cranbrook,Jan,17
2018,1120,Cranbrook,Feb,19
2018,1120,Cranbrook,Mar,19
2018,1120,Cranbrook,Apr,18
2018,1120,Cranbrook,May,18
2018,1120,Cranbrook,Jun,23
2018,1120,Cranbrook,Jul,25
2018,1120,Cranbrook,Aug,24
2018,1120,Cranbrook,Sep,24
2018,1120,Cranbrook,Oct,23
2018,1120,Cranbrook,Nov,20
2018,1120,Cranbrook,Dec,16
2018,1130,Kimberley,Jan,10
2018,1130,Kimberley,Feb,8
2018,1130,Kimberley,Mar,11
2018,1130,Kimberley,Apr,6
2018,1130,Kimberley,May,3
2018,1130,Kimberley,Jun,6
2018,1130,Kimberley,Jul,11
2018,1130,Kimberley,Aug,6
2018,1130,Kimberley,Sep,2
2018,1130,Kimberley,Oct,10
2018,1130,Kimberley,Nov,10
2018,1130,Kimberley,Dec,8
2018,1140,Windermere,Jan,5
2018,1140,Windermere,Feb,7
2018,1140,Windermere,Mar,6
2018,1140,Windermere,Apr,9
2018,1140,Windermere,May,9
2018,1140,Windermere,Jun,4
2018,1140,Windermere,Jul,6
2018,1140,Windermere,Aug,2
2018,1140,Windermere,Sep,4
2018,1140,Windermere,Oct,7
2018,1140,Windermere,Nov,7
2018,1140,Windermere,Dec,7
2018,1150,Creston,Jan,18
2018,1150,Creston,Feb,7
2018,1150,Creston,Mar,15
2018,1150,Creston,Apr,13
2018,1150,Creston,May,16
2018,1150,Creston,Jun,22
2018,1150,Creston,Jul,15
2018,1150,Creston,Aug,8
2018,1150,Creston,Sep,10
2018,1150,Creston,Oct,20
2018,1150,Creston,Nov,20
2018,1150,Creston,Dec,15
2018,1160,Golden,Jan,5
2018,1160,Golden,Feb,4
2018,1160,Golden,Mar,4
2018,1160,Golden,Apr,7
2018,1160,Golden,May,5
2018,1160,Golden,Jun,0
2018,1160,Golden,Jul,3
2018,1160,Golden,Aug,5
2018,1160,Golden,Sep,8
2018,1160,Golden,Oct,0
2018,1160,Golden,Nov,2
2018,1160,Golden,Dec,3
2018,1210,Kootenay Lake,Jan,0
2018,1210,Kootenay Lake,Feb,2
2018,1210,Kootenay Lake,Mar,2
2018,1210,Kootenay Lake,Apr,2
2018,1210,Kootenay Lake,May,1
2018,1210,Kootenay Lake,Jun,0
2018,1210,Kootenay Lake,Jul,3
2018,1210,Kootenay Lake,Aug,0
2018,1210,Kootenay Lake,Sep,4
2018,1210,Kootenay Lake,Oct,2
2018,1210,Kootenay Lake,Nov,4
2018,1210,Kootenay Lake,Dec,6
2018,1220,Nelson,Jan,15
2018,1220,Nelson,Feb,18
2018,1220,Nelson,Mar,20
2018,1220,Nelson,Apr,13
2018,1220,Nelson,May,13
2018,1220,Nelson,Jun,22
2018,1220,Nelson,Jul,19
2018,1220,Nelson,Aug,17
2018,1220,Nelson,Sep,17
2018,1220,Nelson,Oct,16
2018,1220,Nelson,Nov,19
2018,1220,Nelson,Dec,26
2018,1230,Castlegar,Jan,20
2018,1230,Castlegar,Feb,13
2018,1230,Castlegar,Mar,11
2018,1230,Castlegar,Apr,9
2018,1230,Castlegar,May,8
2018,1230,Castlegar,Jun,12
2018,1230,Castlegar,Jul,14
2018,1230,Castlegar,Aug,3
2018,1230,Castlegar,Sep,13
2018,1230,Castlegar,Oct,13
2018,1230,Castlegar,Nov,12
2018,1230,Castlegar,Dec,12
2018,1240,Arrow Lakes,Jan,4
2018,1240,Arrow Lakes,Feb,6
2018,1240,Arrow Lakes,Mar,5
2018,1240,Arrow Lakes,Apr,3
2018,1240,Arrow Lakes,May,8
2018,1240,Arrow Lakes,Jun,7
2018,1240,Arrow Lakes,Jul,8
2018,1240,Arrow Lakes,Aug,2
2018,1240,Arrow Lakes,Sep,3
2018,1240,Arrow Lakes,Oct,5
2018,1240,Arrow Lakes,Nov,4
2018,1240,Arrow Lakes,Dec,9
2018,1250,Trail,Jan,31
2018,1250,Trail,Feb,10
2018,1250,Trail,Mar,26
2018,1250,Trail,Apr,16
2018,1250,Trail,May,24
2018,1250,Trail,Jun,16
2018,1250,Trail,Jul,17
2018,1250,Trail,Aug,14
2018,1250,Trail,Sep,19
2018,1250,Trail,Oct,19
2018,1250,Trail,Nov,14
2018,1250,Trail,Dec,31
2018,1260,Grand Forks,Jan,18
2018,1260,Grand Forks,Feb,11
2018,1260,Grand Forks,Mar,9
2018,1260,Grand Forks,Apr,8
2018,1260,Grand Forks,May,13
2018,1260,Grand Forks,Jun,13
2018,1260,Grand Forks,Jul,13
2018,1260,Grand Forks,Aug,11
2018,1260,Grand Forks,Sep,8
2018,1260,Grand Forks,Oct,10
2018,1260,Grand Forks,Nov,10
2018,1260,Grand Forks,Dec,12
2018,1270,Kettle Valley,Jan,3
2018,1270,Kettle Valley,Feb,1
2018,1270,Kettle Valley,Mar,3
2018,1270,Kettle Valley,Apr,3
2018,1270,Kettle Valley,May,4
2018,1270,Kettle Valley,Jun,2
2018,1270,Kettle Valley,Jul,5
2018,1270,Kettle Valley,Aug,3
2018,1270,Kettle Valley,Sep,1
2018,1270,Kettle Valley,Oct,0
2018,1270,Kettle Valley,Nov,3
2018,1270,Kettle Valley,Dec,1
2018,1310,Southern Okanagan,Jan,25
2018,1310,Southern Okanagan,Feb,23
2018,1310,Southern Okanagan,Mar,27
2018,1310,Southern Okanagan,Apr,28
2018,1310,Southern Okanagan,May,30
2018,1310,Southern Okanagan,Jun,41
2018,1310,Southern Okanagan,Jul,20
2018,1310,Southern Okanagan,Aug,24
2018,1310,Southern Okanagan,Sep,26
2018,1310,Southern Okanagan,Oct,23
2018,1310,Southern Okanagan,Nov,29
2018,1310,Southern Okanagan,Dec,31
2018,1320,Penticton,Jan,58
2018,1320,Penticton,Feb,43
2018,1320,Penticton,Mar,64
2018,1320,Penticton,Apr,45
2018,1320,Penticton,May,48
2018,1320,Penticton,Jun,44
2018,1320,Penticton,Jul,59
2018,1320,Penticton,Aug,44
2018,1320,Penticton,Sep,45
2018,1320,Penticton,Oct,42
2018,1320,Penticton,Nov,56
2018,1320,Penticton,Dec,48
2018,1330,Keremeos,Jan,4
2018,1330,Keremeos,Feb,6
2018,1330,Keremeos,Mar,6
2018,1330,Keremeos,Apr,9
2018,1330,Keremeos,May,6
2018,1330,Keremeos,Jun,10
2018,1330,Keremeos,Jul,7
2018,1330,Keremeos,Aug,7
2018,1330,Keremeos,Sep,6
2018,1330,Keremeos,Oct,6
2018,1330,Keremeos,Nov,13
2018,1330,Keremeos,Dec,10
2018,1340,Princeton,Jan,9
2018,1340,Princeton,Feb,5
2018,1340,Princeton,Mar,7
2018,1340,Princeton,Apr,6
2018,1340,Princeton,May,7
2018,1340,Princeton,Jun,5
2018,1340,Princeton,Jul,8
2018,1340,Princeton,Aug,4
2018,1340,Princeton,Sep,5
2018,1340,Princeton,Oct,7
2018,1340,Princeton,Nov,1
2018,1340,Princeton,Dec,4
2018,1350,Armstrong/Spallumcheen,Jan,9
2018,1350,Armstrong/Spallumcheen,Feb,6
2018,1350,Armstrong/Spallumcheen,Mar,17
2018,1350,Armstrong/Spallumcheen,Apr,6
2018,1350,Armstrong/Spallumcheen,May,9
2018,1350,Armstrong/Spallumcheen,Jun,9
2018,1350,Armstrong/Spallumcheen,Jul,8
2018,1350,Armstrong/Spallumcheen,Aug,7
2018,1350,Armstrong/Spallumcheen,Sep,10
2018,1350,Armstrong/Spallumcheen,Oct,10
2018,1350,Armstrong/Spallumcheen,Nov,10
2018,1350,Armstrong/Spallumcheen,Dec,9
2018,1361,Vernon Centre/Coldstream,Jan,63
2018,1361,Vernon Centre/Coldstream,Feb,58
2018,1361,Vernon Centre/Coldstream,Mar,72
2018,1361,Vernon Centre/Coldstream,Apr,52
2018,1361,Vernon Centre/Coldstream,May,60
2018,1361,Vernon Centre/Coldstream,Jun,53
2018,1361,Vernon Centre/Coldstream,Jul,60
2018,1361,Vernon Centre/Coldstream,Aug,49
2018,1361,Vernon Centre/Coldstream,Sep,43
2018,1361,Vernon Centre/Coldstream,Oct,51
2018,1361,Vernon Centre/Coldstream,Nov,70
2018,1361,Vernon Centre/Coldstream,Dec,61
2018,1362,North Okanagan/Lumby,Jan,15
2018,1362,North Okanagan/Lumby,Feb,14
2018,1362,North Okanagan/Lumby,Mar,11
2018,1362,North Okanagan/Lumby,Apr,4
2018,1362,North Okanagan/Lumby,May,8
2018,1362,North Okanagan/Lumby,Jun,13
2018,1362,North Okanagan/Lumby,Jul,7
2018,1362,North Okanagan/Lumby,Aug,6
2018,1362,North Okanagan/Lumby,Sep,9
2018,1362,North Okanagan/Lumby,Oct,11
2018,1362,North Okanagan/Lumby,Nov,11
2018,1362,North Okanagan/Lumby,Dec,10
2018,1371,Central Okanagan Rural,Jan,4
2018,1371,Central Okanagan Rural,Feb,2
2018,1371,Central Okanagan Rural,Mar,5
2018,1371,Central Okanagan Rural,Apr,5
2018,1371,Central Okanagan Rural,May,3
2018,1371,Central Okanagan Rural,Jun,4
2018,1371,Central Okanagan Rural,Jul,8
2018,1371,Central Okanagan Rural,Aug,5
2018,1371,Central Okanagan Rural,Sep,6
2018,1371,Central Okanagan Rural,Oct,7
2018,1371,Central Okanagan Rural,Nov,4
2018,1371,Central Okanagan Rural,Dec,9
2018,1372,West Kelowna,Jan,39
2018,1372,West Kelowna,Feb,41
2018,1372,West Kelowna,Mar,34
2018,1372,West Kelowna,Apr,36
2018,1372,West Kelowna,May,31
2018,1372,West Kelowna,Jun,22
2018,1372,West Kelowna,Jul,36
2018,1372,West Kelowna,Aug,30
2018,1372,West Kelowna,Sep,39
2018,1372,West Kelowna,Oct,37
2018,1372,West Kelowna,Nov,34
2018,1372,West Kelowna,Dec,41
2018,1373,Lake Country,Jan,10
2018,1373,Lake Country,Feb,5
2018,1373,Lake Country,Mar,9
2018,1373,Lake Country,Apr,5
2018,1373,Lake Country,May,7
2018,1373,Lake Country,Jun,5
2018,1373,Lake Country,Jul,5
2018,1373,Lake Country,Aug,8
2018,1373,Lake Country,Sep,8
2018,1373,Lake Country,Oct,8
2018,1373,Lake Country,Nov,4
2018,1373,Lake Country,Dec,8
2018,1374,Glenmore,Jan,25
2018,1374,Glenmore,Feb,22
2018,1374,Glenmore,Mar,19
2018,1374,Glenmore,Apr,16
2018,1374,Glenmore,May,28
2018,1374,Glenmore,Jun,22
2018,1374,Glenmore,Jul,19
2018,1374,Glenmore,Aug,27
2018,1374,Glenmore,Sep,26
2018,1374,Glenmore,Oct,27
2018,1374,Glenmore,Nov,25
2018,1374,Glenmore,Dec,16
2018,1375,Downtown Kelowna,Jan,56
2018,1375,Downtown Kelowna,Feb,46
2018,1375,Downtown Kelowna,Mar,54
2018,1375,Downtown Kelowna,Apr,51
2018,1375,Downtown Kelowna,May,46
2018,1375,Downtown Kelowna,Jun,48
2018,1375,Downtown Kelowna,Jul,51
2018,1375,Downtown Kelowna,Aug,44
2018,1375,Downtown Kelowna,Sep,68
2018,1375,Downtown Kelowna,Oct,56
2018,1375,Downtown Kelowna,Nov,64
2018,1375,Downtown Kelowna,Dec,42
2018,1376,Rutland,Jan,26
2018,1376,Rutland,Feb,21
2018,1376,Rutland,Mar,25
2018,1376,Rutland,Apr,22
2018,1376,Rutland,May,21
2018,1376,Rutland,Jun,30
2018,1376,Rutland,Jul,19
2018,1376,Rutland,Aug,30
2018,1376,Rutland,Sep,27
2018,1376,Rutland,Oct,25
2018,1376,Rutland,Nov,23
2018,1376,Rutland,Dec,36
2018,1377,Okanagan Mission,Jan,12
2018,1377,Okanagan Mission,Feb,10
2018,1377,Okanagan Mission,Mar,13
2018,1377,Okanagan Mission,Apr,13
2018,1377,Okanagan Mission,May,13
2018,1377,Okanagan Mission,Jun,9
2018,1377,Okanagan Mission,Jul,11
2018,1377,Okanagan Mission,Aug,10
2018,1377,Okanagan Mission,Sep,9
2018,1377,Okanagan Mission,Oct,6
2018,1377,Okanagan Mission,Nov,10
2018,1377,Okanagan Mission,Dec,22
2018,1380,Summerland,Jan,18
2018,1380,Summerland,Feb,12
2018,1380,Summerland,Mar,17
2018,1380,Summerland,Apr,11
2018,1380,Summerland,May,17
2018,1380,Summerland,Jun,10
2018,1380,Summerland,Jul,9
2018,1380,Summerland,Aug,7
2018,1380,Summerland,Sep,12
2018,1380,Summerland,Oct,15
2018,1380,Summerland,Nov,11
2018,1380,Summerland,Dec,13
2018,1390,Enderby,Jan,11
2018,1390,Enderby,Feb,4
2018,1390,Enderby,Mar,11
2018,1390,Enderby,Apr,5
2018,1390,Enderby,May,7
2018,1390,Enderby,Jun,5
2018,1390,Enderby,Jul,5
2018,1390,Enderby,Aug,6
2018,1390,Enderby,Sep,6
2018,1390,Enderby,Oct,6
2018,1390,Enderby,Nov,8
2018,1390,Enderby,Dec,7
2018,1410,Revelstoke,Jan,5
2018,1410,Revelstoke,Feb,6
2018,1410,Revelstoke,Mar,3
2018,1410,Revelstoke,Apr,2
2018,1410,Revelstoke,May,5
2018,1410,Revelstoke,Jun,3
2018,1410,Revelstoke,Jul,4
2018,1410,Revelstoke,Aug,6
2018,1410,Revelstoke,Sep,3
2018,1410,Revelstoke,Oct,7
2018,1410,Revelstoke,Nov,2
2018,1410,Revelstoke,Dec,3
2018,1420,Salmon Arm,Jan,37
2018,1420,Salmon Arm,Feb,34
2018,1420,Salmon Arm,Mar,49
2018,1420,Salmon Arm,Apr,37
2018,1420,Salmon Arm,May,38
2018,1420,Salmon Arm,Jun,40
2018,1420,Salmon Arm,Jul,34
2018,1420,Salmon Arm,Aug,29
2018,1420,Salmon Arm,Sep,30
2018,1420,Salmon Arm,Oct,26
2018,1420,Salmon Arm,Nov,35
2018,1420,Salmon Arm,Dec,40
2018,1431,Kamloops Centre North,Jan,54
2018,1431,Kamloops Centre North,Feb,44
2018,1431,Kamloops Centre North,Mar,43
2018,1431,Kamloops Centre North,Apr,43
2018,1431,Kamloops Centre North,May,43
2018,1431,Kamloops Centre North,Jun,26
2018,1431,Kamloops Centre North,Jul,42
2018,1431,Kamloops Centre North,Aug,40
2018,1431,Kamloops Centre North,Sep,39
2018,1431,Kamloops Centre North,Oct,53
2018,1431,Kamloops Centre North,Nov,45
2018,1431,Kamloops Centre North,Dec,60
2018,1432,Kamloops Centre South,Jan,39
2018,1432,Kamloops Centre South,Feb,29
2018,1432,Kamloops Centre South,Mar,30
2018,1432,Kamloops Centre South,Apr,35
2018,1432,Kamloops Centre South,May,22
2018,1432,Kamloops Centre South,Jun,28
2018,1432,Kamloops Centre South,Jul,30
2018,1432,Kamloops Centre South,Aug,31
2018,1432,Kamloops Centre South,Sep,28
2018,1432,Kamloops Centre South,Oct,35
2018,1432,Kamloops Centre South,Nov,39
2018,1432,Kamloops Centre South,Dec,42
2018,1433,Lower Thompson,Jan,16
2018,1433,Lower Thompson,Feb,19
2018,1433,Lower Thompson,Mar,18
2018,1433,Lower Thompson,Apr,13
2018,1433,Lower Thompson,May,22
2018,1433,Lower Thompson,Jun,23
2018,1433,Lower Thompson,Jul,11
2018,1433,Lower Thompson,Aug,13
2018,1433,Lower Thompson,Sep,11
2018,1433,Lower Thompson,Oct,16
2018,1433,Lower Thompson,Nov,15
2018,1433,Lower Thompson,Dec,15
2018,1440,100 Mile House,Jan,24
2018,1440,100 Mile House,Feb,16
2018,1440,100 Mile House,Mar,12
2018,1440,100 Mile House,Apr,15
2018,1440,100 Mile House,May,17
2018,1440,100 Mile House,Jun,4
2018,1440,100 Mile House,Jul,15
2018,1440,100 Mile House,Aug,21
2018,1440,100 Mile House,Sep,13
2018,1440,100 Mile House,Oct,18
2018,1440,100 Mile House,Nov,20
2018,1440,100 Mile House,Dec,15
2018,1450,North Thompson,Jan,5
2018,1450,North Thompson,Feb,1
2018,1450,North Thompson,Mar,5
2018,1450,North Thompson,Apr,7
2018,1450,North Thompson,May,7
2018,1450,North Thompson,Jun,5
2018,1450,North Thompson,Jul,5
2018,1450,North Thompson,Aug,4
2018,1450,North Thompson,Sep,2
2018,1450,North Thompson,Oct,4
2018,1450,North Thompson,Nov,2
2018,1450,North Thompson,Dec,3
2018,1461,West Cariboo,Jan,2
2018,1461,West Cariboo,Feb,0
2018,1461,West Cariboo,Mar,1
2018,1461,West Cariboo,Apr,2
2018,1461,West Cariboo,May,0
2018,1461,West Cariboo,Jun,1
2018,1461,West Cariboo,Jul,2
2018,1461,West Cariboo,Aug,2
2018,1461,West Cariboo,Sep,0
2018,1461,West Cariboo,Oct,4
2018,1461,West Cariboo,Nov,1
2018,1461,West Cariboo,Dec,4
2018,1462,Williams Lake/East Cariboo,Jan,30
2018,1462,Williams Lake/East Cariboo,Feb,15
2018,1462,Williams Lake/East Cariboo,Mar,20
2018,1462,Williams Lake/East Cariboo,Apr,12
2018,1462,Williams Lake/East Cariboo,May,16
2018,1462,Williams Lake/East Cariboo,Jun,15
2018,1462,Williams Lake/East Cariboo,Jul,19
2018,1462,Williams Lake/East Cariboo,Aug,19
2018,1462,Williams Lake/East Cariboo,Sep,26
2018,1462,Williams Lake/East Cariboo,Oct,13
2018,1462,Williams Lake/East Cariboo,Nov,10
2018,1462,Williams Lake/East Cariboo,Dec,27
2018,1470,Lillooet,Jan,3
2018,1470,Lillooet,Feb,4
2018,1470,Lillooet,Mar,3
2018,1470,Lillooet,Apr,4
2018,1470,Lillooet,May,0
2018,1470,Lillooet,Jun,0
2018,1470,Lillooet,Jul,3
2018,1470,Lillooet,Aug,3
2018,1470,Lillooet,Sep,4
2018,1470,Lillooet,Oct,3
2018,1470,Lillooet,Nov,5
2018,1470,Lillooet,Dec,0
2018,1480,South Cariboo,Jan,11
2018,1480,South Cariboo,Feb,5
2018,1480,South Cariboo,Mar,5
2018,1480,South Cariboo,Apr,7
2018,1480,South Cariboo,May,9
2018,1480,South Cariboo,Jun,9
2018,1480,South Cariboo,Jul,7
2018,1480,South Cariboo,Aug,8
2018,1480,South Cariboo,Sep,6
2018,1480,South Cariboo,Oct,7
2018,1480,South Cariboo,Nov,9
2018,1480,South Cariboo,Dec,10
2018,1490,Merritt,Jan,16
2018,1490,Merritt,Feb,6
2018,1490,Merritt,Mar,12
2018,1490,Merritt,Apr,6
2018,1490,Merritt,May,5
2018,1490,Merritt,Jun,12
2018,1490,Merritt,Jul,10
2018,1490,Merritt,Aug,13
2018,1490,Merritt,Sep,9
2018,1490,Merritt,Oct,7
2018,1490,Merritt,Nov,10
2018,1490,Merritt,Dec,11
2018,2110,Hope,Jan,18
2018,2110,Hope,Feb,9
2018,2110,Hope,Mar,12
2018,2110,Hope,Apr,6
2018,2110,Hope,May,8
2018,2110,Hope,Jun,8
2018,2110,Hope,Jul,9
2018,2110,Hope,Aug,6
2018,2110,Hope,Sep,8
2018,2110,Hope,Oct,10
2018,2110,Hope,Nov,7
2018,2110,Hope,Dec,14
2018,2121,South Chilliwack,Jan,39
2018,2121,South Chilliwack,Feb,33
2018,2121,South Chilliwack,Mar,25
2018,2121,South Chilliwack,Apr,24
2018,2121,South Chilliwack,May,30
2018,2121,South Chilliwack,Jun,31
2018,2121,South Chilliwack,Jul,35
2018,2121,South Chilliwack,Aug,34
2018,2121,South Chilliwack,Sep,22
2018,2121,South Chilliwack,Oct,30
2018,2121,South Chilliwack,Nov,34
2018,2121,South Chilliwack,Dec,36
2018,2122,North Chilliwack,Jan,63
2018,2122,North Chilliwack,Feb,55
2018,2122,North Chilliwack,Mar,59
2018,2122,North Chilliwack,Apr,45
2018,2122,North Chilliwack,May,33
2018,2122,North Chilliwack,Jun,37
2018,2122,North Chilliwack,Jul,54
2018,2122,North Chilliwack,Aug,39
2018,2122,North Chilliwack,Sep,44
2018,2122,North Chilliwack,Oct,46
2018,2122,North Chilliwack,Nov,47
2018,2122,North Chilliwack,Dec,48
2018,2131,Central Abbotsford,Jan,40
2018,2131,Central Abbotsford,Feb,34
2018,2131,Central Abbotsford,Mar,35
2018,2131,Central Abbotsford,Apr,26
2018,2131,Central Abbotsford,May,20
2018,2131,Central Abbotsford,Jun,30
2018,2131,Central Abbotsford,Jul,28
2018,2131,Central Abbotsford,Aug,25
2018,2131,Central Abbotsford,Sep,30
2018,2131,Central Abbotsford,Oct,28
2018,2131,Central Abbotsford,Nov,31
2018,2131,Central Abbotsford,Dec,35
2018,2132,East Abbotsford,Jan,18
2018,2132,East Abbotsford,Feb,12
2018,2132,East Abbotsford,Mar,10
2018,2132,East Abbotsford,Apr,12
2018,2132,East Abbotsford,May,10
2018,2132,East Abbotsford,Jun,12
2018,2132,East Abbotsford,Jul,15
2018,2132,East Abbotsford,Aug,19
2018,2132,East Abbotsford,Sep,4
2018,2132,East Abbotsford,Oct,15
2018,2132,East Abbotsford,Nov,8
2018,2132,East Abbotsford,Dec,10
2018,2133,West Abbotsford,Jan,40
2018,2133,West Abbotsford,Feb,26
2018,2133,West Abbotsford,Mar,41
2018,2133,West Abbotsford,Apr,36
2018,2133,West Abbotsford,May,36
2018,2133,West Abbotsford,Jun,31
2018,2133,West Abbotsford,Jul,36
2018,2133,West Abbotsford,Aug,37
2018,2133,West Abbotsford,Sep,46
2018,2133,West Abbotsford,Oct,56
2018,2133,West Abbotsford,Nov,41
2018,2133,West Abbotsford,Dec,45
2018,2134,Abbotsford Rural,Jan,13
2018,2134,Abbotsford Rural,Feb,13
2018,2134,Abbotsford Rural,Mar,16
2018,2134,Abbotsford Rural,Apr,11
2018,2134,Abbotsford Rural,May,7
2018,2134,Abbotsford Rural,Jun,15
2018,2134,Abbotsford Rural,Jul,8
2018,2134,Abbotsford Rural,Aug,11
2018,2134,Abbotsford Rural,Sep,13
2018,2134,Abbotsford Rural,Oct,9
2018,2134,Abbotsford Rural,Nov,14
2018,2134,Abbotsford Rural,Dec,21
2018,2141,South Mission,Jan,21
2018,2141,South Mission,Feb,16
2018,2141,South Mission,Mar,19
2018,2141,South Mission,Apr,20
2018,2141,South Mission,May,18
2018,2141,South Mission,Jun,22
2018,2141,South Mission,Jul,24
2018,2141,South Mission,Aug,16
2018,2141,South Mission,Sep,18
2018,2141,South Mission,Oct,20
2018,2141,South Mission,Nov,16
2018,2141,South Mission,Dec,17
2018,2142,North Mission,Jan,7
2018,2142,North Mission,Feb,4
2018,2142,North Mission,Mar,7
2018,2142,North Mission,Apr,12
2018,2142,North Mission,May,10
2018,2142,North Mission,Jun,9
2018,2142,North Mission,Jul,9
2018,2142,North Mission,Aug,6
2018,2142,North Mission,Sep,10
2018,2142,North Mission,Oct,15
2018,2142,North Mission,Nov,7
2018,2142,North Mission,Dec,10
2018,2150,Agassiz/Harrison,Jan,10
2018,2150,Agassiz/Harrison,Feb,11
2018,2150,Agassiz/Harrison,Mar,13
2018,2150,Agassiz/Harrison,Apr,7
2018,2150,Agassiz/Harrison,May,8
2018,2150,Agassiz/Harrison,Jun,8
2018,2150,Agassiz/Harrison,Jul,14
2018,2150,Agassiz/Harrison,Aug,8
2018,2150,Agassiz/Harrison,Sep,14
2018,2150,Agassiz/Harrison,Oct,12
2018,2150,Agassiz/Harrison,Nov,4
2018,2150,Agassiz/Harrison,Dec,1
2018,2210,New Westminster,Jan,65
2018,2210,New Westminster,Feb,42
2018,2210,New Westminster,Mar,57
2018,2210,New Westminster,Apr,48
2018,2210,New Westminster,May,38
2018,2210,New Westminster,Jun,49
2018,2210,New Westminster,Jul,52
2018,2210,New Westminster,Aug,37
2018,2210,New Westminster,Sep,34
2018,2210,New Westminster,Oct,46
2018,2210,New Westminster,Nov,38
2018,2210,New Westminster,Dec,38
2018,2221,Burnaby Northwest,Jan,23
2018,2221,Burnaby Northwest,Feb,30
2018,2221,Burnaby Northwest,Mar,26
2018,2221,Burnaby Northwest,Apr,19
2018,2221,Burnaby Northwest,May,25
2018,2221,Burnaby Northwest,Jun,21
2018,2221,Burnaby Northwest,Jul,18
2018,2221,Burnaby Northwest,Aug,16
2018,2221,Burnaby Northwest,Sep,17
2018,2221,Burnaby Northwest,Oct,27
2018,2221,Burnaby Northwest,Nov,22
2018,2221,Burnaby Northwest,Dec,27
2018,2222,Burnaby Northeast,Jan,22
2018,2222,Burnaby Northeast,Feb,19
2018,2222,Burnaby Northeast,Mar,23
2018,2222,Burnaby Northeast,Apr,17
2018,2222,Burnaby Northeast,May,17
2018,2222,Burnaby Northeast,Jun,16
2018,2222,Burnaby Northeast,Jul,18
2018,2222,Burnaby Northeast,Aug,19
2018,2222,Burnaby Northeast,Sep,12
2018,2222,Burnaby Northeast,Oct,14
2018,2222,Burnaby Northeast,Nov,22
2018,2222,Burnaby Northeast,Dec,17
2018,2223,Burnaby Southwest,Jan,48
2018,2223,Burnaby Southwest,Feb,45
2018,2223,Burnaby Southwest,Mar,55
2018,2223,Burnaby Southwest,Apr,44
2018,2223,Burnaby Southwest,May,33
2018,2223,Burnaby Southwest,Jun,31
2018,2223,Burnaby Southwest,Jul,40
2018,2223,Burnaby Southwest,Aug,42
2018,2223,Burnaby Southwest,Sep,38
2018,2223,Burnaby Southwest,Oct,44
2018,2223,Burnaby Southwest,Nov,54
2018,2223,Burnaby Southwest,Dec,46
2018,2224,Burnaby Southeast,Jan,45
2018,2224,Burnaby Southeast,Feb,35
2018,2224,Burnaby Southeast,Mar,40
2018,2224,Burnaby Southeast,Apr,32
2018,2224,Burnaby Southeast,May,32
2018,2224,Burnaby Southeast,Jun,39
2018,2224,Burnaby Southeast,Jul,32
2018,2224,Burnaby Southeast,Aug,38
2018,2224,Burnaby Southeast,Sep,33
2018,2224,Burnaby Southeast,Oct,30
2018,2224,Burnaby Southeast,Nov,30
2018,2224,Burnaby Southeast,Dec,34
2018,2231,Haney,Jan,34
2018,2231,Haney,Feb,33
2018,2231,Haney,Mar,38
2018,2231,Haney,Apr,37
2018,2231,Haney,May,35
2018,2231,Haney,Jun,39
2018,2231,Haney,Jul,30
2018,2231,Haney,Aug,22
2018,2231,Haney,Sep,35
2018,2231,Haney,Oct,31
2018,2231,Haney,Nov,20
2018,2231,Haney,Dec,34
2018,2232,Pitt Meadows,Jan,6
2018,2232,Pitt Meadows,Feb,12
2018,2232,Pitt Meadows,Mar,9
2018,2232,Pitt Meadows,Apr,12
2018,2232,Pitt Meadows,May,11
2018,2232,Pitt Meadows,Jun,12
2018,2232,Pitt Meadows,Jul,11
2018,2232,Pitt Meadows,Aug,10
2018,2232,Pitt Meadows,Sep,8
2018,2232,Pitt Meadows,Oct,5
2018,2232,Pitt Meadows,Nov,4
2018,2232,Pitt Meadows,Dec,9
2018,2233,Maple Ridge Rural,Jan,33
2018,2233,Maple Ridge Rural,Feb,22
2018,2233,Maple Ridge Rural,Mar,27
2018,2233,Maple Ridge Rural,Apr,25
2018,2233,Maple Ridge Rural,May,24
2018,2233,Maple Ridge Rural,Jun,29
2018,2233,Maple Ridge Rural,Jul,24
2018,2233,Maple Ridge Rural,Aug,26
2018,2233,Maple Ridge Rural,Sep,22
2018,2233,Maple Ridge Rural,Oct,27
2018,2233,Maple Ridge Rural,Nov,29
2018,2233,Maple Ridge Rural,Dec,15
2018,2241,North Coquitlam,Jan,6
2018,2241,North Coquitlam,Feb,6
2018,2241,North Coquitlam,Mar,8
2018,2241,North Coquitlam,Apr,11
2018,2241,North Coquitlam,May,13
2018,2241,North Coquitlam,Jun,8
2018,2241,North Coquitlam,Jul,11
2018,2241,North Coquitlam,Aug,3
2018,2241,North Coquitlam,Sep,7
2018,2241,North Coquitlam,Oct,11
2018,2241,North Coquitlam,Nov,8
2018,2241,North Coquitlam,Dec,10
2019,1110,Fernie,Jan,6
2019,1110,Fernie,Feb,6
2019,1110,Fernie,Mar,8
2019,1110,Fernie,Apr,7
2019,1110,Fernie,May,2
2019,1110,Fernie,Jun,7
2019,1110,Fernie,Jul,9
2019,1110,Fernie,Aug,9
2019,1110,Fernie,Sep,8
2019,1110,Fernie,Oct,6
2019,1110,Fernie,Nov,9
2019,1110,Fernie,Dec,6
2019,1120,Cranbrook,Jan,19
2019,1120,Cranbrook,Feb,19
2019,1120,Cranbrook,Mar,15
2019,1120,Cranbrook,Apr,20
2019,1120,Cranbrook,May,22
2019,1120,Cranbrook,Jun,27
2019,1120,Cranbrook,Jul,18
2019,1120,Cranbrook,Aug,26
2019,1120,Cranbrook,Sep,12
2019,1120,Cranbrook,Oct,26
2019,1120,Cranbrook,Nov,24
2019,1120,Cranbrook,Dec,28
2019,1130,Kimberley,Jan,14
2019,1130,Kimberley,Feb,12
2019,1130,Kimberley,Mar,10
2019,1130,Kimberley,Apr,5
2019,1130,Kimberley,May,10
2019,1130,Kimberley,Jun,7
2019,1130,Kimberley,Jul,3
2019,1130,Kimberley,Aug,10
2019,1130,Kimberley,Sep,6
2019,1130,Kimberley,Oct,3
2019,1130,Kimberley,Nov,6
2019,1130,Kimberley,Dec,10
2019,1140,Windermere,Jan,5
2019,1140,Windermere,Feb,10
2019,1140,Windermere,Mar,8
2019,1140,Windermere,Apr,9
2019,1140,Windermere,May,4
2019,1140,Windermere,Jun,4
2019,1140,Windermere,Jul,3
2019,1140,Windermere,Aug,4
2019,1140,Windermere,Sep,5
2019,1140,Windermere,Oct,3
2019,1140,Windermere,Nov,6
2019,1140,Windermere,Dec,4
2019,1150,Creston,Jan,22
2019,1150,Creston,Feb,15
2019,1150,Creston,Mar,15
2019,1150,Creston,Apr,17
2019,1150,Creston,May,16
2019,1150,Creston,Jun,13
2019,1150,Creston,Jul,14
2019,1150,Creston,Aug,15
2019,1150,Creston,Sep,16
2019,1150,Creston,Oct,22
2019,1150,Creston,Nov,15
2019,1150,Creston,Dec,15
2019,1160,Golden,Jan,4
2019,1160,Golden,Feb,1
2019,1160,Golden,Mar,5
2019,1160,Golden,Apr,3
2019,1160,Golden,May,2
2019,1160,Golden,Jun,4
2019,1160,Golden,Jul,4
2019,1160,Golden,Aug,2
2019,1160,Golden,Sep,8
2019,1160,Golden,Oct,2
2019,1160,Golden,Nov,1
2019,1160,Golden,Dec,6
2019,1210,Kootenay Lake,Jan,7
2019,1210,Kootenay Lake,Feb,0
2019,1210,Kootenay Lake,Mar,8
2019,1210,Kootenay Lake,Apr,2
2019,1210,Kootenay Lake,May,3
2019,1210,Kootenay Lake,Jun,3
2019,1210,Kootenay Lake,Jul,2
2019,1210,Kootenay Lake,Aug,1
2019,1210,Kootenay Lake,Sep,7
2019,1210,Kootenay Lake,Oct,4
2019,1210,Kootenay Lake,Nov,1
2019,1210,Kootenay Lake,Dec,1
2019,1220,Nelson,Jan,21
2019,1220,Nelson,Feb,24
2019,1220,Nelson,Mar,26
2019,1220,Nelson,Apr,24
2019,1220,Nelson,May,17
2019,1220,Nelson,Jun,24
2019,1220,Nelson,Jul,22
2019,1220,Nelson,Aug,17
2019,1220,Nelson,Sep,21
2019,1220,Nelson,Oct,22
2019,1220,Nelson,Nov,20
2019,1220,Nelson,Dec,21
2019,1230,Castlegar,Jan,17
2019,1230,Castlegar,Feb,11
2019,1230,Castlegar,Mar,11
2019,1230,Castlegar,Apr,14
2019,1230,Castlegar,May,20
2019,1230,Castlegar,Jun,12
2019,1230,Castlegar,Jul,11
2019,1230,Castlegar,Aug,13
2019,1230,Castlegar,Sep,15
2019,1230,Castlegar,Oct,11
2019,1230,Castlegar,Nov,14
2019,1230,Castlegar,Dec,14
2019,1240,Arrow Lakes,Jan,4
2019,1240,Arrow Lakes,Feb,4
2019,1240,Arrow Lakes,Mar,4
2019,1240,Arrow Lakes,Apr,9
2019,1240,Arrow Lakes,May,5
2019,1240,Arrow Lakes,Jun,4
2019,1240,Arrow Lakes,Jul,7
2019,1240,Arrow Lakes,Aug,7
2019,1240,Arrow Lakes,Sep,8
2019,1240,Arrow Lakes,Oct,1
2019,1240,Arrow Lakes,Nov,5
2019,1240,Arrow Lakes,Dec,5
2019,1250,Trail,Jan,24
2019,1250,Trail,Feb,23
2019,1250,Trail,Mar,23
2019,1250,Trail,Apr,14
2019,1250,Trail,May,28
2019,1250,Trail,Jun,18
2019,1250,Trail,Jul,16
2019,1250,Trail,Aug,12
2019,1250,Trail,Sep,19
2019,1250,Trail,Oct,35
2019,1250,Trail,Nov,19
2019,1250,Trail,Dec,18
2019,1260,Grand Forks,Jan,11
2019,1260,Grand Forks,Feb,11
2019,1260,Grand Forks,Mar,20
2019,1260,Grand Forks,Apr,13
2019,1260,Grand Forks,May,12
2019,1260,Grand Forks,Jun,7
2019,1260,Grand Forks,Jul,14
2019,1260,Grand Forks,Aug,11
2019,1260,Grand Forks,Sep,10
2019,1260,Grand Forks,Oct,11
2019,1260,Grand Forks,Nov,10
2019,1260,Grand Forks,Dec,15
2019,1270,Kettle Valley,Jan,1
2019,1270,Kettle Valley,Feb,4
2019,1270,Kettle Valley,Mar,2
2019,1270,Kettle Valley,Apr,2
2019,1270,Kettle Valley,May,3
2019,1270,Kettle Valley,Jun,1
2019,1270,Kettle Valley,Jul,2
2019,1270,Kettle Valley,Aug,4
2019,1270,Kettle Valley,Sep,1
2019,1270,Kettle Valley,Oct,3
2019,1270,Kettle Valley,Nov,5
2019,1270,Kettle Valley,Dec,2
2019,1310,Southern Okanagan,Jan,25
2019,1310,Southern Okanagan,Feb,21
2019,1310,Southern Okanagan,Mar,24
2019,1310,Southern Okanagan,Apr,36
2019,1310,Southern Okanagan,May,21
2019,1310,Southern Okanagan,Jun,18
2019,1310,Southern Okanagan,Jul,20
2019,1310,Southern Okanagan,Aug,18
2019,1310,Southern Okanagan,Sep,21
2019,1310,Southern Okanagan,Oct,26
2019,1310,Southern Okanagan,Nov,17
2019,1310,Southern Okanagan,Dec,37
2019,1320,Penticton,Jan,68
2019,1320,Penticton,Feb,58
2019,1320,Penticton,Mar,56
2019,1320,Penticton,Apr,50
2019,1320,Penticton,May,62
2019,1320,Penticton,Jun,55
2019,1320,Penticton,Jul,49
2019,1320,Penticton,Aug,53
2019,1320,Penticton,Sep,49
2019,1320,Penticton,Oct,46
2019,1320,Penticton,Nov,53
2019,1320,Penticton,Dec,46
2019,1330,Keremeos,Jan,11
2019,1330,Keremeos,Feb,7
2019,1330,Keremeos,Mar,8
2019,1330,Keremeos,Apr,4
2019,1330,Keremeos,May,6
2019,1330,Keremeos,Jun,9
2019,1330,Keremeos,Jul,2
2019,1330,Keremeos,Aug,7
2019,1330,Keremeos,Sep,4
2019,1330,Keremeos,Oct,2
2019,1330,Keremeos,Nov,10
2019,1330,Keremeos,Dec,3
2019,1340,Princeton,Jan,4
2019,1340,Princeton,Feb,8
2019,1340,Princeton,Mar,4
2019,1340,Princeton,Apr,8
2019,1340,Princeton,May,2
2019,1340,Princeton,Jun,4
2019,1340,Princeton,Jul,5
2019,1340,Princeton,Aug,3
2019,1340,Princeton,Sep,10
2019,1340,Princeton,Oct,1
2019,1340,Princeton,Nov,7
2019,1340,Princeton,Dec,9
2019,1350,Armstrong/Spallumcheen,Jan,5
2019,1350,Armstrong/Spallumcheen,Feb,6
2019,1350,Armstrong/Spallumcheen,Mar,3
2019,1350,Armstrong/Spallumcheen,Apr,8
2019,1350,Armstrong/Spallumcheen,May,11
2019,1350,Armstrong/Spallumcheen,Jun,9
2019,1350,Armstrong/Spallumcheen,Jul,8
2019,1350,Armstrong/Spallumcheen,Aug,3
2019,1350,Armstrong/Spallumcheen,Sep,5
2019,1350,Armstrong/Spallumcheen,Oct,11
2019,1350,Armstrong/Spallumcheen,Nov,6
2019,1350,Armstrong/Spallumcheen,Dec,10
2019,1361,Vernon Centre/Coldstream,Jan,71
2019,1361,Vernon Centre/Coldstream,Feb,53
2019,1361,Vernon Centre/Coldstream,Mar,57
2019,1361,Vernon Centre/Coldstream,Apr,62
2019,1361,Vernon Centre/Coldstream,May,56
2019,1361,Vernon Centre/Coldstream,Jun,52
2019,1361,Vernon Centre/Coldstream,Jul,55
2019,1361,Vernon Centre/Coldstream,Aug,63
2019,1361,Vernon Centre/Coldstream,Sep,45
2019,1361,Vernon Centre/Coldstream,Oct,53
2019,1361,Vernon Centre/Coldstream,Nov,57
2019,1361,Vernon Centre/Coldstream,Dec,62
2019,1362,North Okanagan/Lumby,Jan,14
2019,1362,North Okanagan/Lumby,Feb,18
2019,1362,North Okanagan/Lumby,Mar,15
2019,1362,North Okanagan/Lumby,Apr,11
2019,1362,North Okanagan/Lumby,May,17
2019,1362,North Okanagan/Lumby,Jun,7
2019,1362,North Okanagan/Lumby,Jul,7
2019,1362,North Okanagan/Lumby,Aug,10
2019,1362,North Okanagan/Lumby,Sep,18
2019,1362,North Okanagan/Lumby,Oct,13
2019,1362,North Okanagan/Lumby,Nov,9
2019,1362,North Okanagan/Lumby,Dec,8
2019,1371,Central Okanagan Rural,Jan,5
2019,1371,Central Okanagan Rural,Feb,4
2019,1371,Central Okanagan Rural,Mar,3
2019,1371,Central Okanagan Rural,Apr,4
2019,1371,Central Okanagan Rural,May,5
2019,1371,Central Okanagan Rural,Jun,5
2019,1371,Central Okanagan Rural,Jul,12
2019,1371,Central Okanagan Rural,Aug,3
2019,1371,Central Okanagan Rural,Sep,6
2019,1371,Central Okanagan Rural,Oct,6
2019,1371,Central Okanagan Rural,Nov,7
2019,1371,Central Okanagan Rural,Dec,6
2019,1372,West Kelowna,Jan,34
2019,1372,West Kelowna,Feb,19
2019,1372,West Kelowna,Mar,52
2019,1372,West Kelowna,Apr,36
2019,1372,West Kelowna,May,38
2019,1372,West Kelowna,Jun,23
2019,1372,West Kelowna,Jul,29
2019,1372,West Kelowna,Aug,42
2019,1372,West Kelowna,Sep,26
2019,1372,West Kelowna,Oct,37
2019,1372,West Kelowna,Nov,34
2019,1372,West Kelowna,Dec,35
2019,1373,Lake Country,Jan,10
2019,1373,Lake Country,Feb,10
2019,1373,Lake Country,Mar,7
2019,1373,Lake Country,Apr,4
2019,1373,Lake Country,May,7
2019,1373,Lake Country,Jun,8
2019,1373,Lake Country,Jul,10
2019,1373,Lake Country,Aug,8
2019,1373,Lake Country,Sep,6
2019,1373,Lake Country,Oct,10
2019,1373,Lake Country,Nov,10
2019,1373,Lake Country,Dec,11
2019,1374,Glenmore,Jan,19
2019,1374,Glenmore,Feb,23
2019,1374,Glenmore,Mar,25
2019,1374,Glenmore,Apr,19
2019,1374,Glenmore,May,22
2019,1374,Glenmore,Jun,22
2019,1374,Glenmore,Jul,24
2019,1374,Glenmore,Aug,22
2019,1374,Glenmore,Sep,17
2019,1374,Glenmore,Oct,18
2019,1374,Glenmore,Nov,29
2019,1374,Glenmore,Dec,25
2019,1375,Downtown Kelowna,Jan,52
2019,1375,Downtown Kelowna,Feb,56
2019,1375,Downtown Kelowna,Mar,57
2019,1375,Downtown Kelowna,Apr,59
2019,1375,Downtown Kelowna,May,47
2019,1375,Downtown Kelowna,Jun,50
2019,1375,Downtown Kelowna,Jul,44
2019,1375,Downtown Kelowna,Aug,49
2019,1375,Downtown Kelowna,Sep,59
2019,1375,Downtown Kelowna,Oct,57
2019,1375,Downtown Kelowna,Nov,63
2019,1375,Downtown Kelowna,Dec,44
2019,1376,Rutland,Jan,32
2019,1376,Rutland,Feb,26
2019,1376,Rutland,Mar,23
2019,1376,Rutland,Apr,18
2019,1376,Rutland,May,23
2019,1376,Rutland,Jun,32
2019,1376,Rutland,Jul,24
2019,1376,Rutland,Aug,32
2019,1376,Rutland,Sep,24
2019,1376,Rutland,Oct,32
2019,1376,Rutland,Nov,24
2019,1376,Rutland,Dec,35
2019,1377,Okanagan Mission,Jan,12
2019,1377,Okanagan Mission,Feb,9
2019,1377,Okanagan Mission,Mar,18
2019,1377,Okanagan Mission,Apr,10
2019,1377,Okanagan Mission,May,12
2019,1377,Okanagan Mission,Jun,8
2019,1377,Okanagan Mission,Jul,3
2019,1377,Okanagan Mission,Aug,19
2019,1377,Okanagan Mission,Sep,11
2019,1377,Okanagan Mission,Oct,14
2019,1377,Okanagan Mission,Nov,7
2019,1377,Okanagan Mission,Dec,10
2019,1380,Summerland,Jan,16
2019,1380,Summerland,Feb,14
2019,1380,Summerland,Mar,17
2019,1380,Summerland,Apr,17
2019,1380,Summerland,May,15
2019,1380,Summerland,Jun,14
2019,1380,Summerland,Jul,10
2019,1380,Summerland,Aug,13
2019,1380,Summerland,Sep,18
2019,1380,Summerland,Oct,17
2019,1380,Summerland,Nov,15
2019,1380,Summerland,Dec,10
2019,1390,Enderby,Jan,5
2019,1390,Enderby,Feb,7
2019,1390,Enderby,Mar,8
2019,1390,Enderby,Apr,5
2019,1390,Enderby,May,3
2019,1390,Enderby,Jun,9
2019,1390,Enderby,Jul,5
2019,1390,Enderby,Aug,9
2019,1390,Enderby,Sep,6
2019,1390,Enderby,Oct,7
2019,1390,Enderby,Nov,6
2019,1390,Enderby,Dec,9
2019,1410,Revelstoke,Jan,3
2019,1410,Revelstoke,Feb,4
2019,1410,Revelstoke,Mar,7
2019,1410,Revelstoke,Apr,3
2019,1410,Revelstoke,May,0
2019,1410,Revelstoke,Jun,4
2019,1410,Revelstoke,Jul,5
2019,1410,Revelstoke,Aug,4
2019,1410,Revelstoke,Sep,2
2019,1410,Revelstoke,Oct,11
2019,1410,Revelstoke,Nov,7
2019,1410,Revelstoke,Dec,7
2019,1420,Salmon Arm,Jan,38
2019,1420,Salmon Arm,Feb,32
2019,1420,Salmon Arm,Mar,43
2019,1420,Salmon Arm,Apr,46
2019,1420,Salmon Arm,May,46
2019,1420,Salmon Arm,Jun,33
2019,1420,Salmon Arm,Jul,40
2019,1420,Salmon Arm,Aug,41
2019,1420,Salmon Arm,Sep,33
2019,1420,Salmon Arm,Oct,38
2019,1420,Salmon Arm,Nov,42
2019,1420,Salmon Arm,Dec,38
2019,1431,Kamloops Centre North,Jan,48
2019,1431,Kamloops Centre North,Feb,48
2019,1431,Kamloops Centre North,Mar,47
2019,1431,Kamloops Centre North,Apr,52
2019,1431,Kamloops Centre North,May,68
2019,1431,Kamloops Centre North,Jun,37
2019,1431,Kamloops Centre North,Jul,40
2019,1431,Kamloops Centre North,Aug,52
2019,1431,Kamloops Centre North,Sep,57
2019,1431,Kamloops Centre North,Oct,53
2019,1431,Kamloops Centre North,Nov,35
2019,1431,Kamloops Centre North,Dec,58
2019,1432,Kamloops Centre South,Jan,26
2019,1432,Kamloops Centre South,Feb,40
2019,1432,Kamloops Centre South,Mar,28
2019,1432,Kamloops Centre South,Apr,38
2019,1432,Kamloops Centre South,May,32
2019,1432,Kamloops Centre South,Jun,34
2019,1432,Kamloops Centre South,Jul,42
2019,1432,Kamloops Centre South,Aug,25
2019,1432,Kamloops Centre South,Sep,28
2019,1432,Kamloops Centre South,Oct,34
2019,1432,Kamloops Centre South,Nov,35
2019,1432,Kamloops Centre South,Dec,38
2019,1433,Lower Thompson,Jan,9
2019,1433,Lower Thompson,Feb,16
2019,1433,Lower Thompson,Mar,22
2019,1433,Lower Thompson,Apr,17
2019,1433,Lower Thompson,May,16
2019,1433,Lower Thompson,Jun,13
2019,1433,Lower Thompson,Jul,15
2019,1433,Lower Thompson,Aug,14
2019,1433,Lower Thompson,Sep,14
2019,1433,Lower Thompson,Oct,19
2019,1433,Lower Thompson,Nov,26
2019,1433,Lower Thompson,Dec,11
2019,1440,100 Mile House,Jan,21
2019,1440,100 Mile House,Feb,17
2019,1440,100 Mile House,Mar,16
2019,1440,100 Mile House,Apr,9
2019,1440,100 Mile House,May,11
2019,1440,100 Mile House,Jun,16
2019,1440,100 Mile House,Jul,14
2019,1440,100 Mile House,Aug,19
2019,1440,100 Mile House,Sep,14
2019,1440,100 Mile House,Oct,18
2019,1440,100 Mile House,Nov,19
2019,1440,100 Mile House,Dec,15
2019,1450,North Thompson,Jan,5
2019,1450,North Thompson,Feb,2
2019,1450,North Thompson,Mar,7
2019,1450,North Thompson,Apr,2
2019,1450,North Thompson,May,3
2019,1450,North Thompson,Jun,2
2019,1450,North Thompson,Jul,4
2019,1450,North Thompson,Aug,1
2019,1450,North Thompson,Sep,3
2019,1450,North Thompson,Oct,3
2019,1450,North Thompson,Nov,5
2019,1450,North Thompson,Dec,6
2019,1461,West Cariboo,Jan,1
2019,1461,West Cariboo,Feb,1
2019,1461,West Cariboo,Mar,5
2019,1461,West Cariboo,Apr,3
2019,1461,West Cariboo,May,1
2019,1461,West Cariboo,Jun,4
2019,1461,West Cariboo,Jul,1
2019,1461,West Cariboo,Aug,2
2019,1461,West Cariboo,Sep,0
2019,1461,West Cariboo,Oct,4
2019,1461,West Cariboo,Nov,2
2019,1461,West Cariboo,Dec,1
2019,1462,Williams Lake/East Cariboo,Jan,23
2019,1462,Williams Lake/East Cariboo,Feb,23
2019,1462,Williams Lake/East Cariboo,Mar,24
2019,1462,Williams Lake/East Cariboo,Apr,28
2019,1462,Williams Lake/East Cariboo,May,22
2019,1462,Williams Lake/East Cariboo,Jun,18
2019,1462,Williams Lake/East Cariboo,Jul,26
2019,1462,Williams Lake/East Cariboo,Aug,18
2019,1462,Williams Lake/East Cariboo,Sep,15
2019,1462,Williams Lake/East Cariboo,Oct,19
2019,1462,Williams Lake/East Cariboo,Nov,12
2019,1462,Williams Lake/East Cariboo,Dec,13
2019,1470,Lillooet,Jan,5
2019,1470,Lillooet,Feb,5
2019,1470,Lillooet,Mar,2
2019,1470,Lillooet,Apr,0
2019,1470,Lillooet,May,2
2019,1470,Lillooet,Jun,3
2019,1470,Lillooet,Jul,1
2019,1470,Lillooet,Aug,2
2019,1470,Lillooet,Sep,1
2019,1470,Lillooet,Oct,4
2019,1470,Lillooet,Nov,3
2019,1470,Lillooet,Dec,5
2019,1480,South Cariboo,Jan,9
2019,1480,South Cariboo,Feb,4
2019,1480,South Cariboo,Mar,10
2019,1480,South Cariboo,Apr,10
2019,1480,South Cariboo,May,5
2019,1480,South Cariboo,Jun,3
2019,1480,South Cariboo,Jul,5
2019,1480,South Cariboo,Aug,6
2019,1480,South Cariboo,Sep,13
2019,1480,South Cariboo,Oct,4
2019,1480,South Cariboo,Nov,4
2019,1480,South Cariboo,Dec,5
2019,1490,Merritt,Jan,14
2019,1490,Merritt,Feb,8
2019,1490,Merritt,Mar,17
2019,1490,Merritt,Apr,11
2019,1490,Merritt,May,16
2019,1490,Merritt,Jun,11
2019,1490,Merritt,Jul,11
2019,1490,Merritt,Aug,10
2019,1490,Merritt,Sep,5
2019,1490,Merritt,Oct,13
2019,1490,Merritt,Nov,15
2019,1490,Merritt,Dec,11
2019,2110,Hope,Jan,15
2019,2110,Hope,Feb,12
2019,2110,Hope,Mar,11
2019,2110,Hope,Apr,15
2019,2110,Hope,May,10
2019,2110,Hope,Jun,13
2019,2110,Hope,Jul,15
2019,2110,Hope,Aug,14
2019,2110,Hope,Sep,8
2019,2110,Hope,Oct,8
2019,2110,Hope,Nov,10
2019,2110,Hope,Dec,8
2019,2121,South Chilliwack,Jan,38
2019,2121,South Chilliwack,Feb,41
2019,2121,South Chilliwack,Mar,34
2019,2121,South Chilliwack,Apr,29
2019,2121,South Chilliwack,May,25
2019,2121,South Chilliwack,Jun,32
2019,2121,South Chilliwack,Jul,25
2019,2121,South Chilliwack,Aug,32
2019,2121,South Chilliwack,Sep,18
2019,2121,South Chilliwack,Oct,25
2019,2121,South Chilliwack,Nov,32
2019,2121,South Chilliwack,Dec,23
2019,2122,North Chilliwack,Jan,74
2019,2122,North Chilliwack,Feb,31
2019,2122,North Chilliwack,Mar,41
2019,2122,North Chilliwack,Apr,36
2019,2122,North Chilliwack,May,42
2019,2122,North Chilliwack,Jun,42
2019,2122,North Chilliwack,Jul,41
2019,2122,North Chilliwack,Aug,52
2019,2122,North Chilliwack,Sep,44
2019,2122,North Chilliwack,Oct,53
2019,2122,North Chilliwack,Nov,59
2019,2122,North Chilliwack,Dec,48
2019,2131,Central Abbotsford,Jan,31
2019,2131,Central Abbotsford,Feb,27
2019,2131,Central Abbotsford,Mar,38
2019,2131,Central Abbotsford,Apr,36
2019,2131,Central Abbotsford,May,40
2019,2131,Central Abbotsford,Jun,30
2019,2131,Central Abbotsford,Jul,27
2019,2131,Central Abbotsford,Aug,35
2019,2131,Central Abbotsford,Sep,23
2019,2131,Central Abbotsford,Oct,33
2019,2131,Central Abbotsford,Nov,42
2019,2131,Central Abbotsford,Dec,43
2019,2132,East Abbotsford,Jan,18
2019,2132,East Abbotsford,Feb,9
2019,2132,East Abbotsford,Mar,12
2019,2132,East Abbotsford,Apr,12
2019,2132,East Abbotsford,May,10
2019,2132,East Abbotsford,Jun,8
2019,2132,East Abbotsford,Jul,15
2019,2132,East Abbotsford,Aug,18
2019,2132,East Abbotsford,Sep,5
2019,2132,East Abbotsford,Oct,14
2019,2132,East Abbotsford,Nov,14
2019,2132,East Abbotsford,Dec,16
2019,2133,West Abbotsford,Jan,43
2019,2133,West Abbotsford,Feb,38
2019,2133,West Abbotsford,Mar,50
2019,2133,West Abbotsford,Apr,34
2019,2133,West Abbotsford,May,38
2019,2133,West Abbotsford,Jun,33
2019,2133,West Abbotsford,Jul,50
2019,2133,West Abbotsford,Aug,42
2019,2133,West Abbotsford,Sep,43
2019,2133,West Abbotsford,Oct,39
2019,2133,West Abbotsford,Nov,53
2019,2133,West Abbotsford,Dec,42
2019,2134,Abbotsford Rural,Jan,14
2019,2134,Abbotsford Rural,Feb,18
2019,2134,Abbotsford Rural,Mar,19
2019,2134,Abbotsford Rural,Apr,12
2019,2134,Abbotsford Rural,May,11
2019,2134,Abbotsford Rural,Jun,9
2019,2134,Abbotsford Rural,Jul,9
2019,2134,Abbotsford Rural,Aug,12
2019,2134,Abbotsford Rural,Sep,12
2019,2134,Abbotsford Rural,Oct,10
2019,2134,Abbotsford Rural,Nov,12
2019,2134,Abbotsford Rural,Dec,12
2019,2141,South Mission,Jan,19
2019,2141,South Mission,Feb,24
2019,2141,South Mission,Mar,23
2019,2141,South Mission,Apr,20
2019,2141,South Mission,May,15
2019,2141,South Mission,Jun,21
2019,2141,South Mission,Jul,17
2019,2141,South Mission,Aug,34
2019,2141,South Mission,Sep,23
2019,2141,South Mission,Oct,29
2019,2141,South Mission,Nov,26
2019,2141,South Mission,Dec,16
2019,2142,North Mission,Jan,14
2019,2142,North Mission,Feb,13
2019,2142,North Mission,Mar,9
2019,2142,North Mission,Apr,5
2019,2142,North Mission,May,10
2019,2142,North Mission,Jun,10
2019,2142,North Mission,Jul,8
2019,2142,North Mission,Aug,10
2019,2142,North Mission,Sep,8
2019,2142,North Mission,Oct,15
2019,2142,North Mission,Nov,13
2019,2142,North Mission,Dec,9
2019,2150,Agassiz/Harrison,Jan,5
2019,2150,Agassiz/Harrison,Feb,5
2019,2150,Agassiz/Harrison,Mar,16
2019,2150,Agassiz/Harrison,Apr,10
2019,2150,Agassiz/Harrison,May,6
2019,2150,Agassiz/Harrison,Jun,6
2019,2150,Agassiz/Harrison,Jul,10
2019,2150,Agassiz/Harrison,Aug,8
2019,2150,Agassiz/Harrison,Sep,7
2019,2150,Agassiz/Harrison,Oct,8
2019,2150,Agassiz/Harrison,Nov,8
2019,2150,Agassiz/Harrison,Dec,7
2019,2210,New Westminster,Jan,54
2019,2210,New Westminster,Feb,47
2019,2210,New Westminster,Mar,55
2019,2210,New Westminster,Apr,51
2019,2210,New Westminster,May,36
2019,2210,New Westminster,Jun,38
2019,2210,New Westminster,Jul,47
2019,2210,New Westminster,Aug,44
2019,2210,New Westminster,Sep,26
2019,2210,New Westminster,Oct,31
2019,2210,New Westminster,Nov,41
2019,2210,New Westminster,Dec,36
2019,2221,Burnaby Northwest,Jan,20
2019,2221,Burnaby Northwest,Feb,27
2019,2221,Burnaby Northwest,Mar,21
2019,2221,Burnaby Northwest,Apr,23
2019,2221,Burnaby Northwest,May,25
2019,2221,Burnaby Northwest,Jun,23
2019,2221,Burnaby Northwest,Jul,16
2019,2221,Burnaby Northwest,Aug,21
2019,2221,Burnaby Northwest,Sep,20
2019,2221,Burnaby Northwest,Oct,15
2019,2221,Burnaby Northwest,Nov,17
2019,2221,Burnaby Northwest,Dec,26
2019,2222,Burnaby Northeast,Jan,18
2019,2222,Burnaby Northeast,Feb,13
2019,2222,Burnaby Northeast,Mar,17
2019,2222,Burnaby Northeast,Apr,16
2019,2222,Burnaby Northeast,May,18
2019,2222,Burnaby Northeast,Jun,17
2019,2222,Burnaby Northeast,Jul,9
2019,2222,Burnaby Northeast,Aug,10
2019,2222,Burnaby Northeast,Sep,12
2019,2222,Burnaby Northeast,Oct,15
2019,2222,Burnaby Northeast,Nov,16
2019,2222,Burnaby Northeast,Dec,19
2019,2223,Burnaby Southwest,Jan,34
2019,2223,Burnaby Southwest,Feb,28
2019,2223,Burnaby Southwest,Mar,51
2019,2223,Burnaby Southwest,Apr,50
2019,2223,Burnaby Southwest,May,48
2019,2223,Burnaby Southwest,Jun,40
2019,2223,Burnaby Southwest,Jul,35
2019,2223,Burnaby Southwest,Aug,42
2019,2223,Burnaby Southwest,Sep,40
2019,2223,Burnaby Southwest,Oct,52
2019,2223,Burnaby Southwest,Nov,38
2019,2223,Burnaby Southwest,Dec,57
2019,2224,Burnaby Southeast,Jan,44
2019,2224,Burnaby Southeast,Feb,41
2019,2224,Burnaby Southeast,Mar,39
2019,2224,Burnaby Southeast,Apr,33
2019,2224,Burnaby Southeast,May,35
2019,2224,Burnaby Southeast,Jun,25
2019,2224,Burnaby Southeast,Jul,24
2019,2224,Burnaby Southeast,Aug,31
2019,2224,Burnaby Southeast,Sep,30
2019,2224,Burnaby Southeast,Oct,33
2019,2224,Burnaby Southeast,Nov,31
2019,2224,Burnaby Southeast,Dec,44
2019,2231,Haney,Jan,28
2019,2231,Haney,Feb,30
2019,2231,Haney,Mar,33
2019,2231,Haney,Apr,53
2019,2231,Haney,May,30
2019,2231,Haney,Jun,27
2019,2231,Haney,Jul,29
2019,2231,Haney,Aug,30
2019,2231,Haney,Sep,32
2019,2231,Haney,Oct,36
2019,2231,Haney,Nov,29
2019,2231,Haney,Dec,31
2019,2232,Pitt Meadows,Jan,14
2019,2232,Pitt Meadows,Feb,13
2019,2232,Pitt Meadows,Mar,15
2019,2232,Pitt Meadows,Apr,5
2019,2232,Pitt Meadows,May,10
2019,2232,Pitt Meadows,Jun,4
2019,2232,Pitt Meadows,Jul,7
2019,2232,Pitt Meadows,Aug,9
2019,2232,Pitt Meadows,Sep,7
2019,2232,Pitt Meadows,Oct,4
2019,2232,Pitt Meadows,Nov,8
2019,2232,Pitt Meadows,Dec,15
2019,2233,Maple Ridge Rural,Jan,25
2019,2233,Maple Ridge Rural,Feb,32
2019,2233,Maple Ridge Rural,Mar,29
2019,2233,Maple Ridge Rural,Apr,27
2019,2233,Maple Ridge Rural,May,23
2019,2233,Maple Ridge Rural,Jun,23
2019,2233,Maple Ridge Rural,Jul,16
2019,2233,Maple Ridge Rural,Aug,22
2019,2233,Maple Ridge Rural,Sep,22
2019,2233,Maple Ridge Rural,Oct,18
2019,2233,Maple Ridge Rural,Nov,22
2019,2233,Maple Ridge Rural,Dec,20
2019,2241,North Coquitlam,Jan,3
2019,2241,North Coquitlam,Feb,14
2019,2241,North Coquitlam,Mar,9
2019,2241,North Coquitlam,Apr,10
2019,2241,North Coquitlam,May,8
2019,2241,North Coquitlam,Jun,14
2019,2241,North Coquitlam,Jul,10
2019,2241,North Coquitlam,Aug,6
2019,2241,North Coquitlam,Sep,10
2019,2241,North Coquitlam,Oct,8
2019,2241,North Coquitlam,Nov,11
2019,2241,North Coquitlam,Dec,12
2020,1110,Fernie,Jan,9
2020,1110,Fernie,Feb,7
2020,1110,Fernie,Mar,14
2020,1110,Fernie,Apr,5
2020,1110,Fernie,May,12
2020,1110,Fernie,Jun,4
2020,1110,Fernie,Jul,10
2020,1110,Fernie,Aug,6
2020,1110,Fernie,Sep,10
2020,1110,Fernie,Oct,5
2020,1110,Fernie,Nov,11
2020,1110,Fernie,Dec,8
2020,1120,Cranbrook,Jan,22
2020,1120,Cranbrook,Feb,25
2020,1120,Cranbrook,Mar,35
2020,1120,Cranbrook,Apr,14
2020,1120,Cranbrook,May,21
2020,1120,Cranbrook,Jun,12
2020,1120,Cranbrook,Jul,24
2020,1120,Cranbrook,Aug,27
2020,1120,Cranbrook,Sep,16
2020,1120,Cranbrook,Oct,25
2020,1120,Cranbrook,Nov,24
2020,1120,Cranbrook,Dec,19
2020,1130,Kimberley,Jan,10
2020,1130,Kimberley,Feb,6
2020,1130,Kimberley,Mar,6
2020,1130,Kimberley,Apr,4
2020,1130,Kimberley,May,5
2020,1130,Kimberley,Jun,10
2020,1130,Kimberley,Jul,6
2020,1130,Kimberley,Aug,14
2020,1130,Kimberley,Sep,6
2020,1130,Kimberley,Oct,5
2020,1130,Kimberley,Nov,7
2020,1130,Kimberley,Dec,6
2020,1140,Windermere,Jan,10
2020,1140,Windermere,Feb,7
2020,1140,Windermere,Mar,8
2020,1140,Windermere,Apr,9
2020,1140,Windermere,May,4
2020,1140,Windermere,Jun,3
2020,1140,Windermere,Jul,3
2020,1140,Windermere,Aug,12
2020,1140,Windermere,Sep,6
2020,1140,Windermere,Oct,6
2020,1140,Windermere,Nov,1
2020,1140,Windermere,Dec,6
2020,1150,Creston,Jan,14
2020,1150,Creston,Feb,16
2020,1150,Creston,Mar,17
2020,1150,Creston,Apr,19
2020,1150,Creston,May,13
2020,1150,Creston,Jun,12
2020,1150,Creston,Jul,13
2020,1150,Creston,Aug,16
2020,1150,Creston,Sep,12
2020,1150,Creston,Oct,21
2020,1150,Creston,Nov,14
2020,1150,Creston,Dec,9
2020,1160,Golden,Jan,8
2020,1160,Golden,Feb,2
2020,1160,Golden,Mar,4
2020,1160,Golden,Apr,1
2020,1160,Golden,May,2
2020,1160,Golden,Jun,5
2020,1160,Golden,Jul,9
2020,1160,Golden,Aug,1
2020,1160,Golden,Sep,4
2020,1160,Golden,Oct,5
2020,1160,Golden,Nov,9
2020,1160,Golden,Dec,3
2020,1210,Kootenay Lake,Jan,2
2020,1210,Kootenay Lake,Feb,0
2020,1210,Kootenay Lake,Mar,5
2020,1210,Kootenay Lake,Apr,2
2020,1210,Kootenay Lake,May,2
2020,1210,Kootenay Lake,Jun,0
2020,1210,Kootenay Lake,Jul,1
2020,1210,Kootenay Lake,Aug,8
2020,1210,Kootenay Lake,Sep,2
2020,1210,Kootenay Lake,Oct,3
2020,1210,Kootenay Lake,Nov,2
2020,1210,Kootenay Lake,Dec,3
2020,1220,Nelson,Jan,21
2020,1220,Nelson,Feb,18
2020,1220,Nelson,Mar,10
2020,1220,Nelson,Apr,17
2020,1220,Nelson,May,14
2020,1220,Nelson,Jun,22
2020,1220,Nelson,Jul,19
2020,1220,Nelson,Aug,25
2020,1220,Nelson,Sep,27
2020,1220,Nelson,Oct,9
2020,1220,Nelson,Nov,13
2020,1220,Nelson,Dec,15
2020,1230,Castlegar,Jan,13
2020,1230,Castlegar,Feb,14
2020,1230,Castlegar,Mar,21
2020,1230,Castlegar,Apr,15
2020,1230,Castlegar,May,10
2020,1230,Castlegar,Jun,18
2020,1230,Castlegar,Jul,9
2020,1230,Castlegar,Aug,17
2020,1230,Castlegar,Sep,19
2020,1230,Castlegar,Oct,7
2020,1230,Castlegar,Nov,22
2020,1230,Castlegar,Dec,18
2020,1240,Arrow Lakes,Jan,3
2020,1240,Arrow Lakes,Feb,5
2020,1240,Arrow Lakes,Mar,7
2020,1240,Arrow Lakes,Apr,3
2020,1240,Arrow Lakes,May,4
2020,1240,Arrow Lakes,Jun,3
2020,1240,Arrow Lakes,Jul,6
2020,1240,Arrow Lakes,Aug,8
2020,1240,Arrow Lakes,Sep,5
2020,1240,Arrow Lakes,Oct,10
2020,1240,Arrow Lakes,Nov,9
2020,1240,Arrow Lakes,Dec,7
2020,1250,Trail,Jan,15
2020,1250,Trail,Feb,17
2020,1250,Trail,Mar,24
2020,1250,Trail,Apr,22
2020,1250,Trail,May,15
2020,1250,Trail,Jun,19
2020,1250,Trail,Jul,16
2020,1250,Trail,Aug,21
2020,1250,Trail,Sep,18
2020,1250,Trail,Oct,15
2020,1250,Trail,Nov,12
2020,1250,Trail,Dec,18
2020,1260,Grand Forks,Jan,13
2020,1260,Grand Forks,Feb,14
2020,1260,Grand Forks,Mar,16
2020,1260,Grand Forks,Apr,10
2020,1260,Grand Forks,May,11
2020,1260,Grand Forks,Jun,13
2020,1260,Grand Forks,Jul,11
2020,1260,Grand Forks,Aug,8
2020,1260,Grand Forks,Sep,13
2020,1260,Grand Forks,Oct,12
2020,1260,Grand Forks,Nov,12
2020,1260,Grand Forks,Dec,14
2020,1270,Kettle Valley,Jan,5
2020,1270,Kettle Valley,Feb,6
2020,1270,Kettle Valley,Mar,6
2020,1270,Kettle Valley,Apr,1
2020,1270,Kettle Valley,May,3
2020,1270,Kettle Valley,Jun,1
2020,1270,Kettle Valley,Jul,0
2020,1270,Kettle Valley,Aug,3
2020,1270,Kettle Valley,Sep,3
2020,1270,Kettle Valley,Oct,5
2020,1270,Kettle Valley,Nov,1
2020,1270,Kettle Valley,Dec,7
2020,1310,Southern Okanagan,Jan,39
2020,1310,Southern Okanagan,Feb,32
2020,1310,Southern Okanagan,Mar,35
2020,1310,Southern Okanagan,Apr,18
2020,1310,Southern Okanagan,May,35
2020,1310,Southern Okanagan,Jun,20
2020,1310,Southern Okanagan,Jul,32
2020,1310,Southern Okanagan,Aug,22
2020,1310,Southern Okanagan,Sep,23
2020,1310,Southern Okanagan,Oct,30
2020,1310,Southern Okanagan,Nov,26
2020,1310,Southern Okanagan,Dec,46
2020,1320,Penticton,Jan,42
2020,1320,Penticton,Feb,52
2020,1320,Penticton,Mar,63
2020,1320,Penticton,Apr,58
2020,1320,Penticton,May,46
2020,1320,Penticton,Jun,45
2020,1320,Penticton,Jul,60
2020,1320,Penticton,Aug,48
2020,1320,Penticton,Sep,48
2020,1320,Penticton,Oct,54
2020,1320,Penticton,Nov,43
2020,1320,Penticton,Dec,64
2020,1330,Keremeos,Jan,0
2020,1330,Keremeos,Feb,11
2020,1330,Keremeos,Mar,10
2020,1330,Keremeos,Apr,8
2020,1330,Keremeos,May,8
2020,1330,Keremeos,Jun,8
2020,1330,Keremeos,Jul,5
2020,1330,Keremeos,Aug,6
2020,1330,Keremeos,Sep,8
2020,1330,Keremeos,Oct,8
2020,1330,Keremeos,Nov,17
2020,1330,Keremeos,Dec,9
2020,1340,Princeton,Jan,9
2020,1340,Princeton,Feb,1
2020,1340,Princeton,Mar,8
2020,1340,Princeton,Apr,2
2020,1340,Princeton,May,9
2020,1340,Princeton,Jun,7
2020,1340,Princeton,Jul,5
2020,1340,Princeton,Aug,8
2020,1340,Princeton,Sep,5
2020,1340,Princeton,Oct,3
2020,1340,Princeton,Nov,5
2020,1340,Princeton,Dec,8
2020,1350,Armstrong/Spallumcheen,Jan,7
2020,1350,Armstrong/Spallumcheen,Feb,8
2020,1350,Armstrong/Spallumcheen,Mar,8
2020,1350,Armstrong/Spallumcheen,Apr,8
2020,1350,Armstrong/Spallumcheen,May,9
2020,1350,Armstrong/Spallumcheen,Jun,9
2020,1350,Armstrong/Spallumcheen,Jul,7
2020,1350,Armstrong/Spallumcheen,Aug,9
2020,1350,Armstrong/Spallumcheen,Sep,6
2020,1350,Armstrong/Spallumcheen,Oct,10
2020,1350,Armstrong/Spallumcheen,Nov,12
2020,1350,Armstrong/Spallumcheen,Dec,8
2020,1361,Vernon Centre/Coldstream,Jan,75
2020,1361,Vernon Centre/Coldstream,Feb,46
2020,1361,Vernon Centre/Coldstream,Mar,62
2020,1361,Vernon Centre/Coldstream,Apr,63
2020,1361,Vernon Centre/Coldstream,May,40
2020,1361,Vernon Centre/Coldstream,Jun,49
2020,1361,Vernon Centre/Coldstream,Jul,55
2020,1361,Vernon Centre/Coldstream,Aug,55
2020,1361,Vernon Centre/Coldstream,Sep,59
2020,1361,Vernon Centre/Coldstream,Oct,61
2020,1361,Vernon Centre/Coldstream,Nov,45
2020,1361,Vernon Centre/Coldstream,Dec,62
2020,1362,North Okanagan/Lumby,Jan,14
2020,1362,North Okanagan/Lumby,Feb,11
2020,1362,North Okanagan/Lumby,Mar,10
2020,1362,North Okanagan/Lumby,Apr,9
2020,1362,North Okanagan/Lumby,May,7
2020,1362,North Okanagan/Lumby,Jun,12
2020,1362,North Okanagan/Lumby,Jul,13
2020,1362,North Okanagan/Lumby,Aug,17
2020,1362,North Okanagan/Lumby,Sep,7
2020,1362,North Okanagan/Lumby,Oct,10
2020,1362,North Okanagan/Lumby,Nov,8
2020,1362,North Okanagan/Lumby,Dec,9
2020,1371,Central Okanagan Rural,Jan,8
2020,1371,Central Okanagan Rural,Feb,5
2020,1371,Central Okanagan Rural,Mar,3
2020,1371,Central Okanagan Rural,Apr,8
2020,1371,Central Okanagan Rural,May,4
2020,1371,Central Okanagan Rural,Jun,5
2020,1371,Central Okanagan Rural,Jul,11
2020,1371,Central Okanagan Rural,Aug,11
2020,1371,Central Okanagan Rural,Sep,10
2020,1371,Central Okanagan Rural,Oct,5
2020,1371,Central Okanagan Rural,Nov,9
2020,1371,Central Okanagan Rural,Dec,6
2020,1372,West Kelowna,Jan,36
2020,1372,West Kelowna,Feb,36
2020,1372,West Kelowna,Mar,36
2020,1372,West Kelowna,Apr,42
2020,1372,West Kelowna,May,49
2020,1372,West Kelowna,Jun,36
2020,1372,West Kelowna,Jul,48
2020,1372,West Kelowna,Aug,42
2020,1372,West Kelowna,Sep,31
2020,1372,West Kelowna,Oct,49
2020,1372,West Kelowna,Nov,42
2020,1372,West Kelowna,Dec,51
2020,1373,Lake Country,Jan,5
2020,1373,Lake Country,Feb,8
2020,1373,Lake Country,Mar,17
2020,1373,Lake Country,Apr,10
2020,1373,Lake Country,May,7
2020,1373,Lake Country,Jun,8
2020,1373,Lake Country,Jul,7
2020,1373,Lake Country,Aug,10
2020,1373,Lake Country,Sep,8
2020,1373,Lake Country,Oct,13
2020,1373,Lake Country,Nov,13
2020,1373,Lake Country,Dec,7
2020,1374,Glenmore,Jan,31
2020,1374,Glenmore,Feb,21
2020,1374,Glenmore,Mar,25
2020,1374,Glenmore,Apr,19
2020,1374,Glenmore,May,26
2020,1374,Glenmore,Jun,20
2020,1374,Glenmore,Jul,31
2020,1374,Glenmore,Aug,31
2020,1374,Glenmore,Sep,19
2020,1374,Glenmore,Oct,22
2020,1374,Glenmore,Nov,22
2020,1374,Glenmore,Dec,33
2020,1375,Downtown Kelowna,Jan,43
2020,1375,Downtown Kelowna,Feb,56
2020,1375,Downtown Kelowna,Mar,41
2020,1375,Downtown Kelowna,Apr,45
2020,1375,Downtown Kelowna,May,57
2020,1375,Downtown Kelowna,Jun,54
2020,1375,Downtown Kelowna,Jul,50
2020,1375,Downtown Kelowna,Aug,47
2020,1375,Downtown Kelowna,Sep,58
2020,1375,Downtown Kelowna,Oct,48
2020,1375,Downtown Kelowna,Nov,51
2020,1375,Downtown Kelowna,Dec,57
2020,1376,Rutland,Jan,19
2020,1376,Rutland,Feb,22
2020,1376,Rutland,Mar,35
2020,1376,Rutland,Apr,33
2020,1376,Rutland,May,24
2020,1376,Rutland,Jun,17
2020,1376,Rutland,Jul,28
2020,1376,Rutland,Aug,21
2020,1376,Rutland,Sep,26
2020,1376,Rutland,Oct,32
2020,1376,Rutland,Nov,35
2020,1376,Rutland,Dec,38
2020,1377,Okanagan Mission,Jan,9
2020,1377,Okanagan Mission,Feb,11
2020,1377,Okanagan Mission,Mar,7
2020,1377,Okanagan Mission,Apr,15
2020,1377,Okanagan Mission,May,13
2020,1377,Okanagan Mission,Jun,8
2020,1377,Okanagan Mission,Jul,10
2020,1377,Okanagan Mission,Aug,13
2020,1377,Okanagan Mission,Sep,8
2020,1377,Okanagan Mission,Oct,20
2020,1377,Okanagan Mission,Nov,15
2020,1377,Okanagan Mission,Dec,15
2020,1380,Summerland,Jan,17
2020,1380,Summerland,Feb,18
2020,1380,Summerland,Mar,10
2020,1380,Summerland,Apr,15
2020,1380,Summerland,May,18
2020,1380,Summerland,Jun,11
2020,1380,Summerland,Jul,8
2020,1380,Summerland,Aug,13
2020,1380,Summerland,Sep,14
2020,1380,Summerland,Oct,13
2020,1380,Summerland,Nov,12
2020,1380,Summerland,Dec,9
2020,1390,Enderby,Jan,9
2020,1390,Enderby,Feb,7
2020,1390,Enderby,Mar,5
2020,1390,Enderby,Apr,13
2020,1390,Enderby,May,6
2020,1390,Enderby,Jun,10
2020,1390,Enderby,Jul,8
2020,1390,Enderby,Aug,5
2020,1390,Enderby,Sep,5
2020,1390,Enderby,Oct,6
2020,1390,Enderby,Nov,4
2020,1390,Enderby,Dec,9
2020,1410,Revelstoke,Jan,8
2020,1410,Revelstoke,Feb,7
2020,1410,Revelstoke,Mar,7
2020,1410,Revelstoke,Apr,6
2020,1410,Revelstoke,May,8
2020,1410,Revelstoke,Jun,2
2020,1410,Revelstoke,Jul,4
2020,1410,Revelstoke,Aug,6
2020,1410,Revelstoke,Sep,4
2020,1410,Revelstoke,Oct,7
2020,1410,Revelstoke,Nov,5
2020,1410,Revelstoke,Dec,9
2020,1420,Salmon Arm,Jan,36
2020,1420,Salmon Arm,Feb,44
2020,1420,Salmon Arm,Mar,30
2020,1420,Salmon Arm,Apr,42
2020,1420,Salmon Arm,May,41
2020,1420,Salmon Arm,Jun,44
2020,1420,Salmon Arm,Jul,40
2020,1420,Salmon Arm,Aug,33
2020,1420,Salmon Arm,Sep,36
2020,1420,Salmon Arm,Oct,39
2020,1420,Salmon Arm,Nov,28
2020,1420,Salmon Arm,Dec,40
2020,1431,Kamloops Centre North,Jan,44
2020,1431,Kamloops Centre North,Feb,50
2020,1431,Kamloops Centre North,Mar,57
2020,1431,Kamloops Centre North,Apr,49
2020,1431,Kamloops Centre North,May,56
2020,1431,Kamloops Centre North,Jun,43
2020,1431,Kamloops Centre North,Jul,40
2020,1431,Kamloops Centre North,Aug,57
2020,1431,Kamloops Centre North,Sep,53
2020,1431,Kamloops Centre North,Oct,52
2020,1431,Kamloops Centre North,Nov,50
2020,1431,Kamloops Centre North,Dec,58
2020,1432,Kamloops Centre South,Jan,22
2020,1432,Kamloops Centre South,Feb,27
2020,1432,Kamloops Centre South,Mar,29
2020,1432,Kamloops Centre South,Apr,24
2020,1432,Kamloops Centre South,May,38
2020,1432,Kamloops Centre South,Jun,32
2020,1432,Kamloops Centre South,Jul,26
2020,1432,Kamloops Centre South,Aug,27
2020,1432,Kamloops Centre South,Sep,32
2020,1432,Kamloops Centre South,Oct,36
2020,1432,Kamloops Centre South,Nov,37
2020,1432,Kamloops Centre South,Dec,33
2020,1433,Lower Thompson,Jan,9
2020,1433,Lower Thompson,Feb,13
2020,1433,Lower Thompson,Mar,13
2020,1433,Lower Thompson,Apr,14
2020,1433,Lower Thompson,May,12
2020,1433,Lower Thompson,Jun,21
2020,1433,Lower Thompson,Jul,16
2020,1433,Lower Thompson,Aug,19
2020,1433,Lower Thompson,Sep,13
2020,1433,Lower Thompson,Oct,14
2020,1433,Lower Thompson,Nov,13
2020,1433,Lower Thompson,Dec,16
2020,1440,100 Mile House,Jan,13
2020,1440,100 Mile House,Feb,11
2020,1440,100 Mile House,Mar,16
2020,1440,100 Mile House,Apr,14
2020,1440,100 Mile House,May,15
2020,1440,100 Mile House,Jun,9
2020,1440,100 Mile House,Jul,17
2020,1440,100 Mile House,Aug,15
2020,1440,100 Mile House,Sep,12
2020,1440,100 Mile House,Oct,19
2020,1440,100 Mile House,Nov,15
2020,1440,100 Mile House,Dec,17
2020,1450,North Thompson,Jan,2
2020,1450,North Thompson,Feb,3
2020,1450,North Thompson,Mar,2
2020,1450,North Thompson,Apr,4
2020,1450,North Thompson,May,4
2020,1450,North Thompson,Jun,0
2020,1450,North Thompson,Jul,6
2020,1450,North Thompson,Aug,3
2020,1450,North Thompson,Sep,6
2020,1450,North Thompson,Oct,4
2020,1450,North Thompson,Nov,6
2020,1450,North Thompson,Dec,5
2020,1461,West Cariboo,Jan,3
2020,1461,West Cariboo,Feb,3
2020,1461,West Cariboo,Mar,0
2020,1461,West Cariboo,Apr,1
2020,1461,West Cariboo,May,2
2020,1461,West Cariboo,Jun,4
2020,1461,West Cariboo,Jul,4
2020,1461,West Cariboo,Aug,0
2020,1461,West Cariboo,Sep,4
2020,1461,West Cariboo,Oct,2
2020,1461,West Cariboo,Nov,1
2020,1461,West Cariboo,Dec,3
2020,1462,Williams Lake/East Cariboo,Jan,16
2020,1462,Williams Lake/East Cariboo,Feb,16
2020,1462,Williams Lake/East Cariboo,Mar,21
2020,1462,Williams Lake/East Cariboo,Apr,13
2020,1462,Williams Lake/East Cariboo,May,18
2020,1462,Williams Lake/East Cariboo,Jun,16
2020,1462,Williams Lake/East Cariboo,Jul,21
2020,1462,Williams Lake/East Cariboo,Aug,21
2020,1462,Williams Lake/East Cariboo,Sep,16
2020,1462,Williams Lake/East Cariboo,Oct,13
2020,1462,Williams Lake/East Cariboo,Nov,32
2020,1462,Williams Lake/East Cariboo,Dec,24
2020,1470,Lillooet,Jan,6
2020,1470,Lillooet,Feb,5
2020,1470,Lillooet,Mar,4
2020,1470,Lillooet,Apr,4
2020,1470,Lillooet,May,3
2020,1470,Lillooet,Jun,6
2020,1470,Lillooet,Jul,5
2020,1470,Lillooet,Aug,0
2020,1470,Lillooet,Sep,5
2020,1470,Lillooet,Oct,2
2020,1470,Lillooet,Nov,4
2020,1470,Lillooet,Dec,5
2020,1480,South Cariboo,Jan,7
2020,1480,South Cariboo,Feb,6
2020,1480,South Cariboo,Mar,7
2020,1480,South Cariboo,Apr,3
2020,1480,South Cariboo,May,3
2020,1480,South Cariboo,Jun,3
2020,1480,South Cariboo,Jul,5
2020,1480,South Cariboo,Aug,12
2020,1480,South Cariboo,Sep,11
2020,1480,South Cariboo,Oct,8
2020,1480,South Cariboo,Nov,6
2020,1480,South Cariboo,Dec,7
2020,1490,Merritt,Jan,13
2020,1490,Merritt,Feb,13
2020,1490,Merritt,Mar,15
2020,1490,Merritt,Apr,15
2020,1490,Merritt,May,9
2020,1490,Merritt,Jun,6
2020,1490,Merritt,Jul,11
2020,1490,Merritt,Aug,13
2020,1490,Merritt,Sep,10
2020,1490,Merritt,Oct,10
2020,1490,Merritt,Nov,11
2020,1490,Merritt,Dec,12
2020,2110,Hope,Jan,8
2020,2110,Hope,Feb,7
2020,2110,Hope,Mar,15
2020,2110,Hope,Apr,8
2020,2110,Hope,May,14
2020,2110,Hope,Jun,9
2020,2110,Hope,Jul,7
2020,2110,Hope,Aug,13
2020,2110,Hope,Sep,11
2020,2110,Hope,Oct,4
2020,2110,Hope,Nov,11
2020,2110,Hope,Dec,10
2020,2121,South Chilliwack,Jan,47
2020,2121,South Chilliwack,Feb,30
2020,2121,South Chilliwack,Mar,43
2020,2121,South Chilliwack,Apr,34
2020,2121,South Chilliwack,May,31
2020,2121,South Chilliwack,Jun,30
2020,2121,South Chilliwack,Jul,23
2020,2121,South Chilliwack,Aug,36
2020,2121,South Chilliwack,Sep,36
2020,2121,South Chilliwack,Oct,36
2020,2121,South Chilliwack,Nov,37
2020,2121,South Chilliwack,Dec,25
2020,2122,North Chilliwack,Jan,55
2020,2122,North Chilliwack,Feb,47
2020,2122,North Chilliwack,Mar,57
2020,2122,North Chilliwack,Apr,49
2020,2122,North Chilliwack,May,48
2020,2122,North Chilliwack,Jun,49
2020,2122,North Chilliwack,Jul,34
2020,2122,North Chilliwack,Aug,34
2020,2122,North Chilliwack,Sep,44
2020,2122,North Chilliwack,Oct,57
2020,2122,North Chilliwack,Nov,44
2020,2122,North Chilliwack,Dec,64
2020,2131,Central Abbotsford,Jan,40
2020,2131,Central Abbotsford,Feb,37
2020,2131,Central Abbotsford,Mar,43
2020,2131,Central Abbotsford,Apr,29
2020,2131,Central Abbotsford,May,26
2020,2131,Central Abbotsford,Jun,35
2020,2131,Central Abbotsford,Jul,34
2020,2131,Central Abbotsford,Aug,34
2020,2131,Central Abbotsford,Sep,35
2020,2131,Central Abbotsford,Oct,26
2020,2131,Central Abbotsford,Nov,37
2020,2131,Central Abbotsford,Dec,46
2020,2132,East Abbotsford,Jan,14
2020,2132,East Abbotsford,Feb,15
2020,2132,East Abbotsford,Mar,12
2020,2132,East Abbotsford,Apr,14
2020,2132,East Abbotsford,May,15
2020,2132,East Abbotsford,Jun,10
2020,2132,East Abbotsford,Jul,12
2020,2132,East Abbotsford,Aug,12
2020,2132,East Abbotsford,Sep,14
2020,2132,East Abbotsford,Oct,14
2020,2132,East Abbotsford,Nov,18
2020,2132,East Abbotsford,Dec,19
2020,2133,West Abbotsford,Jan,45
2020,2133,West Abbotsford,Feb,35
2020,2133,West Abbotsford,Mar,45
2020,2133,West Abbotsford,Apr,45
2020,2133,West Abbotsford,May,44
2020,2133,West Abbotsford,Jun,40
2020,2133,West Abbotsford,Jul,52
2020,2133,West Abbotsford,Aug,32
2020,2133,West Abbotsford,Sep,40
2020,2133,West Abbotsford,Oct,32
2020,2133,West Abbotsford,Nov,72
2020,2133,West Abbotsford,Dec,53
2020,2134,Abbotsford Rural,Jan,19
2020,2134,Abbotsford Rural,Feb,8
2020,2134,Abbotsford Rural,Mar,9
2020,2134,Abbotsford Rural,Apr,6
2020,2134,Abbotsford Rural,May,14
2020,2134,Abbotsford Rural,Jun,12
2020,2134,Abbotsford Rural,Jul,9
2020,2134,Abbotsford Rural,Aug,13
2020,2134,Abbotsford Rural,Sep,10
2020,2134,Abbotsford Rural,Oct,17
2020,2134,Abbotsford Rural,Nov,10
2020,2134,Abbotsford Rural,Dec,28
2020,2141,South Mission,Jan,27
2020,2141,South Mission,Feb,23
2020,2141,South Mission,Mar,20
2020,2141,South Mission,Apr,25
2020,2141,South Mission,May,20
2020,2141,South Mission,Jun,24
2020,2141,South Mission,Jul,20
2020,2141,South Mission,Aug,19
2020,2141,South Mission,Sep,22
2020,2141,South Mission,Oct,28
2020,2141,South Mission,Nov,22
2020,2141,South Mission,Dec,30
2020,2142,North Mission,Jan,14
2020,2142,North Mission,Feb,12
2020,2142,North Mission,Mar,7
2020,2142,North Mission,Apr,4
2020,2142,North Mission,May,10
2020,2142,North Mission,Jun,9
2020,2142,North Mission,Jul,14
2020,2142,North Mission,Aug,11
2020,2142,North Mission,Sep,8
2020,2142,North Mission,Oct,7
2020,2142,North Mission,Nov,9
2020,2142,North Mission,Dec,16
2020,2150,Agassiz/Harrison,Jan,10
2020,2150,Agassiz/Harrison,Feb,8
2020,2150,Agassiz/Harrison,Mar,7
2020,2150,Agassiz/Harrison,Apr,11
2020,2150,Agassiz/Harrison,May,11
2020,2150,Agassiz/Harrison,Jun,8
2020,2150,Agassiz/Harrison,Jul,8
2020,2150,Agassiz/Harrison,Aug,9
2020,2150,Agassiz/Harrison,Sep,7
2020,2150,Agassiz/Harrison,Oct,11
2020,2150,Agassiz/Harrison,Nov,14
2020,2150,Agassiz/Harrison,Dec,9
2020,2210,New Westminster,Jan,52
2020,2210,New Westminster,Feb,51
2020,2210,New Westminster,Mar,48
2020,2210,New Westminster,Apr,43
2020,2210,New Westminster,May,55
2020,2210,New Westminster,Jun,45
2020,2210,New Westminster,Jul,41
2020,2210,New Westminster,Aug,41
2020,2210,New Westminster,Sep,48
2020,2210,New Westminster,Oct,51
2020,2210,New Westminster,Nov,44
2020,2210,New Westminster,Dec,59
2020,2221,Burnaby Northwest,Jan,35
2020,2221,Burnaby Northwest,Feb,19
2020,2221,Burnaby Northwest,Mar,30
2020,2221,Burnaby Northwest,Apr,25
2020,2221,Burnaby Northwest,May,31
2020,2221,Burnaby Northwest,Jun,19
2020,2221,Burnaby Northwest,Jul,24
2020,2221,Burnaby Northwest,Aug,30
2020,2221,Burnaby Northwest,Sep,27
2020,2221,Burnaby Northwest,Oct,27
2020,2221,Burnaby Northwest,Nov,38
2020,2221,Burnaby Northwest,Dec,30
2020,2222,Burnaby Northeast,Jan,19
2020,2222,Burnaby Northeast,Feb,17
2020,2222,Burnaby Northeast,Mar,23
2020,2222,Burnaby Northeast,Apr,20
2020,2222,Burnaby Northeast,May,27
2020,2222,Burnaby Northeast,Jun,16
2020,2222,Burnaby Northeast,Jul,19
2020,2222,Burnaby Northeast,Aug,17
2020,2222,Burnaby Northeast,Sep,25
2020,2222,Burnaby Northeast,Oct,17
2020,2222,Burnaby Northeast,Nov,25
2020,2222,Burnaby Northeast,Dec,25
2020,2223,Burnaby Southwest,Jan,54
2020,2223,Burnaby Southwest,Feb,38
2020,2223,Burnaby Southwest,Mar,45
2020,2223,Burnaby Southwest,Apr,49
2020,2223,Burnaby Southwest,May,39
2020,2223,Burnaby Southwest,Jun,44
2020,2223,Burnaby Southwest,Jul,36
2020,2223,Burnaby Southwest,Aug,56
2020,2223,Burnaby Southwest,Sep,46
2020,2223,Burnaby Southwest,Oct,37
2020,2223,Burnaby Southwest,Nov,76
2020,2223,Burnaby Southwest,Dec,79
2020,2224,Burnaby Southeast,Jan,37
2020,2224,Burnaby Southeast,Feb,38
2020,2224,Burnaby Southeast,Mar,42
2020,2224,Burnaby Southeast,Apr,52
2020,2224,Burnaby Southeast,May,35
2020,2224,Burnaby Southeast,Jun,42
2020,2224,Burnaby Southeast,Jul,38
2020,2224,Burnaby Southeast,Aug,40
2020,2224,Burnaby Southeast,Sep,39
2020,2224,Burnaby Southeast,Oct,31
2020,2224,Burnaby Southeast,Nov,46
2020,2224,Burnaby Southeast,Dec,68
2020,2231,Haney,Jan,38
2020,2231,Haney,Feb,26
2020,2231,Haney,Mar,33
2020,2231,Haney,Apr,46
2020,2231,Haney,May,28
2020,2231,Haney,Jun,30
2020,2231,Haney,Jul,40
2020,2231,Haney,Aug,31
2020,2231,Haney,Sep,25
2020,2231,Haney,Oct,33
2020,2231,Haney,Nov,28
2020,2231,Haney,Dec,25
2020,2232,Pitt Meadows,Jan,13
2020,2232,Pitt Meadows,Feb,11
2020,2232,Pitt Meadows,Mar,10
2020,2232,Pitt Meadows,Apr,9
2020,2232,Pitt Meadows,May,9
2020,2232,Pitt Meadows,Jun,12
2020,2232,Pitt Meadows,Jul,11
2020,2232,Pitt Meadows,Aug,16
2020,2232,Pitt Meadows,Sep,10
2020,2232,Pitt Meadows,Oct,9
2020,2232,Pitt Meadows,Nov,11
2020,2232,Pitt Meadows,Dec,18
2020,2233,Maple Ridge Rural,Jan,18
2020,2233,Maple Ridge Rural,Feb,28
2020,2233,Maple Ridge Rural,Mar,23
2020,2233,Maple Ridge Rural,Apr,30
2020,2233,Maple Ridge Rural,May,23
2020,2233,Maple Ridge Rural,Jun,23
2020,2233,Maple Ridge Rural,Jul,25
2020,2233,Maple Ridge Rural,Aug,29
2020,2233,Maple Ridge Rural,Sep,24
2020,2233,Maple Ridge Rural,Oct,24
2020,2233,Maple Ridge Rural,Nov,24
2020,2233,Maple Ridge Rural,Dec,44
2020,2241,North Coquitlam,Jan,5
2020,2241,North Coquitlam,Feb,5
2020,2241,North Coquitlam,Mar,10
2020,2241,North Coquitlam,Apr,15
2020,2241,North Coquitlam,May,9
2020,2241,North Coquitlam,Jun,5
2020,2241,North Coquitlam,Jul,8
2020,2241,North Coquitlam,Aug,7
2020,2241,North Coquitlam,Sep,11
2020,2241,North Coquitlam,Oct,17
2020,2241,North Coquitlam,Nov,16
2020,2241,North Coquitlam,Dec,11
2021,1110,Fernie,Jan,6
2021,1110,Fernie,Feb,10
2021,1110,Fernie,Mar,8
2021,1110,Fernie,Apr,11
2021,1110,Fernie,May,8
2021,1110,Fernie,Jun,13
2021,1110,Fernie,Jul,6
2021,1110,Fernie,Aug,13
2021,1110,Fernie,Sep,7
2021,1110,Fernie,Oct,5
2021,1110,Fernie,Nov,8
2021,1110,Fernie,Dec,9
2021,1120,Cranbrook,Jan,26
2021,1120,Cranbrook,Feb,19
2021,1120,Cranbrook,Mar,21
2021,1120,Cranbrook,Apr,16
2021,1120,Cranbrook,May,20
2021,1120,Cranbrook,Jun,31
2021,1120,Cranbrook,Jul,23
2021,1120,Cranbrook,Aug,21
2021,1120,Cranbrook,Sep,21
2021,1120,Cranbrook,Oct,27
2021,1120,Cranbrook,Nov,24
2021,1120,Cranbrook,Dec,31
2021,1130,Kimberley,Jan,7
2021,1130,Kimberley,Feb,12
2021,1130,Kimberley,Mar,14
2021,1130,Kimberley,Apr,5
2021,1130,Kimberley,May,4
2021,1130,Kimberley,Jun,9
2021,1130,Kimberley,Jul,7
2021,1130,Kimberley,Aug,6
2021,1130,Kimberley,Sep,8
2021,1130,Kimberley,Oct,5
2021,1130,Kimberley,Nov,10
2021,1130,Kimberley,Dec,8
2021,1140,Windermere,Jan,8
2021,1140,Windermere,Feb,9
2021,1140,Windermere,Mar,8
2021,1140,Windermere,Apr,5
2021,1140,Windermere,May,8
2021,1140,Windermere,Jun,12
2021,1140,Windermere,Jul,7
2021,1140,Windermere,Aug,6
2021,1140,Windermere,Sep,13
2021,1140,Windermere,Oct,12
2021,1140,Windermere,Nov,10
2021,1140,Windermere,Dec,10
2021,1150,Creston,Jan,18
2021,1150,Creston,Feb,10
2021,1150,Creston,Mar,23
2021,1150,Creston,Apr,17
2021,1150,Creston,May,9
2021,1150,Creston,Jun,21
2021,1150,Creston,Jul,30
2021,1150,Creston,Aug,24
2021,1150,Creston,Sep,16
2021,1150,Creston,Oct,7
2021,1150,Creston,Nov,19
2021,1150,Creston,Dec,12
2021,1160,Golden,Jan,3
2021,1160,Golden,Feb,3
2021,1160,Golden,Mar,3
2021,1160,Golden,Apr,2
2021,1160,Golden,May,7
2021,1160,Golden,Jun,3
2021,1160,Golden,Jul,5
2021,1160,Golden,Aug,4
2021,1160,Golden,Sep,3
2021,1160,Golden,Oct,9
2021,1160,Golden,Nov,3
2021,1160,Golden,Dec,2
2021,1210,Kootenay Lake,Jan,6
2021,1210,Kootenay Lake,Feb,1
2021,1210,Kootenay Lake,Mar,2
2021,1210,Kootenay Lake,Apr,1
2021,1210,Kootenay Lake,May,3
2021,1210,Kootenay Lake,Jun,5
2021,1210,Kootenay Lake,Jul,9
2021,1210,Kootenay Lake,Aug,5
2021,1210,Kootenay Lake,Sep,2
2021,1210,Kootenay Lake,Oct,4
2021,1210,Kootenay Lake,Nov,3
2021,1210,Kootenay Lake,Dec,5
2021,1220,Nelson,Jan,18
2021,1220,Nelson,Feb,16
2021,1220,Nelson,Mar,15
2021,1220,Nelson,Apr,14
2021,1220,Nelson,May,15
2021,1220,Nelson,Jun,26
2021,1220,Nelson,Jul,26
2021,1220,Nelson,Aug,23
2021,1220,Nelson,Sep,24
2021,1220,Nelson,Oct,29
2021,1220,Nelson,Nov,19
2021,1220,Nelson,Dec,31
2021,1230,Castlegar,Jan,27
2021,1230,Castlegar,Feb,8
2021,1230,Castlegar,Mar,7
2021,1230,Castlegar,Apr,9
2021,1230,Castlegar,May,17
2021,1230,Castlegar,Jun,11
2021,1230,Castlegar,Jul,16
2021,1230,Castlegar,Aug,10
2021,1230,Castlegar,Sep,18
2021,1230,Castlegar,Oct,8
2021,1230,Castlegar,Nov,12
2021,1230,Castlegar,Dec,19
2021,1240,Arrow Lakes,Jan,4
2021,1240,Arrow Lakes,Feb,4
2021,1240,Arrow Lakes,Mar,8
2021,1240,Arrow Lakes,Apr,6
2021,1240,Arrow Lakes,May,6
2021,1240,Arrow Lakes,Jun,2
2021,1240,Arrow Lakes,Jul,5
2021,1240,Arrow Lakes,Aug,6
2021,1240,Arrow Lakes,Sep,5
2021,1240,Arrow Lakes,Oct,6
2021,1240,Arrow Lakes,Nov,2
2021,1240,Arrow Lakes,Dec,7
2021,1250,Trail,Jan,14
2021,1250,Trail,Feb,25
2021,1250,Trail,Mar,16
2021,1250,Trail,Apr,26
2021,1250,Trail,May,18
2021,1250,Trail,Jun,13
2021,1250,Trail,Jul,32
2021,1250,Trail,Aug,25
2021,1250,Trail,Sep,19
2021,1250,Trail,Oct,26
2021,1250,Trail,Nov,31
2021,1250,Trail,Dec,20
2021,1260,Grand Forks,Jan,14
2021,1260,Grand Forks,Feb,12
2021,1260,Grand Forks,Mar,6
2021,1260,Grand Forks,Apr,10
2021,1260,Grand Forks,May,8
2021,1260,Grand Forks,Jun,9
2021,1260,Grand Forks,Jul,10
2021,1260,Grand Forks,Aug,12
2021,1260,Grand Forks,Sep,16
2021,1260,Grand Forks,Oct,11
2021,1260,Grand Forks,Nov,17
2021,1260,Grand Forks,Dec,13
2021,1270,Kettle Valley,Jan,6
2021,1270,Kettle Valley,Feb,8
2021,1270,Kettle Valley,Mar,6
2021,1270,Kettle Valley,Apr,3
2021,1270,Kettle Valley,May,4
2021,1270,Kettle Valley,Jun,4
2021,1270,Kettle Valley,Jul,2
2021,1270,Kettle Valley,Aug,3
2021,1270,Kettle Valley,Sep,5
2021,1270,Kettle Valley,Oct,1
2021,1270,Kettle Valley,Nov,2
2021,1270,Kettle Valley,Dec,2
2021,1310,Southern Okanagan,Jan,39
2021,1310,Southern Okanagan,Feb,28
2021,1310,Southern Okanagan,Mar,25
2021,1310,Southern Okanagan,Apr,27
2021,1310,Southern Okanagan,May,12
2021,1310,Southern Okanagan,Jun,30
2021,1310,Southern Okanagan,Jul,25
2021,1310,Southern Okanagan,Aug,25
2021,1310,Southern Okanagan,Sep,31
2021,1310,Southern Okanagan,Oct,32
2021,1310,Southern Okanagan,Nov,35
2021,1310,Southern Okanagan,Dec,37
2021,1320,Penticton,Jan,64
2021,1320,Penticton,Feb,42
2021,1320,Penticton,Mar,57
2021,1320,Penticton,Apr,52
2021,1320,Penticton,May,50
2021,1320,Penticton,Jun,41
2021,1320,Penticton,Jul,70
2021,1320,Penticton,Aug,47
2021,1320,Penticton,Sep,59
2021,1320,Penticton,Oct,77
2021,1320,Penticton,Nov,59
2021,1320,Penticton,Dec,63
2021,1330,Keremeos,Jan,4
2021,1330,Keremeos,Feb,6
2021,1330,Keremeos,Mar,9
2021,1330,Keremeos,Apr,4
2021,1330,Keremeos,May,7
2021,1330,Keremeos,Jun,6
2021,1330,Keremeos,Jul,12
2021,1330,Keremeos,Aug,8
2021,1330,Keremeos,Sep,6
2021,1330,Keremeos,Oct,5
2021,1330,Keremeos,Nov,10
2021,1330,Keremeos,Dec,9
2021,1340,Princeton,Jan,5
2021,1340,Princeton,Feb,1
2021,1340,Princeton,Mar,6
2021,1340,Princeton,Apr,1
2021,1340,Princeton,May,7
2021,1340,Princeton,Jun,8
2021,1340,Princeton,Jul,4
2021,1340,Princeton,Aug,1
2021,1340,Princeton,Sep,4
2021,1340,Princeton,Oct,6
2021,1340,Princeton,Nov,8
2021,1340,Princeton,Dec,10
2021,1350,Armstrong/Spallumcheen,Jan,7
2021,1350,Armstrong/Spallumcheen,Feb,13
2021,1350,Armstrong/Spallumcheen,Mar,4
2021,1350,Armstrong/Spallumcheen,Apr,7
2021,1350,Armstrong/Spallumcheen,May,13
2021,1350,Armstrong/Spallumcheen,Jun,12
2021,1350,Armstrong/Spallumcheen,Jul,8
2021,1350,Armstrong/Spallumcheen,Aug,4
2021,1350,Armstrong/Spallumcheen,Sep,13
2021,1350,Armstrong/Spallumcheen,Oct,13
2021,1350,Armstrong/Spallumcheen,Nov,9
2021,1350,Armstrong/Spallumcheen,Dec,12
2021,1361,Vernon Centre/Coldstream,Jan,76
2021,1361,Vernon Centre/Coldstream,Feb,60
2021,1361,Vernon Centre/Coldstream,Mar,54
2021,1361,Vernon Centre/Coldstream,Apr,50
2021,1361,Vernon Centre/Coldstream,May,53
2021,1361,Vernon Centre/Coldstream,Jun,66
2021,1361,Vernon Centre/Coldstream,Jul,63
2021,1361,Vernon Centre/Coldstream,Aug,67
2021,1361,Vernon Centre/Coldstream,Sep,72
2021,1361,Vernon Centre/Coldstream,Oct,59
2021,1361,Vernon Centre/Coldstream,Nov,82
2021,1361,Vernon Centre/Coldstream,Dec,83
2021,1362,North Okanagan/Lumby,Jan,10
2021,1362,North Okanagan/Lumby,Feb,14
2021,1362,North Okanagan/Lumby,Mar,12
2021,1362,North Okanagan/Lumby,Apr,16
2021,1362,North Okanagan/Lumby,May,11
2021,1362,North Okanagan/Lumby,Jun,8
2021,1362,North Okanagan/Lumby,Jul,12
2021,1362,North Okanagan/Lumby,Aug,7
2021,1362,North Okanagan/Lumby,Sep,16
2021,1362,North Okanagan/Lumby,Oct,12
2021,1362,North Okanagan/Lumby,Nov,14
2021,1362,North Okanagan/Lumby,Dec,15
2021,1371,Central Okanagan Rural,Jan,6
2021,1371,Central Okanagan Rural,Feb,10
2021,1371,Central Okanagan Rural,Mar,5
2021,1371,Central Okanagan Rural,Apr,5
2021,1371,Central Okanagan Rural,May,4
2021,1371,Central Okanagan Rural,Jun,11
2021,1371,Central Okanagan Rural,Jul,5
2021,1371,Central Okanagan Rural,Aug,6
2021,1371,Central Okanagan Rural,Sep,9
2021,1371,Central Okanagan Rural,Oct,10
2021,1371,Central Okanagan Rural,Nov,7
2021,1371,Central Okanagan Rural,Dec,9
2021,1372,West Kelowna,Jan,43
2021,1372,West Kelowna,Feb,32
2021,1372,West Kelowna,Mar,32
2021,1372,West Kelowna,Apr,37
2021,1372,West Kelowna,May,39
2021,1372,West Kelowna,Jun,39
2021,1372,West Kelowna,Jul,48
2021,1372,West Kelowna,Aug,46
2021,1372,West Kelowna,Sep,34
2021,1372,West Kelowna,Oct,35
2021,1372,West Kelowna,Nov,40
2021,1372,West Kelowna,Dec,51
2021,1373,Lake Country,Jan,11
2021,1373,Lake Country,Feb,13
2021,1373,Lake Country,Mar,4
2021,1373,Lake Country,Apr,9
2021,1373,Lake Country,May,12
2021,1373,Lake Country,Jun,11
2021,1373,Lake Country,Jul,8
2021,1373,Lake Country,Aug,16
2021,1373,Lake Country,Sep,12
2021,1373,Lake Country,Oct,11
2021,1373,Lake Country,Nov,6
2021,1373,Lake Country,Dec,6
2021,1374,Glenmore,Jan,26
2021,1374,Glenmore,Feb,25
2021,1374,Glenmore,Mar,27
2021,1374,Glenmore,Apr,21
2021,1374,Glenmore,May,31
2021,1374,Glenmore,Jun,20
2021,1374,Glenmore,Jul,24
2021,1374,Glenmore,Aug,25
2021,1374,Glenmore,Sep,22
2021,1374,Glenmore,Oct,23
2021,1374,Glenmore,Nov,28
2021,1374,Glenmore,Dec,34
2021,1375,Downtown Kelowna,Jan,50
2021,1375,Downtown Kelowna,Feb,48
2021,1375,Downtown Kelowna,Mar,60
2021,1375,Downtown Kelowna,Apr,51
2021,1375,Downtown Kelowna,May,58
2021,1375,Downtown Kelowna,Jun,56
2021,1375,Downtown Kelowna,Jul,69
2021,1375,Downtown Kelowna,Aug,70
2021,1375,Downtown Kelowna,Sep,74
2021,1375,Downtown Kelowna,Oct,80
2021,1375,Downtown Kelowna,Nov,61
2021,1375,Downtown Kelowna,Dec,73
2021,1376,Rutland,Jan,27
2021,1376,Rutland,Feb,27
2021,1376,Rutland,Mar,22
2021,1376,Rutland,Apr,25
2021,1376,Rutland,May,46
2021,1376,Rutland,Jun,32
2021,1376,Rutland,Jul,30
2021,1376,Rutland,Aug,43
2021,1376,Rutland,Sep,43
2021,1376,Rutland,Oct,32
2021,1376,Rutland,Nov,23
2021,1376,Rutland,Dec,27
2021,1377,Okanagan Mission,Jan,7
2021,1377,Okanagan Mission,Feb,12
2021,1377,Okanagan Mission,Mar,18
2021,1377,Okanagan Mission,Apr,10
2021,1377,Okanagan Mission,May,12
2021,1377,Okanagan Mission,Jun,12
2021,1377,Okanagan Mission,Jul,11
2021,1377,Okanagan Mission,Aug,10
2021,1377,Okanagan Mission,Sep,16
2021,1377,Okanagan Mission,Oct,17
2021,1377,Okanagan Mission,Nov,14
2021,1377,Okanagan Mission,Dec,14
2021,1380,Summerland,Jan,14
2021,1380,Summerland,Feb,12
2021,1380,Summerland,Mar,19
2021,1380,Summerland,Apr,10
2021,1380,Summerland,May,10
2021,1380,Summerland,Jun,13
2021,1380,Summerland,Jul,14
2021,1380,Summerland,Aug,12
2021,1380,Summerland,Sep,13
2021,1380,Summerland,Oct,18
2021,1380,Summerland,Nov,12
2021,1380,Summerland,Dec,14
2021,1390,Enderby,Jan,10
2021,1390,Enderby,Feb,10
2021,1390,Enderby,Mar,11
2021,1390,Enderby,Apr,12
2021,1390,Enderby,May,6
2021,1390,Enderby,Jun,7
2021,1390,Enderby,Jul,9
2021,1390,Enderby,Aug,6
2021,1390,Enderby,Sep,9
2021,1390,Enderby,Oct,8
2021,1390,Enderby,Nov,6
2021,1390,Enderby,Dec,8
2021,1410,Revelstoke,Jan,8
2021,1410,Revelstoke,Feb,3
2021,1410,Revelstoke,Mar,6
2021,1410,Revelstoke,Apr,3
2021,1410,Revelstoke,May,10
2021,1410,Revelstoke,Jun,2
2021,1410,Revelstoke,Jul,4
2021,1410,Revelstoke,Aug,5
2021,1410,Revelstoke,Sep,3
2021,1410,Revelstoke,Oct,7
2021,1410,Revelstoke,Nov,3
2021,1410,Revelstoke,Dec,5
2021,1420,Salmon Arm,Jan,40
2021,1420,Salmon Arm,Feb,44
2021,1420,Salmon Arm,Mar,33
2021,1420,Salmon Arm,Apr,39
2021,1420,Salmon Arm,May,46
2021,1420,Salmon Arm,Jun,46
2021,1420,Salmon Arm,Jul,48
2021,1420,Salmon Arm,Aug,51
2021,1420,Salmon Arm,Sep,32
2021,1420,Salmon Arm,Oct,52
2021,1420,Salmon Arm,Nov,37
2021,1420,Salmon Arm,Dec,40
2021,1431,Kamloops Centre North,Jan,40
2021,1431,Kamloops Centre North,Feb,48
2021,1431,Kamloops Centre North,Mar,57
2021,1431,Kamloops Centre North,Apr,43
2021,1431,Kamloops Centre North,May,49
2021,1431,Kamloops Centre North,Jun,60
2021,1431,Kamloops Centre North,Jul,44
2021,1431,Kamloops Centre North,Aug,61
2021,1431,Kamloops Centre North,Sep,65
2021,1431,Kamloops Centre North,Oct,65
2021,1431,Kamloops Centre North,Nov,65
2021,1431,Kamloops Centre North,Dec,68
2021,1432,Kamloops Centre South,Jan,33
2021,1432,Kamloops Centre South,Feb,32
2021,1432,Kamloops Centre South,Mar,43
2021,1432,Kamloops Centre South,Apr,38
2021,1432,Kamloops Centre South,May,43
2021,1432,Kamloops Centre South,Jun,36
2021,1432,Kamloops Centre South,Jul,30
2021,1432,Kamloops Centre South,Aug,42
2021,1432,Kamloops Centre South,Sep,39
2021,1432,Kamloops Centre South,Oct,47
2021,1432,Kamloops Centre South,Nov,41
2021,1432,Kamloops Centre South,Dec,46
2021,1433,Lower Thompson,Jan,18
2021,1433,Lower Thompson,Feb,24
2021,1433,Lower Thompson,Mar,12
2021,1433,Lower Thompson,Apr,18
2021,1433,Lower Thompson,May,20
2021,1433,Lower Thompson,Jun,29
2021,1433,Lower Thompson,Jul,14
2021,1433,Lower Thompson,Aug,17
2021,1433,Lower Thompson,Sep,9
2021,1433,Lower Thompson,Oct,24
2021,1433,Lower Thompson,Nov,21
2021,1433,Lower Thompson,Dec,24
2021,1440,100 Mile House,Jan,19
2021,1440,100 Mile House,Feb,20
2021,1440,100 Mile House,Mar,17
2021,1440,100 Mile House,Apr,9
2021,1440,100 Mile House,May,12
2021,1440,100 Mile House,Jun,13
2021,1440,100 Mile House,Jul,26
2021,1440,100 Mile House,Aug,17
2021,1440,100 Mile House,Sep,21
2021,1440,100 Mile House,Oct,19
2021,1440,100 Mile House,Nov,19
2021,1440,100 Mile House,Dec,27
2021,1450,North Thompson,Jan,2
2021,1450,North Thompson,Feb,0
2021,1450,North Thompson,Mar,3
2021,1450,North Thompson,Apr,5
2021,1450,North Thompson,May,2
2021,1450,North Thompson,Jun,5
2021,1450,North Thompson,Jul,6
2021,1450,North Thompson,Aug,3
2021,1450,North Thompson,Sep,5
2021,1450,North Thompson,Oct,8
2021,1450,North Thompson,Nov,4
2021,1450,North Thompson,Dec,4
2021,1461,West Cariboo,Jan,5
2021,1461,West Cariboo,Feb,1
2021,1461,West Cariboo,Mar,2
2021,1461,West Cariboo,Apr,2
2021,1461,West Cariboo,May,3
2021,1461,West Cariboo,Jun,2
2021,1461,West Cariboo,Jul,2
2021,1461,West Cariboo,Aug,4
2021,1461,West Cariboo,Sep,2
2021,1461,West Cariboo,Oct,3
2021,1461,West Cariboo,Nov,4
2021,1461,West Cariboo,Dec,5
2021,1462,Williams Lake/East Cariboo,Jan,37
2021,1462,Williams Lake/East Cariboo,Feb,20
2021,1462,Williams Lake/East Cariboo,Mar,15
2021,1462,Williams Lake/East Cariboo,Apr,16
2021,1462,Williams Lake/East Cariboo,May,23
2021,1462,Williams Lake/East Cariboo,Jun,26
2021,1462,Williams Lake/East Cariboo,Jul,19
2021,1462,Williams Lake/East Cariboo,Aug,28
2021,1462,Williams Lake/East Cariboo,Sep,25
2021,1462,Williams Lake/East Cariboo,Oct,30
2021,1462,Williams Lake/East Cariboo,Nov,22
2021,1462,Williams Lake/East Cariboo,Dec,33
2021,1470,Lillooet,Jan,7
2021,1470,Lillooet,Feb,4
2021,1470,Lillooet,Mar,8
2021,1470,Lillooet,Apr,6
2021,1470,Lillooet,May,4
2021,1470,Lillooet,Jun,11
2021,1470,Lillooet,Jul,7
2021,1470,Lillooet,Aug,6
2021,1470,Lillooet,Sep,4
2021,1470,Lillooet,Oct,7
2021,1470,Lillooet,Nov,6
2021,1470,Lillooet,Dec,1
2021,1480,South Cariboo,Jan,7
2021,1480,South Cariboo,Feb,8
2021,1480,South Cariboo,Mar,5
2021,1480,South Cariboo,Apr,8
2021,1480,South Cariboo,May,11
2021,1480,South Cariboo,Jun,9
2021,1480,South Cariboo,Jul,8
2021,1480,South Cariboo,Aug,6
2021,1480,South Cariboo,Sep,7
2021,1480,South Cariboo,Oct,6
2021,1480,South Cariboo,Nov,6
2021,1480,South Cariboo,Dec,8
2021,1490,Merritt,Jan,15
2021,1490,Merritt,Feb,14
2021,1490,Merritt,Mar,16
2021,1490,Merritt,Apr,13
2021,1490,Merritt,May,16
2021,1490,Merritt,Jun,8
2021,1490,Merritt,Jul,10
2021,1490,Merritt,Aug,16
2021,1490,Merritt,Sep,21
2021,1490,Merritt,Oct,17
2021,1490,Merritt,Nov,18
2021,1490,Merritt,Dec,13
2021,2110,Hope,Jan,10
2021,2110,Hope,Feb,12
2021,2110,Hope,Mar,9
2021,2110,Hope,Apr,14
2021,2110,Hope,May,18
2021,2110,Hope,Jun,11
2021,2110,Hope,Jul,14
2021,2110,Hope,Aug,8
2021,2110,Hope,Sep,16
2021,2110,Hope,Oct,10
2021,2110,Hope,Nov,20
2021,2110,Hope,Dec,9
2021,2121,South Chilliwack,Jan,34
2021,2121,South Chilliwack,Feb,32
2021,2121,South Chilliwack,Mar,41
2021,2121,South Chilliwack,Apr,41
2021,2121,South Chilliwack,May,29
2021,2121,South Chilliwack,Jun,46
2021,2121,South Chilliwack,Jul,54
2021,2121,South Chilliwack,Aug,41
2021,2121,South Chilliwack,Sep,32
2021,2121,South Chilliwack,Oct,42
2021,2121,South Chilliwack,Nov,41
2021,2121,South Chilliwack,Dec,42
2021,2122,North Chilliwack,Jan,48
2021,2122,North Chilliwack,Feb,52
2021,2122,North Chilliwack,Mar,54
2021,2122,North Chilliwack,Apr,45
2021,2122,North Chilliwack,May,52
2021,2122,North Chilliwack,Jun,64
2021,2122,North Chilliwack,Jul,66
2021,2122,North Chilliwack,Aug,47
2021,2122,North Chilliwack,Sep,70
2021,2122,North Chilliwack,Oct,62
2021,2122,North Chilliwack,Nov,50
2021,2122,North Chilliwack,Dec,59
2021,2131,Central Abbotsford,Jan,33
2021,2131,Central Abbotsford,Feb,36
2021,2131,Central Abbotsford,Mar,31
2021,2131,Central Abbotsford,Apr,30
2021,2131,Central Abbotsford,May,29
2021,2131,Central Abbotsford,Jun,35
2021,2131,Central Abbotsford,Jul,33
2021,2131,Central Abbotsford,Aug,29
2021,2131,Central Abbotsford,Sep,45
2021,2131,Central Abbotsford,Oct,40
2021,2131,Central Abbotsford,Nov,37
2021,2131,Central Abbotsford,Dec,27
2021,2132,East Abbotsford,Jan,10
2021,2132,East Abbotsford,Feb,20
2021,2132,East Abbotsford,Mar,20
2021,2132,East Abbotsford,Apr,13
2021,2132,East Abbotsford,May,13
2021,2132,East Abbotsford,Jun,15
2021,2132,East Abbotsford,Jul,17
2021,2132,East Abbotsford,Aug,9
2021,2132,East Abbotsford,Sep,13
2021,2132,East Abbotsford,Oct,22
2021,2132,East Abbotsford,Nov,16
2021,2132,East Abbotsford,Dec,16
2021,2133,West Abbotsford,Jan,41
2021,2133,West Abbotsford,Feb,45
2021,2133,West Abbotsford,Mar,36
2021,2133,West Abbotsford,Apr,49
2021,2133,West Abbotsford,May,29
2021,2133,West Abbotsford,Jun,58
2021,2133,West Abbotsford,Jul,48
2021,2133,West Abbotsford,Aug,39
2021,2133,West Abbotsford,Sep,48
2021,2133,West Abbotsford,Oct,59
2021,2133,West Abbotsford,Nov,63
2021,2133,West Abbotsford,Dec,62
2021,2134,Abbotsford Rural,Jan,14
2021,2134,Abbotsford Rural,Feb,18
2021,2134,Abbotsford Rural,Mar,28
2021,2134,Abbotsford Rural,Apr,21
2021,2134,Abbotsford Rural,May,19
2021,2134,Abbotsford Rural,Jun,13
2021,2134,Abbotsford Rural,Jul,11
2021,2134,Abbotsford Rural,Aug,24
2021,2134,Abbotsford Rural,Sep,23
2021,2134,Abbotsford Rural,Oct,20
2021,2134,Abbotsford Rural,Nov,18
2021,2134,Abbotsford Rural,Dec,22
2021,2141,South Mission,Jan,20
2021,2141,South Mission,Feb,29
2021,2141,South Mission,Mar,24
2021,2141,South Mission,Apr,29
2021,2141,South Mission,May,25
2021,2141,South Mission,Jun,27
2021,2141,South Mission,Jul,22
2021,2141,South Mission,Aug,21
2021,2141,South Mission,Sep,25
2021,2141,South Mission,Oct,29
2021,2141,South Mission,Nov,34
2021,2141,South Mission,Dec,38
2021,2142,North Mission,Jan,6
2021,2142,North Mission,Feb,6
2021,2142,North Mission,Mar,13
2021,2142,North Mission,Apr,7
2021,2142,North Mission,May,8
2021,2142,North Mission,Jun,13
2021,2142,North Mission,Jul,18
2021,2142,North Mission,Aug,17
2021,2142,North Mission,Sep,12
2021,2142,North Mission,Oct,9
2021,2142,North Mission,Nov,9
2021,2142,North Mission,Dec,10
2021,2150,Agassiz/Harrison,Jan,16
2021,2150,Agassiz/Harrison,Feb,11
2021,2150,Agassiz/Harrison,Mar,13
2021,2150,Agassiz/Harrison,Apr,6
2021,2150,Agassiz/Harrison,May,9
2021,2150,Agassiz/Harrison,Jun,5
2021,2150,Agassiz/Harrison,Jul,4
2021,2150,Agassiz/Harrison,Aug,16
2021,2150,Agassiz/Harrison,Sep,10
2021,2150,Agassiz/Harrison,Oct,15
2021,2150,Agassiz/Harrison,Nov,10
2021,2150,Agassiz/Harrison,Dec,9
2021,2210,New Westminster,Jan,52
2021,2210,New Westminster,Feb,43
2021,2210,New Westminster,Mar,54
2021,2210,New Westminster,Apr,49
2021,2210,New Westminster,May,45
2021,2210,New Westminster,Jun,69
2021,2210,New Westminster,Jul,51
2021,2210,New Westminster,Aug,43
2021,2210,New Westminster,Sep,50
2021,2210,New Westminster,Oct,54
2021,2210,New Westminster,Nov,54
2021,2210,New Westminster,Dec,51
2021,2221,Burnaby Northwest,Jan,29
2021,2221,Burnaby Northwest,Feb,21
2021,2221,Burnaby Northwest,Mar,23
2021,2221,Burnaby Northwest,Apr,33
2021,2221,Burnaby Northwest,May,31
2021,2221,Burnaby Northwest,Jun,29
2021,2221,Burnaby Northwest,Jul,28
2021,2221,Burnaby Northwest,Aug,27
2021,2221,Burnaby Northwest,Sep,19
2021,2221,Burnaby Northwest,Oct,24
2021,2221,Burnaby Northwest,Nov,27
2021,2221,Burnaby Northwest,Dec,20
2021,2222,Burnaby Northeast,Jan,32
2021,2222,Burnaby Northeast,Feb,22
2021,2222,Burnaby Northeast,Mar,20
2021,2222,Burnaby Northeast,Apr,19
2021,2222,Burnaby Northeast,May,15
2021,2222,Burnaby Northeast,Jun,26
2021,2222,Burnaby Northeast,Jul,16
2021,2222,Burnaby Northeast,Aug,17
2021,2222,Burnaby Northeast,Sep,21
2021,2222,Burnaby Northeast,Oct,21
2021,2222,Burnaby Northeast,Nov,23
2021,2222,Burnaby Northeast,Dec,30
2021,2223,Burnaby Southwest,Jan,70
2021,2223,Burnaby Southwest,Feb,48
2021,2223,Burnaby Southwest,Mar,54
2021,2223,Burnaby Southwest,Apr,51
2021,2223,Burnaby Southwest,May,46
2021,2223,Burnaby Southwest,Jun,72
2021,2223,Burnaby Southwest,Jul,42
2021,2223,Burnaby Southwest,Aug,52
2021,2223,Burnaby Southwest,Sep,45
2021,2223,Burnaby Southwest,Oct,59
2021,2223,Burnaby Southwest,Nov,66
2021,2223,Burnaby Southwest,Dec,51
2021,2224,Burnaby Southeast,Jan,54
2021,2224,Burnaby Southeast,Feb,31
2021,2224,Burnaby Southeast,Mar,41
2021,2224,Burnaby Southeast,Apr,37
2021,2224,Burnaby Southeast,May,25
2021,2224,Burnaby Southeast,Jun,56
2021,2224,Burnaby Southeast,Jul,29
2021,2224,Burnaby Southeast,Aug,40
2021,2224,Burnaby Southeast,Sep,46
2021,2224,Burnaby Southeast,Oct,46
2021,2224,Burnaby Southeast,Nov,43
2021,2224,Burnaby Southeast,Dec,40
2021,2231,Haney,Jan,35
2021,2231,Haney,Feb,24
2021,2231,Haney,Mar,42
2021,2231,Haney,Apr,20
2021,2231,Haney,May,24
2021,2231,Haney,Jun,40
2021,2231,Haney,Jul,28
2021,2231,Haney,Aug,13
2021,2231,Haney,Sep,20
2021,2231,Haney,Oct,33
2021,2231,Haney,Nov,34
2021,2231,Haney,Dec,49
2021,2232,Pitt Meadows,Jan,10
2021,2232,Pitt Meadows,Feb,7
2021,2232,Pitt Meadows,Mar,11
2021,2232,Pitt Meadows,Apr,9
2021,2232,Pitt Meadows,May,7
2021,2232,Pitt Meadows,Jun,17
2021,2232,Pitt Meadows,Jul,4
2021,2232,Pitt Meadows,Aug,15
2021,2232,Pitt Meadows,Sep,11
2021,2232,Pitt Meadows,Oct,9
2021,2232,Pitt Meadows,Nov,11
2021,2232,Pitt Meadows,Dec,15
2021,2233,Maple Ridge Rural,Jan,25
2021,2233,Maple Ridge Rural,Feb,27
2021,2233,Maple Ridge Rural,Mar,29
2021,2233,Maple Ridge Rural,Apr,22
2021,2233,Maple Ridge Rural,May,33
2021,2233,Maple Ridge Rural,Jun,22
2021,2233,Maple Ridge Rural,Jul,27
2021,2233,Maple Ridge Rural,Aug,19
2021,2233,Maple Ridge Rural,Sep,36
2021,2233,Maple Ridge Rural,Oct,33
2021,2233,Maple Ridge Rural,Nov,34
2021,2233,Maple Ridge Rural,Dec,26
2021,2241,North Coquitlam,Jan,8
2021,2241,North Coquitlam,Feb,10
2021,2241,North Coquitlam,Mar,16
2021,2241,North Coquitlam,Apr,15
2021,2241,North Coquitlam,May,10
2021,2241,North Coquitlam,Jun,11
2021,2241,North Coquitlam,Jul,9
2021,2241,North Coquitlam,Aug,9
2021,2241,North Coquitlam,Sep,22
2021,2241,North Coquitlam,Oct,15
2021,2241,North Coquitlam,Nov,9
2021,2241,North Coquitlam,Dec,10
2022,1110,Fernie,Jan,8
2022,1110,Fernie,Feb,13
2022,1110,Fernie,Mar,14
2022,1110,Fernie,Apr,8
2022,1110,Fernie,May,15
2022,1110,Fernie,Jun,8
2022,1110,Fernie,Jul,9
2022,1110,Fernie,Aug,16
2022,1110,Fernie,Sep,10
2022,1110,Fernie,Oct,14
2022,1110,Fernie,Nov,4
2022,1110,Fernie,Dec,11
2022,1120,Cranbrook,Jan,42
2022,1120,Cranbrook,Feb,24
2022,1120,Cranbrook,Mar,29
2022,1120,Cranbrook,Apr,26
2022,1120,Cranbrook,May,31
2022,1120,Cranbrook,Jun,23
2022,1120,Cranbrook,Jul,31
2022,1120,Cranbrook,Aug,28
2022,1120,Cranbrook,Sep,27
2022,1120,Cranbrook,Oct,30
2022,1120,Cranbrook,Nov,25
2022,1120,Cranbrook,Dec,33
2022,1130,Kimberley,Jan,4
2022,1130,Kimberley,Feb,13
2022,1130,Kimberley,Mar,8
2022,1130,Kimberley,Apr,8
2022,1130,Kimberley,May,7
2022,1130,Kimberley,Jun,8
2022,1130,Kimberley,Jul,13
2022,1130,Kimberley,Aug,5
2022,1130,Kimberley,Sep,5
2022,1130,Kimberley,Oct,10
2022,1130,Kimberley,Nov,8
2022,1130,Kimberley,Dec,12
2022,1140,Windermere,Jan,8
2022,1140,Windermere,Feb,11
2022,1140,Windermere,Mar,7
2022,1140,Windermere,Apr,7
2022,1140,Windermere,May,12
2022,1140,Windermere,Jun,5
2022,1140,Windermere,Jul,13
2022,1140,Windermere,Aug,8
2022,1140,Windermere,Sep,8
2022,1140,Windermere,Oct,10
2022,1140,Windermere,Nov,9
2022,1140,Windermere,Dec,9
2022,1150,Creston,Jan,21
2022,1150,Creston,Feb,27
2022,1150,Creston,Mar,17
2022,1150,Creston,Apr,17
2022,1150,Creston,May,21
2022,1150,Creston,Jun,14
2022,1150,Creston,Jul,22
2022,1150,Creston,Aug,25
2022,1150,Creston,Sep,20
2022,1150,Creston,Oct,7
2022,1150,Creston,Nov,26
2022,1150,Creston,Dec,21
2022,1160,Golden,Jan,4
2022,1160,Golden,Feb,4
2022,1160,Golden,Mar,3
2022,1160,Golden,Apr,3
2022,1160,Golden,May,5
2022,1160,Golden,Jun,7
2022,1160,Golden,Jul,2
2022,1160,Golden,Aug,3
2022,1160,Golden,Sep,5
2022,1160,Golden,Oct,5
2022,1160,Golden,Nov,2
2022,1160,Golden,Dec,2
2022,1210,Kootenay Lake,Jan,3
2022,1210,Kootenay Lake,Feb,7
2022,1210,Kootenay Lake,Mar,2
2022,1210,Kootenay Lake,Apr,3
2022,1210,Kootenay Lake,May,5
2022,1210,Kootenay Lake,Jun,1
2022,1210,Kootenay Lake,Jul,3
2022,1210,Kootenay Lake,Aug,3
2022,1210,Kootenay Lake,Sep,2
2022,1210,Kootenay Lake,Oct,4
2022,1210,Kootenay Lake,Nov,3
2022,1210,Kootenay Lake,Dec,3
2022,1220,Nelson,Jan,25
2022,1220,Nelson,Feb,28
2022,1220,Nelson,Mar,27
2022,1220,Nelson,Apr,28
2022,1220,Nelson,May,21
2022,1220,Nelson,Jun,25
2022,1220,Nelson,Jul,22
2022,1220,Nelson,Aug,24
2022,1220,Nelson,Sep,21
2022,1220,Nelson,Oct,27
2022,1220,Nelson,Nov,19
2022,1220,Nelson,Dec,26
2022,1230,Castlegar,Jan,12
2022,1230,Castlegar,Feb,11
2022,1230,Castlegar,Mar,9
2022,1230,Castlegar,Apr,13
2022,1230,Castlegar,May,7
2022,1230,Castlegar,Jun,11
2022,1230,Castlegar,Jul,8
2022,1230,Castlegar,Aug,23
2022,1230,Castlegar,Sep,8
2022,1230,Castlegar,Oct,9
2022,1230,Castlegar,Nov,10
2022,1230,Castlegar,Dec,17
2022,1240,Arrow Lakes,Jan,5
2022,1240,Arrow Lakes,Feb,6
2022,1240,Arrow Lakes,Mar,4
2022,1240,Arrow Lakes,Apr,5
2022,1240,Arrow Lakes,May,3
2022,1240,Arrow Lakes,Jun,7
2022,1240,Arrow Lakes,Jul,3
2022,1240,Arrow Lakes,Aug,3
2022,1240,Arrow Lakes,Sep,3
2022,1240,Arrow Lakes,Oct,6
2022,1240,Arrow Lakes,Nov,4
2022,1240,Arrow Lakes,Dec,3
2022,1250,Trail,Jan,22
2022,1250,Trail,Feb,23
2022,1250,Trail,Mar,22
2022,1250,Trail,Apr,21
2022,1250,Trail,May,20
2022,1250,Trail,Jun,14
2022,1250,Trail,Jul,20
2022,1250,Trail,Aug,18
2022,1250,Trail,Sep,21
2022,1250,Trail,Oct,17
2022,1250,Trail,Nov,17
2022,1250,Trail,Dec,23
2022,1260,Grand Forks,Jan,15
2022,1260,Grand Forks,Feb,8
2022,1260,Grand Forks,Mar,19
2022,1260,Grand Forks,Apr,13
2022,1260,Grand Forks,May,16
2022,1260,Grand Forks,Jun,12
2022,1260,Grand Forks,Jul,13
2022,1260,Grand Forks,Aug,19
2022,1260,Grand Forks,Sep,9
2022,1260,Grand Forks,Oct,13
2022,1260,Grand Forks,Nov,17
2022,1260,Grand Forks,Dec,10
2022,1270,Kettle Valley,Jan,6
2022,1270,Kettle Valley,Feb,3
2022,1270,Kettle Valley,Mar,2
2022,1270,Kettle Valley,Apr,6
2022,1270,Kettle Valley,May,3
2022,1270,Kettle Valley,Jun,4
2022,1270,Kettle Valley,Jul,4
2022,1270,Kettle Valley,Aug,6
2022,1270,Kettle Valley,Sep,3
2022,1270,Kettle Valley,Oct,3
2022,1270,Kettle Valley,Nov,2
2022,1270,Kettle Valley,Dec,5
2022,1310,Southern Okanagan,Jan,36
2022,1310,Southern Okanagan,Feb,35
2022,1310,Southern Okanagan,Mar,30
2022,1310,Southern Okanagan,Apr,28
2022,1310,Southern Okanagan,May,28
2022,1310,Southern Okanagan,Jun,30
2022,1310,Southern Okanagan,Jul,30
2022,1310,Southern Okanagan,Aug,19
2022,1310,Southern Okanagan,Sep,30
2022,1310,Southern Okanagan,Oct,26
2022,1310,Southern Okanagan,Nov,34
2022,1310,Southern Okanagan,Dec,40
2022,1320,Penticton,Jan,60
2022,1320,Penticton,Feb,69
2022,1320,Penticton,Mar,56
2022,1320,Penticton,Apr,63
2022,1320,Penticton,May,74
2022,1320,Penticton,Jun,46
2022,1320,Penticton,Jul,46
2022,1320,Penticton,Aug,49
2022,1320,Penticton,Sep,65
2022,1320,Penticton,Oct,66
2022,1320,Penticton,Nov,72
2022,1320,Penticton,Dec,80
2022,1330,Keremeos,Jan,8
2022,1330,Keremeos,Feb,5
2022,1330,Keremeos,Mar,11
2022,1330,Keremeos,Apr,5
2022,1330,Keremeos,May,8
2022,1330,Keremeos,Jun,12
2022,1330,Keremeos,Jul,10
2022,1330,Keremeos,Aug,12
2022,1330,Keremeos,Sep,8
2022,1330,Keremeos,Oct,2
2022,1330,Keremeos,Nov,10
2022,1330,Keremeos,Dec,12
2022,1340,Princeton,Jan,7
2022,1340,Princeton,Feb,11
2022,1340,Princeton,Mar,9
2022,1340,Princeton,Apr,8
2022,1340,Princeton,May,5
2022,1340,Princeton,Jun,4
2022,1340,Princeton,Jul,5
2022,1340,Princeton,Aug,3
2022,1340,Princeton,Sep,6
2022,1340,Princeton,Oct,7
2022,1340,Princeton,Nov,4
2022,1340,Princeton,Dec,6
2022,1350,Armstrong/Spallumcheen,Jan,12
2022,1350,Armstrong/Spallumcheen,Feb,5
2022,1350,Armstrong/Spallumcheen,Mar,6
2022,1350,Armstrong/Spallumcheen,Apr,8
2022,1350,Armstrong/Spallumcheen,May,11
2022,1350,Armstrong/Spallumcheen,Jun,12
2022,1350,Armstrong/Spallumcheen,Jul,11
2022,1350,Armstrong/Spallumcheen,Aug,12
2022,1350,Armstrong/Spallumcheen,Sep,9
2022,1350,Armstrong/Spallumcheen,Oct,11
2022,1350,Armstrong/Spallumcheen,Nov,7
2022,1350,Armstrong/Spallumcheen,Dec,12
2022,1361,Vernon Centre/Coldstream,Jan,93
2022,1361,Vernon Centre/Coldstream,Feb,66
2022,1361,Vernon Centre/Coldstream,Mar,56
2022,1361,Vernon Centre/Coldstream,Apr,74
2022,1361,Vernon Centre/Coldstream,May,68
2022,1361,Vernon Centre/Coldstream,Jun,70
2022,1361,Vernon Centre/Coldstream,Jul,68
2022,1361,Vernon Centre/Coldstream,Aug,72
2022,1361,Vernon Centre/Coldstream,Sep,48
2022,1361,Vernon Centre/Coldstream,Oct,81
2022,1361,Vernon Centre/Coldstream,Nov,77
2022,1361,Vernon Centre/Coldstream,Dec,73
2022,1362,North Okanagan/Lumby,Jan,20
2022,1362,North Okanagan/Lumby,Feb,12
2022,1362,North Okanagan/Lumby,Mar,17
2022,1362,North Okanagan/Lumby,Apr,10
2022,1362,North Okanagan/Lumby,May,13
2022,1362,North Okanagan/Lumby,Jun,15
2022,1362,North Okanagan/Lumby,Jul,13
2022,1362,North Okanagan/Lumby,Aug,15
2022,1362,North Okanagan/Lumby,Sep,10
2022,1362,North Okanagan/Lumby,Oct,18
2022,1362,North Okanagan/Lumby,Nov,14
2022,1362,North Okanagan/Lumby,Dec,17
2022,1371,Central Okanagan Rural West,Jan,9
2022,1371,Central Okanagan Rural West,Feb,10
2022,1371,Central Okanagan Rural West,Mar,6
2022,1371,Central Okanagan Rural West,Apr,3
2022,1371,Central Okanagan Rural West,May,6
2022,1371,Central Okanagan Rural West,Jun,6
2022,1371,Central Okanagan Rural West,Jul,9
2022,1371,Central Okanagan Rural West,Aug,5
2022,1371,Central Okanagan Rural West,Sep,7
2022,1371,Central Okanagan Rural West,Oct,3
2022,1371,Central Okanagan Rural West,Nov,6
2022,1371,Central Okanagan Rural West,Dec,9
2022,1372,West Kelowna,Jan,39
2022,1372,West Kelowna,Feb,37
2022,1372,West Kelowna,Mar,41
2022,1372,West Kelowna,Apr,35
2022,1372,West Kelowna,May,46
2022,1372,West Kelowna,Jun,32
2022,1372,West Kelowna,Jul,33
2022,1372,West Kelowna,Aug,39
2022,1372,West Kelowna,Sep,38
2022,1372,West Kelowna,Oct,38
2022,1372,West Kelowna,Nov,47
2022,1372,West Kelowna,Dec,47
2022,1373,Lake Country,Jan,6
2022,1373,Lake Country,Feb,9
2022,1373,Lake Country,Mar,10
2022,1373,Lake Country,Apr,12
2022,1373,Lake Country,May,14
2022,1373,Lake Country,Jun,7
2022,1373,Lake Country,Jul,5
2022,1373,Lake Country,Aug,10
2022,1373,Lake Country,Sep,5
2022,1373,Lake Country,Oct,5
2022,1373,Lake Country,Nov,4
2022,1373,Lake Country,Dec,8
2022,1374,Glenmore,Jan,35
2022,1374,Glenmore,Feb,24
2022,1374,Glenmore,Mar,24
2022,1374,Glenmore,Apr,26
2022,1374,Glenmore,May,22
2022,1374,Glenmore,Jun,26
2022,1374,Glenmore,Jul,32
2022,1374,Glenmore,Aug,27
2022,1374,Glenmore,Sep,18
2022,1374,Glenmore,Oct,40
2022,1374,Glenmore,Nov,30
2022,1374,Glenmore,Dec,31
2022,1375,Downtown Kelowna,Jan,64
2022,1375,Downtown Kelowna,Feb,56
2022,1375,Downtown Kelowna,Mar,50
2022,1375,Downtown Kelowna,Apr,59
2022,1375,Downtown Kelowna,May,64
2022,1375,Downtown Kelowna,Jun,55
2022,1375,Downtown Kelowna,Jul,63
2022,1375,Downtown Kelowna,Aug,50
2022,1375,Downtown Kelowna,Sep,49
2022,1375,Downtown Kelowna,Oct,59
2022,1375,Downtown Kelowna,Nov,86
2022,1375,Downtown Kelowna,Dec,61
2022,1376,Rutland,Jan,35
2022,1376,Rutland,Feb,40
2022,1376,Rutland,Mar,35
2022,1376,Rutland,Apr,25
2022,1376,Rutland,May,23
2022,1376,Rutland,Jun,26
2022,1376,Rutland,Jul,18
2022,1376,Rutland,Aug,27
2022,1376,Rutland,Sep,28
2022,1376,Rutland,Oct,28
2022,1376,Rutland,Nov,36
2022,1376,Rutland,Dec,37
2022,1377,Okanagan Mission,Jan,18
2022,1377,Okanagan Mission,Feb,14
2022,1377,Okanagan Mission,Mar,26
2022,1377,Okanagan Mission,Apr,14
2022,1377,Okanagan Mission,May,20
2022,1377,Okanagan Mission,Jun,12
2022,1377,Okanagan Mission,Jul,12
2022,1377,Okanagan Mission,Aug,16
2022,1377,Okanagan Mission,Sep,9
2022,1377,Okanagan Mission,Oct,19
2022,1377,Okanagan Mission,Nov,13
2022,1377,Okanagan Mission,Dec,10
2022,1378,Central Okanagan Rural East,Jan,1
2022,1378,Central Okanagan Rural East,Feb,0
2022,1378,Central Okanagan Rural East,Mar,0
2022,1378,Central Okanagan Rural East,Apr,2
2022,1378,Central Okanagan Rural East,May,0
2022,1378,Central Okanagan Rural East,Jun,1
2022,1378,Central Okanagan Rural East,Jul,2
2022,1378,Central Okanagan Rural East,Aug,2
2022,1378,Central Okanagan Rural East,Sep,1
2022,1378,Central Okanagan Rural East,Oct,1
2022,1378,Central Okanagan Rural East,Nov,0
2022,1378,Central Okanagan Rural East,Dec,0
2022,1380,Summerland,Jan,14
2022,1380,Summerland,Feb,15
2022,1380,Summerland,Mar,12
2022,1380,Summerland,Apr,14
2022,1380,Summerland,May,14
2022,1380,Summerland,Jun,14
2022,1380,Summerland,Jul,19
2022,1380,Summerland,Aug,17
2022,1380,Summerland,Sep,15
2022,1380,Summerland,Oct,9
2022,1380,Summerland,Nov,24
2022,1380,Summerland,Dec,16
2022,1390,Enderby,Jan,8
2022,1390,Enderby,Feb,7
2022,1390,Enderby,Mar,5
2022,1390,Enderby,Apr,7
2022,1390,Enderby,May,7
2022,1390,Enderby,Jun,8
2022,1390,Enderby,Jul,17
2022,1390,Enderby,Aug,4
2022,1390,Enderby,Sep,11
2022,1390,Enderby,Oct,10
2022,1390,Enderby,Nov,9
2022,1390,Enderby,Dec,8
2022,1410,Revelstoke,Jan,8
2022,1410,Revelstoke,Feb,8
2022,1410,Revelstoke,Mar,1
2022,1410,Revelstoke,Apr,3
2022,1410,Revelstoke,May,3
2022,1410,Revelstoke,Jun,5
2022,1410,Revelstoke,Jul,8
2022,1410,Revelstoke,Aug,6
2022,1410,Revelstoke,Sep,1
2022,1410,Revelstoke,Oct,6
2022,1410,Revelstoke,Nov,6
2022,1410,Revelstoke,Dec,2
2022,1420,Salmon Arm,Jan,44
2022,1420,Salmon Arm,Feb,39
2022,1420,Salmon Arm,Mar,33
2022,1420,Salmon Arm,Apr,49
2022,1420,Salmon Arm,May,47
2022,1420,Salmon Arm,Jun,40
2022,1420,Salmon Arm,Jul,47
2022,1420,Salmon Arm,Aug,41
2022,1420,Salmon Arm,Sep,40
2022,1420,Salmon Arm,Oct,46
2022,1420,Salmon Arm,Nov,49
2022,1420,Salmon Arm,Dec,49
2022,1431,Kamloops Centre North,Jan,66
2022,1431,Kamloops Centre North,Feb,60
2022,1431,Kamloops Centre North,Mar,51
2022,1431,Kamloops Centre North,Apr,52
2022,1431,Kamloops Centre North,May,58
2022,1431,Kamloops Centre North,Jun,54
2022,1431,Kamloops Centre North,Jul,49
2022,1431,Kamloops Centre North,Aug,52
2022,1431,Kamloops Centre North,Sep,56
2022,1431,Kamloops Centre North,Oct,57
2022,1431,Kamloops Centre North,Nov,56
2022,1431,Kamloops Centre North,Dec,73
2022,1432,Kamloops Centre South,Jan,51
2022,1432,Kamloops Centre South,Feb,35
2022,1432,Kamloops Centre South,Mar,37
2022,1432,Kamloops Centre South,Apr,36
2022,1432,Kamloops Centre South,May,53
2022,1432,Kamloops Centre South,Jun,30
2022,1432,Kamloops Centre South,Jul,41
2022,1432,Kamloops Centre South,Aug,40
2022,1432,Kamloops Centre South,Sep,36
2022,1432,Kamloops Centre South,Oct,50
2022,1432,Kamloops Centre South,Nov,43
2022,1432,Kamloops Centre South,Dec,41
2022,1433,Lower Thompson,Jan,23
2022,1433,Lower Thompson,Feb,24
2022,1433,Lower Thompson,Mar,17
2022,1433,Lower Thompson,Apr,28
2022,1433,Lower Thompson,May,25
2022,1433,Lower Thompson,Jun,17
2022,1433,Lower Thompson,Jul,25
2022,1433,Lower Thompson,Aug,21
2022,1433,Lower Thompson,Sep,15
2022,1433,Lower Thompson,Oct,19
2022,1433,Lower Thompson,Nov,21
2022,1433,Lower Thompson,Dec,23
2022,1440,100 Mile House,Jan,24
2022,1440,100 Mile House,Feb,19
2022,1440,100 Mile House,Mar,17
2022,1440,100 Mile House,Apr,19
2022,1440,100 Mile House,May,18
2022,1440,100 Mile House,Jun,14
2022,1440,100 Mile House,Jul,19
2022,1440,100 Mile House,Aug,17
2022,1440,100 Mile House,Sep,17
2022,1440,100 Mile House,Oct,15
2022,1440,100 Mile House,Nov,13
2022,1440,100 Mile House,Dec,18
2022,1450,North Thompson,Jan,3
2022,1450,North Thompson,Feb,6
2022,1450,North Thompson,Mar,9
2022,1450,North Thompson,Apr,4
2022,1450,North Thompson,May,7
2022,1450,North Thompson,Jun,7
2022,1450,North Thompson,Jul,4
2022,1450,North Thompson,Aug,3
2022,1450,North Thompson,Sep,7
2022,1450,North Thompson,Oct,4
2022,1450,North Thompson,Nov,3
2022,1450,North Thompson,Dec,3
2022,1461,West Cariboo,Jan,5
2022,1461,West Cariboo,Feb,0
2022,1461,West Cariboo,Mar,2
2022,1461,West Cariboo,Apr,5
2022,1461,West Cariboo,May,3
2022,1461,West Cariboo,Jun,3
2022,1461,West Cariboo,Jul,4
2022,1461,West Cariboo,Aug,4
2022,1461,West Cariboo,Sep,2
2022,1461,West Cariboo,Oct,2
2022,1461,West Cariboo,Nov,5
2022,1461,West Cariboo,Dec,1
2022,1462,Williams Lake/East Cariboo,Jan,22
2022,1462,Williams Lake/East Cariboo,Feb,27
2022,1462,Williams Lake/East Cariboo,Mar,36
2022,1462,Williams Lake/East Cariboo,Apr,21
2022,1462,Williams Lake/East Cariboo,May,21
2022,1462,Williams Lake/East Cariboo,Jun,18
2022,1462,Williams Lake/East Cariboo,Jul,20
2022,1462,Williams Lake/East Cariboo,Aug,24
2022,1462,Williams Lake/East Cariboo,Sep,24
2022,1462,Williams Lake/East Cariboo,Oct,28
2022,1462,Williams Lake/East Cariboo,Nov,26
2022,1462,Williams Lake/East Cariboo,Dec,33
2022,1470,Lillooet,Jan,3
2022,1470,Lillooet,Feb,5
2022,1470,Lillooet,Mar,11
2022,1470,Lillooet,Apr,4
2022,1470,Lillooet,May,2
2022,1470,Lillooet,Jun,6
2022,1470,Lillooet,Jul,4
2022,1470,Lillooet,Aug,8
2022,1470,Lillooet,Sep,4
2022,1470,Lillooet,Oct,4
2022,1470,Lillooet,Nov,8
2022,1470,Lillooet,Dec,10
2022,1480,South Cariboo,Jan,13
2022,1480,South Cariboo,Feb,11
2022,1480,South Cariboo,Mar,8
2022,1480,South Cariboo,Apr,12
2022,1480,South Cariboo,May,7
2022,1480,South Cariboo,Jun,6
2022,1480,South Cariboo,Jul,8
2022,1480,South Cariboo,Aug,11
2022,1480,South Cariboo,Sep,3
2022,1480,South Cariboo,Oct,8
2022,1480,South Cariboo,Nov,7
2022,1480,South Cariboo,Dec,11
2022,1490,Merritt,Jan,12
2022,1490,Merritt,Feb,14
2022,1490,Merritt,Mar,11
2022,1490,Merritt,Apr,12
2022,1490,Merritt,May,19
2022,1490,Merritt,Jun,13
2022,1490,Merritt,Jul,13
2022,1490,Merritt,Aug,13
2022,1490,Merritt,Sep,12
2022,1490,Merritt,Oct,9
2022,1490,Merritt,Nov,11
2022,1490,Merritt,Dec,23
2022,2110,Hope,Jan,17
2022,2110,Hope,Feb,12
2022,2110,Hope,Mar,7
2022,2110,Hope,Apr,13
2022,2110,Hope,May,12
2022,2110,Hope,Jun,10
2022,2110,Hope,Jul,20
2022,2110,Hope,Aug,12
2022,2110,Hope,Sep,15
2022,2110,Hope,Oct,5
2022,2110,Hope,Nov,17
2022,2110,Hope,Dec,21
2022,2121,South Chilliwack,Jan,46
2022,2121,South Chilliwack,Feb,47
2022,2121,South Chilliwack,Mar,42
2022,2121,South Chilliwack,Apr,38
2022,2121,South Chilliwack,May,30
2022,2121,South Chilliwack,Jun,30
2022,2121,South Chilliwack,Jul,39
2022,2121,South Chilliwack,Aug,42
2022,2121,South Chilliwack,Sep,39
2022,2121,South Chilliwack,Oct,37
2022,2121,South Chilliwack,Nov,56
2022,2121,South Chilliwack,Dec,48
2022,2122,North Chilliwack,Jan,59
2022,2122,North Chilliwack,Feb,57
2022,2122,North Chilliwack,Mar,48
2022,2122,North Chilliwack,Apr,52
2022,2122,North Chilliwack,May,50
2022,2122,North Chilliwack,Jun,64
2022,2122,North Chilliwack,Jul,44
2022,2122,North Chilliwack,Aug,45
2022,2122,North Chilliwack,Sep,52
2022,2122,North Chilliwack,Oct,58
2022,2122,North Chilliwack,Nov,65
2022,2122,North Chilliwack,Dec,61
2022,2131,Central Abbotsford,Jan,52
2022,2131,Central Abbotsford,Feb,39
2022,2131,Central Abbotsford,Mar,33
2022,2131,Central Abbotsford,Apr,34
2022,2131,Central Abbotsford,May,47
2022,2131,Central Abbotsford,Jun,31
2022,2131,Central Abbotsford,Jul,42
2022,2131,Central Abbotsford,Aug,30
2022,2131,Central Abbotsford,Sep,35
2022,2131,Central Abbotsford,Oct,36
2022,2131,Central Abbotsford,Nov,38
2022,2131,Central Abbotsford,Dec,43
2022,2132,East Abbotsford,Jan,17
2022,2132,East Abbotsford,Feb,15
2022,2132,East Abbotsford,Mar,19
2022,2132,East Abbotsford,Apr,19
2022,2132,East Abbotsford,May,13
2022,2132,East Abbotsford,Jun,16
2022,2132,East Abbotsford,Jul,12
2022,2132,East Abbotsford,Aug,12
2022,2132,East Abbotsford,Sep,16
2022,2132,East Abbotsford,Oct,19
2022,2132,East Abbotsford,Nov,17
2022,2132,East Abbotsford,Dec,18
2022,2133,West Abbotsford,Jan,72
2022,2133,West Abbotsford,Feb,53
2022,2133,West Abbotsford,Mar,48
2022,2133,West Abbotsford,Apr,34
2022,2133,West Abbotsford,May,45
2022,2133,West Abbotsford,Jun,36
2022,2133,West Abbotsford,Jul,40
2022,2133,West Abbotsford,Aug,46
2022,2133,West Abbotsford,Sep,49
2022,2133,West Abbotsford,Oct,50
2022,2133,West Abbotsford,Nov,47
2022,2133,West Abbotsford,Dec,47
2022,2134,Abbotsford Rural,Jan,20
2022,2134,Abbotsford Rural,Feb,19
2022,2134,Abbotsford Rural,Mar,18
2022,2134,Abbotsford Rural,Apr,13
2022,2134,Abbotsford Rural,May,17
2022,2134,Abbotsford Rural,Jun,14
2022,2134,Abbotsford Rural,Jul,18
2022,2134,Abbotsford Rural,Aug,21
2022,2134,Abbotsford Rural,Sep,18
2022,2134,Abbotsford Rural,Oct,20
2022,2134,Abbotsford Rural,Nov,22
2022,2134,Abbotsford Rural,Dec,12
2022,2141,South Mission,Jan,28
2022,2141,South Mission,Feb,26
2022,2141,South Mission,Mar,44
2022,2141,South Mission,Apr,31
2022,2141,South Mission,May,36
2022,2141,South Mission,Jun,20
2022,2141,South Mission,Jul,29
2022,2141,South Mission,Aug,18
2022,2141,South Mission,Sep,11
2022,2141,South Mission,Oct,25
2022,2141,South Mission,Nov,28
2022,2141,South Mission,Dec,30
2022,2142,North Mission,Jan,14
2022,2142,North Mission,Feb,13
2022,2142,North Mission,Mar,9
2022,2142,North Mission,Apr,11
2022,2142,North Mission,May,6
2022,2142,North Mission,Jun,6
2022,2142,North Mission,Jul,11
2022,2142,North Mission,Aug,13
2022,2142,North Mission,Sep,16
2022,2142,North Mission,Oct,7
2022,2142,North Mission,Nov,8
2022,2142,North Mission,Dec,18
2022,2150,Agassiz/Harrison,Jan,14
2022,2150,Agassiz/Harrison,Feb,17
2022,2150,Agassiz/Harrison,Mar,7
2022,2150,Agassiz/Harrison,Apr,10
2022,2150,Agassiz/Harrison,May,10
2022,2150,Agassiz/Harrison,Jun,10
2022,2150,Agassiz/Harrison,Jul,12
2022,2150,Agassiz/Harrison,Aug,14
2022,2150,Agassiz/Harrison,Sep,16
2022,2150,Agassiz/Harrison,Oct,13
2022,2150,Agassiz/Harrison,Nov,10
2022,2150,Agassiz/Harrison,Dec,12
2022,2211,New Westminster - East,Jan,28
2022,2211,New Westminster - East,Feb,15
2022,2211,New Westminster - East,Mar,20
2022,2211,New Westminster - East,Apr,16
2022,2211,New Westminster - East,May,17
2022,2211,New Westminster - East,Jun,18
2022,2211,New Westminster - East,Jul,15
2022,2211,New Westminster - East,Aug,19
2022,2211,New Westminster - East,Sep,17
2022,2211,New Westminster - East,Oct,19
2022,2211,New Westminster - East,Nov,17
2022,2211,New Westminster - East,Dec,22
2022,2212,New Westminster - Central,Jan,14
2022,2212,New Westminster - Central,Feb,13
2022,2212,New Westminster - Central,Mar,21
2022,2212,New Westminster - Central,Apr,8
2022,2212,New Westminster - Central,May,17
2022,2212,New Westminster - Central,Jun,14
2022,2212,New Westminster - Central,Jul,10
2022,2212,New Westminster - Central,Aug,17
2022,2212,New Westminster - Central,Sep,14
2022,2212,New Westminster - Central,Oct,9
2022,2212,New Westminster - Central,Nov,19
2022,2212,New Westminster - Central,Dec,19
2022,2213,New Westminster - Downtown,Jan,15
2022,2213,New Westminster - Downtown,Feb,6
2022,2213,New Westminster - Downtown,Mar,9
2022,2213,New Westminster - Downtown,Apr,4
2022,2213,New Westminster - Downtown,May,5
2022,2213,New Westminster - Downtown,Jun,5
2022,2213,New Westminster - Downtown,Jul,7
2022,2213,New Westminster - Downtown,Aug,8
2022,2213,New Westminster - Downtown,Sep,6
2022,2213,New Westminster - Downtown,Oct,11
2022,2213,New Westminster - Downtown,Nov,4
2022,2213,New Westminster - Downtown,Dec,9
2022,2214,New Westminster - West/Queensborou,Jan,4
2022,2214,New Westminster - West/Queensborou,Feb,9
2022,2214,New Westminster - West/Queensborou,Mar,4
2022,2214,New Westminster - West/Queensborou,Apr,8
2022,2214,New Westminster - West/Queensborou,May,8
2022,2214,New Westminster - West/Queensborou,Jun,6
2022,2214,New Westminster - West/Queensborou,Jul,8
2022,2214,New Westminster - West/Queensborou,Aug,6
2022,2214,New Westminster - West/Queensborou,Sep,5
2022,2214,New Westminster - West/Queensborou,Oct,13
2022,2214,New Westminster - West/Queensborou,Nov,9
2022,2214,New Westminster - West/Queensborou,Dec,7
2022,2221,Burnaby Heights/Capital Hill,Jan,17
2022,2221,Burnaby Heights/Capital Hill,Feb,16
2022,2221,Burnaby Heights/Capital Hill,Mar,9
2022,2221,Burnaby Heights/Capital Hill,Apr,10
2022,2221,Burnaby Heights/Capital Hill,May,11
2022,2221,Burnaby Heights/Capital Hill,Jun,12
2022,2221,Burnaby Heights/Capital Hill,Jul,17
2022,2221,Burnaby Heights/Capital Hill,Aug,11
2022,2221,Burnaby Heights/Capital Hill,Sep,8
2022,2221,Burnaby Heights/Capital Hill,Oct,19
2022,2221,Burnaby Heights/Capital Hill,Nov,15
2022,2221,Burnaby Heights/Capital Hill,Dec,22
2022,2222,Brentwood/Willingdon/Parkcrest,Jan,15
2022,2222,Brentwood/Willingdon/Parkcrest,Feb,7
2022,2222,Brentwood/Willingdon/Parkcrest,Mar,9
2022,2222,Brentwood/Willingdon/Parkcrest,Apr,10
2022,2222,Brentwood/Willingdon/Parkcrest,May,11
2022,2222,Brentwood/Willingdon/Parkcrest,Jun,7
2022,2222,Brentwood/Willingdon/Parkcrest,Jul,13
2022,2222,Brentwood/Willingdon/Parkcrest,Aug,13
2022,2222,Brentwood/Willingdon/Parkcrest,Sep,16
2022,2222,Brentwood/Willingdon/Parkcrest,Oct,14
2022,2222,Brentwood/Willingdon/Parkcrest,Nov,8
2022,2222,Brentwood/Willingdon/Parkcrest,Dec,12
2022,2223,Westridge/Sperling/Gov't Road,Jan,15
2022,2223,Westridge/Sperling/Gov't Road,Feb,14
2022,2223,Westridge/Sperling/Gov't Road,Mar,13
2022,2223,Westridge/Sperling/Gov't Road,Apr,11
2022,2223,Westridge/Sperling/Gov't Road,May,8
2022,2223,Westridge/Sperling/Gov't Road,Jun,13
2022,2223,Westridge/Sperling/Gov't Road,Jul,13
2022,2223,Westridge/Sperling/Gov't Road,Aug,8
2022,2223,Westridge/Sperling/Gov't Road,Sep,11
2022,2223,Westridge/Sperling/Gov't Road,Oct,12
2022,2223,Westridge/Sperling/Gov't Road,Nov,16
2022,2223,Westridge/Sperling/Gov't Road,Dec,26
2022,2224,Burnaby Mountain/Lougheed,Jan,20
2022,2224,Burnaby Mountain/Lougheed,Feb,13
2022,2224,Burnaby Mountain/Lougheed,Mar,6
2022,2224,Burnaby Mountain/Lougheed,Apr,9
2022,2224,Burnaby Mountain/Lougheed,May,12
2022,2224,Burnaby Mountain/Lougheed,Jun,6
2022,2224,Burnaby Mountain/Lougheed,Jul,8
2022,2224,Burnaby Mountain/Lougheed,Aug,10
2022,2224,Burnaby Mountain/Lougheed,Sep,9
2022,2224,Burnaby Mountain/Lougheed,Oct,12
2022,2224,Burnaby Mountain/Lougheed,Nov,6
2022,2224,Burnaby Mountain/Lougheed,Dec,11
2023,1110,Fernie,Jan,12
2023,1110,Fernie,Feb,7
2023,1110,Fernie,Mar,8
2023,1110,Fernie,Apr,12
2023,1110,Fernie,May,6
2023,1110,Fernie,Jun,12
2023,1110,Fernie,Jul,9
2023,1110,Fernie,Aug,9
2023,1110,Fernie,Sep,14
2023,1110,Fernie,Oct,13
2023,1110,Fernie,Nov,7
2023,1110,Fernie,Dec,15
2023,1120,Cranbrook,Jan,31
2023,1120,Cranbrook,Feb,27
2023,1120,Cranbrook,Mar,25
2023,1120,Cranbrook,Apr,25
2023,1120,Cranbrook,May,29
2023,1120,Cranbrook,Jun,27
2023,1120,Cranbrook,Jul,22
2023,1120,Cranbrook,Aug,21
2023,1120,Cranbrook,Sep,30
2023,1120,Cranbrook,Oct,36
2023,1120,Cranbrook,Nov,32
2023,1120,Cranbrook,Dec,20
2023,1130,Kimberley,Jan,11
2023,1130,Kimberley,Feb,3
2023,1130,Kimberley,Mar,10
2023,1130,Kimberley,Apr,9
2023,1130,Kimberley,May,12
2023,1130,Kimberley,Jun,5
2023,1130,Kimberley,Jul,12
2023,1130,Kimberley,Aug,7
2023,1130,Kimberley,Sep,11
2023,1130,Kimberley,Oct,8
2023,1130,Kimberley,Nov,6
2023,1130,Kimberley,Dec,6
2023,1140,Windermere,Jan,7
2023,1140,Windermere,Feb,5
2023,1140,Windermere,Mar,10
2023,1140,Windermere,Apr,6
2023,1140,Windermere,May,8
2023,1140,Windermere,Jun,7
2023,1140,Windermere,Jul,11
2023,1140,Windermere,Aug,16
2023,1140,Windermere,Sep,16
2023,1140,Windermere,Oct,6
2023,1140,Windermere,Nov,6
2023,1140,Windermere,Dec,12
2023,1150,Creston,Jan,15
2023,1150,Creston,Feb,12
2023,1150,Creston,Mar,22
2023,1150,Creston,Apr,16
2023,1150,Creston,May,11
2023,1150,Creston,Jun,12
2023,1150,Creston,Jul,12
2023,1150,Creston,Aug,20
2023,1150,Creston,Sep,15
2023,1150,Creston,Oct,13
2023,1150,Creston,Nov,13
2023,1150,Creston,Dec,19
2023,1160,Golden,Jan,7
2023,1160,Golden,Feb,3
2023,1160,Golden,Mar,11
2023,1160,Golden,Apr,2
2023,1160,Golden,May,7
2023,1160,Golden,Jun,3
2023,1160,Golden,Jul,4
2023,1160,Golden,Aug,0
2023,1160,Golden,Sep,2
2023,1160,Golden,Oct,7
2023,1160,Golden,Nov,4
2023,1160,Golden,Dec,6
2023,1210,Kootenay Lake,Jan,3
2023,1210,Kootenay Lake,Feb,3
2023,1210,Kootenay Lake,Mar,5
2023,1210,Kootenay Lake,Apr,8
2023,1210,Kootenay Lake,May,2
2023,1210,Kootenay Lake,Jun,5
2023,1210,Kootenay Lake,Jul,3
2023,1210,Kootenay Lake,Aug,5
2023,1210,Kootenay Lake,Sep,4
2023,1210,Kootenay Lake,Oct,4
2023,1210,Kootenay Lake,Nov,3
2023,1210,Kootenay Lake,Dec,3
2023,1220,Nelson,Jan,28
2023,1220,Nelson,Feb,26
2023,1220,Nelson,Mar,25
2023,1220,Nelson,Apr,19
2023,1220,Nelson,May,25
2023,1220,Nelson,Jun,20
2023,1220,Nelson,Jul,23
2023,1220,Nelson,Aug,18
2023,1220,Nelson,Sep,25
2023,1220,Nelson,Oct,25
2023,1220,Nelson,Nov,17
2023,1220,Nelson,Dec,13
2023,1230,Castlegar,Jan,11
2023,1230,Castlegar,Feb,19
2023,1230,Castlegar,Mar,9
2023,1230,Castlegar,Apr,19
2023,1230,Castlegar,May,11
2023,1230,Castlegar,Jun,18
2023,1230,Castlegar,Jul,17
2023,1230,Castlegar,Aug,15
2023,1230,Castlegar,Sep,21
2023,1230,Castlegar,Oct,11
2023,1230,Castlegar,Nov,15
2023,1230,Castlegar,Dec,13
2023,1240,Arrow Lakes,Jan,6
2023,1240,Arrow Lakes,Feb,5
2023,1240,Arrow Lakes,Mar,3
2023,1240,Arrow Lakes,Apr,6
2023,1240,Arrow Lakes,May,8
2023,1240,Arrow Lakes,Jun,8
2023,1240,Arrow Lakes,Jul,3
2023,1240,Arrow Lakes,Aug,7
2023,1240,Arrow Lakes,Sep,8
2023,1240,Arrow Lakes,Oct,1
2023,1240,Arrow Lakes,Nov,4
2023,1240,Arrow Lakes,Dec,6
2023,1250,Trail,Jan,21
2023,1250,Trail,Feb,27
2023,1250,Trail,Mar,24
2023,1250,Trail,Apr,18
2023,1250,Trail,May,22
2023,1250,Trail,Jun,20
2023,1250,Trail,Jul,12
2023,1250,Trail,Aug,25
2023,1250,Trail,Sep,26
2023,1250,Trail,Oct,17
2023,1250,Trail,Nov,19
2023,1250,Trail,Dec,25
2023,1260,Grand Forks,Jan,15
2023,1260,Grand Forks,Feb,13
2023,1260,Grand Forks,Mar,18
2023,1260,Grand Forks,Apr,11
2023,1260,Grand Forks,May,16
2023,1260,Grand Forks,Jun,11
2023,1260,Grand Forks,Jul,7
2023,1260,Grand Forks,Aug,16
2023,1260,Grand Forks,Sep,8
2023,1260,Grand Forks,Oct,18
2023,1260,Grand Forks,Nov,14
2023,1260,Grand Forks,Dec,15
2023,1270,Kettle Valley,Jan,2
2023,1270,Kettle Valley,Feb,1
2023,1270,Kettle Valley,Mar,8
2023,1270,Kettle Valley,Apr,8
2023,1270,Kettle Valley,May,4
2023,1270,Kettle Valley,Jun,6
2023,1270,Kettle Valley,Jul,3
2023,1270,Kettle Valley,Aug,5
2023,1270,Kettle Valley,Sep,6
2023,1270,Kettle Valley,Oct,6
2023,1270,Kettle Valley,Nov,4
2023,1270,Kettle Valley,Dec,6
2023,1310,Southern Okanagan,Jan,32
2023,1310,Southern Okanagan,Feb,37
2023,1310,Southern Okanagan,Mar,27
2023,1310,Southern Okanagan,Apr,24
2023,1310,Southern Okanagan,May,25
2023,1310,Southern Okanagan,Jun,28
2023,1310,Southern Okanagan,Jul,28
2023,1310,Southern Okanagan,Aug,26
2023,1310,Southern Okanagan,Sep,24
2023,1310,Southern Okanagan,Oct,22
2023,1310,Southern Okanagan,Nov,37
2023,1310,Southern Okanagan,Dec,28
2023,1320,Penticton,Jan,66
2023,1320,Penticton,Feb,49
2023,1320,Penticton,Mar,58
2023,1320,Penticton,Apr,63
2023,1320,Penticton,May,61
2023,1320,Penticton,Jun,50
2023,1320,Penticton,Jul,56
2023,1320,Penticton,Aug,53
2023,1320,Penticton,Sep,48
2023,1320,Penticton,Oct,52
2023,1320,Penticton,Nov,49
2023,1320,Penticton,Dec,66
2023,1330,Keremeos,Jan,12
2023,1330,Keremeos,Feb,8
2023,1330,Keremeos,Mar,7
2023,1330,Keremeos,Apr,7
2023,1330,Keremeos,May,11
2023,1330,Keremeos,Jun,7
2023,1330,Keremeos,Jul,6
2023,1330,Keremeos,Aug,8
2023,1330,Keremeos,Sep,7
2023,1330,Keremeos,Oct,8
2023,1330,Keremeos,Nov,9
2023,1330,Keremeos,Dec,11
2023,1340,Princeton,Jan,6
2023,1340,Princeton,Feb,9
2023,1340,Princeton,Mar,9
2023,1340,Princeton,Apr,7
2023,1340,Princeton,May,6
2023,1340,Princeton,Jun,4
2023,1340,Princeton,Jul,2
2023,1340,Princeton,Aug,14
2023,1340,Princeton,Sep,3
2023,1340,Princeton,Oct,7
2023,1340,Princeton,Nov,5
2023,1340,Princeton,Dec,10
2023,1350,Armstrong/Spallumcheen,Jan,10
2023,1350,Armstrong/Spallumcheen,Feb,14
2023,1350,Armstrong/Spallumcheen,Mar,9
2023,1350,Armstrong/Spallumcheen,Apr,8
2023,1350,Armstrong/Spallumcheen,May,7
2023,1350,Armstrong/Spallumcheen,Jun,13
2023,1350,Armstrong/Spallumcheen,Jul,15
2023,1350,Armstrong/Spallumcheen,Aug,12
2023,1350,Armstrong/Spallumcheen,Sep,12
2023,1350,Armstrong/Spallumcheen,Oct,9
2023,1350,Armstrong/Spallumcheen,Nov,10
2023,1350,Armstrong/Spallumcheen,Dec,17
2023,1361,Vernon Centre/Coldstream,Jan,78
2023,1361,Vernon Centre/Coldstream,Feb,57
2023,1361,Vernon Centre/Coldstream,Mar,77
2023,1361,Vernon Centre/Coldstream,Apr,59
2023,1361,Vernon Centre/Coldstream,May,67
2023,1361,Vernon Centre/Coldstream,Jun,57
2023,1361,Vernon Centre/Coldstream,Jul,63
2023,1361,Vernon Centre/Coldstream,Aug,62
2023,1361,Vernon Centre/Coldstream,Sep,57
2023,1361,Vernon Centre/Coldstream,Oct,64
2023,1361,Vernon Centre/Coldstream,Nov,71
2023,1361,Vernon Centre/Coldstream,Dec,75
2023,1362,North Okanagan/Lumby,Jan,15
2023,1362,North Okanagan/Lumby,Feb,16
2023,1362,North Okanagan/Lumby,Mar,11
2023,1362,North Okanagan/Lumby,Apr,12
2023,1362,North Okanagan/Lumby,May,12
2023,1362,North Okanagan/Lumby,Jun,10
2023,1362,North Okanagan/Lumby,Jul,10
2023,1362,North Okanagan/Lumby,Aug,10
2023,1362,North Okanagan/Lumby,Sep,11
2023,1362,North Okanagan/Lumby,Oct,15
2023,1362,North Okanagan/Lumby,Nov,16
2023,1362,North Okanagan/Lumby,Dec,11
2023,1371,Central Okanagan Rural West,Jan,9
2023,1371,Central Okanagan Rural West,Feb,10
2023,1371,Central Okanagan Rural West,Mar,5
2023,1371,Central Okanagan Rural West,Apr,4
2023,1371,Central Okanagan Rural West,May,4
2023,1371,Central Okanagan Rural West,Jun,6
2023,1371,Central Okanagan Rural West,Jul,4
2023,1371,Central Okanagan Rural West,Aug,4
2023,1371,Central Okanagan Rural West,Sep,3
2023,1371,Central Okanagan Rural West,Oct,7
2023,1371,Central Okanagan Rural West,Nov,4
2023,1371,Central Okanagan Rural West,Dec,5
2023,1372,West Kelowna,Jan,41
2023,1372,West Kelowna,Feb,57
2023,1372,West Kelowna,Mar,42
2023,1372,West Kelowna,Apr,33
2023,1372,West Kelowna,May,34
2023,1372,West Kelowna,Jun,38
2023,1372,West Kelowna,Jul,37
2023,1372,West Kelowna,Aug,38
2023,1372,West Kelowna,Sep,34
2023,1372,West Kelowna,Oct,44
2023,1372,West Kelowna,Nov,40
2023,1372,West Kelowna,Dec,46
2023,1373,Lake Country,Jan,5
2023,1373,Lake Country,Feb,12
2023,1373,Lake Country,Mar,14
2023,1373,Lake Country,Apr,11
2023,1373,Lake Country,May,5
2023,1373,Lake Country,Jun,7
2023,1373,Lake Country,Jul,10
2023,1373,Lake Country,Aug,10
2023,1373,Lake Country,Sep,9
2023,1373,Lake Country,Oct,14
2023,1373,Lake Country,Nov,11
2023,1373,Lake Country,Dec,7
2023,1374,Glenmore,Jan,30
2023,1374,Glenmore,Feb,18
2023,1374,Glenmore,Mar,32
2023,1374,Glenmore,Apr,21
2023,1374,Glenmore,May,24
2023,1374,Glenmore,Jun,22
2023,1374,Glenmore,Jul,29
2023,1374,Glenmore,Aug,29
2023,1374,Glenmore,Sep,27
2023,1374,Glenmore,Oct,36
2023,1374,Glenmore,Nov,29
2023,1374,Glenmore,Dec,35
2023,1375,Downtown Kelowna,Jan,60
2023,1375,Downtown Kelowna,Feb,39
2023,1375,Downtown Kelowna,Mar,67
2023,1375,Downtown Kelowna,Apr,63
2023,1375,Downtown Kelowna,May,66
2023,1375,Downtown Kelowna,Jun,50
2023,1375,Downtown Kelowna,Jul,52
2023,1375,Downtown Kelowna,Aug,57
2023,1375,Downtown Kelowna,Sep,58
2023,1375,Downtown Kelowna,Oct,57
2023,1375,Downtown Kelowna,Nov,64
2023,1375,Downtown Kelowna,Dec,52
2023,1376,Rutland,Jan,34
2023,1376,Rutland,Feb,26
2023,1376,Rutland,Mar,29
2023,1376,Rutland,Apr,44
2023,1376,Rutland,May,20
2023,1376,Rutland,Jun,24
2023,1376,Rutland,Jul,27
2023,1376,Rutland,Aug,30
2023,1376,Rutland,Sep,23
2023,1376,Rutland,Oct,32
2023,1376,Rutland,Nov,28
2023,1376,Rutland,Dec,34
2023,1377,Okanagan Mission,Jan,19
2023,1377,Okanagan Mission,Feb,9
2023,1377,Okanagan Mission,Mar,23
2023,1377,Okanagan Mission,Apr,20
2023,1377,Okanagan Mission,May,6
2023,1377,Okanagan Mission,Jun,19
2023,1377,Okanagan Mission,Jul,13
2023,1377,Okanagan Mission,Aug,17
2023,1377,Okanagan Mission,Sep,8
2023,1377,Okanagan Mission,Oct,14
2023,1377,Okanagan Mission,Nov,14
2023,1377,Okanagan Mission,Dec,16
2023,1378,Central Okanagan Rural East,Jan,0
2023,1378,Central Okanagan Rural East,Feb,0
2023,1378,Central Okanagan Rural East,Mar,0
2023,1378,Central Okanagan Rural East,Apr,1
2023,1378,Central Okanagan Rural East,May,0
2023,1378,Central Okanagan Rural East,Jun,0
2023,1378,Central Okanagan Rural East,Jul,1
2023,1378,Central Okanagan Rural East,Aug,1
2023,1378,Central Okanagan Rural East,Sep,2
2023,1378,Central Okanagan Rural East,Oct,1
2023,1378,Central Okanagan Rural East,Nov,0
2023,1378,Central Okanagan Rural East,Dec,0
2023,1380,Summerland,Jan,10
2023,1380,Summerland,Feb,13
2023,1380,Summerland,Mar,17
2023,1380,Summerland,Apr,18
2023,1380,Summerland,May,13
2023,1380,Summerland,Jun,12
2023,1380,Summerland,Jul,13
2023,1380,Summerland,Aug,10
2023,1380,Summerland,Sep,5
2023,1380,Summerland,Oct,13
2023,1380,Summerland,Nov,16
2023,1380,Summerland,Dec,10
2023,1390,Enderby,Jan,10
2023,1390,Enderby,Feb,14
2023,1390,Enderby,Mar,9
2023,1390,Enderby,Apr,5
2023,1390,Enderby,May,7
2023,1390,Enderby,Jun,14
2023,1390,Enderby,Jul,7
2023,1390,Enderby,Aug,6
2023,1390,Enderby,Sep,9
2023,1390,Enderby,Oct,10
2023,1390,Enderby,Nov,10
2023,1390,Enderby,Dec,10
2023,1410,Revelstoke,Jan,10
2023,1410,Revelstoke,Feb,3
2023,1410,Revelstoke,Mar,7
2023,1410,Revelstoke,Apr,2
2023,1410,Revelstoke,May,6
2023,1410,Revelstoke,Jun,3
2023,1410,Revelstoke,Jul,8
2023,1410,Revelstoke,Aug,4
2023,1410,Revelstoke,Sep,7
2023,1410,Revelstoke,Oct,7
2023,1410,Revelstoke,Nov,2
2023,1410,Revelstoke,Dec,8
2023,1420,Salmon Arm,Jan,41
2023,1420,Salmon Arm,Feb,48
2023,1420,Salmon Arm,Mar,48
2023,1420,Salmon Arm,Apr,43
2023,1420,Salmon Arm,May,52
2023,1420,Salmon Arm,Jun,39
2023,1420,Salmon Arm,Jul,41
2023,1420,Salmon Arm,Aug,40
2023,1420,Salmon Arm,Sep,49
2023,1420,Salmon Arm,Oct,46
2023,1420,Salmon Arm,Nov,37
2023,1420,Salmon Arm,Dec,40
2023,1431,Kamloops Centre North,Jan,63
2023,1431,Kamloops Centre North,Feb,48
2023,1431,Kamloops Centre North,Mar,54
2023,1431,Kamloops Centre North,Apr,45
2023,1431,Kamloops Centre North,May,58
2023,1431,Kamloops Centre North,Jun,63
2023,1431,Kamloops Centre North,Jul,63
2023,1431,Kamloops Centre North,Aug,51
2023,1431,Kamloops Centre North,Sep,65
2023,1431,Kamloops Centre North,Oct,45
2023,1431,Kamloops Centre North,Nov,54
2023,1431,Kamloops Centre North,Dec,57
2023,1432,Kamloops Centre South,Jan,48
2023,1432,Kamloops Centre South,Feb,48
2023,1432,Kamloops Centre South,Mar,31
2023,1432,Kamloops Centre South,Apr,42
2023,1432,Kamloops Centre South,May,52
2023,1432,Kamloops Centre South,Jun,33
2023,1432,Kamloops Centre South,Jul,36
2023,1432,Kamloops Centre South,Aug,41
2023,1432,Kamloops Centre South,Sep,40
2023,1432,Kamloops Centre South,Oct,54
2023,1432,Kamloops Centre South,Nov,23
2023,1432,Kamloops Centre South,Dec,50
2023,1433,Lower Thompson,Jan,23
2023,1433,Lower Thompson,Feb,21
2023,1433,Lower Thompson,Mar,18
2023,1433,Lower Thompson,Apr,20
2023,1433,Lower Thompson,May,21
2023,1433,Lower Thompson,Jun,18
2023,1433,Lower Thompson,Jul,15
2023,1433,Lower Thompson,Aug,14
2023,1433,Lower Thompson,Sep,12
2023,1433,Lower Thompson,Oct,25
2023,1433,Lower Thompson,Nov,29
2023,1433,Lower Thompson,Dec,18
2023,1440,100 Mile House,Jan,10
2023,1440,100 Mile House,Feb,16
2023,1440,100 Mile House,Mar,16
2023,1440,100 Mile House,Apr,8
2023,1440,100 Mile House,May,17
2023,1440,100 Mile House,Jun,22
2023,1440,100 Mile House,Jul,15
2023,1440,100 Mile House,Aug,12
2023,1440,100 Mile House,Sep,18
2023,1440,100 Mile House,Oct,19
2023,1440,100 Mile House,Nov,17
2023,1440,100 Mile House,Dec,20
2023,1450,North Thompson,Jan,10
2023,1450,North Thompson,Feb,4
2023,1450,North Thompson,Mar,1
2023,1450,North Thompson,Apr,3
2023,1450,North Thompson,May,3
2023,1450,North Thompson,Jun,4
2023,1450,North Thompson,Jul,9
2023,1450,North Thompson,Aug,3
2023,1450,North Thompson,Sep,7
2023,1450,North Thompson,Oct,6
2023,1450,North Thompson,Nov,8
2023,1450,North Thompson,Dec,6
2023,1461,West Cariboo,Jan,4
2023,1461,West Cariboo,Feb,1
2023,1461,West Cariboo,Mar,8
2023,1461,West Cariboo,Apr,3
2023,1461,West Cariboo,May,2
2023,1461,West Cariboo,Jun,3
2023,1461,West Cariboo,Jul,5
2023,1461,West Cariboo,Aug,1
2023,1461,West Cariboo,Sep,2
2023,1461,West Cariboo,Oct,3
2023,1461,West Cariboo,Nov,1
2023,1461,West Cariboo,Dec,1
2023,1462,Williams Lake/East Cariboo,Jan,31
2023,1462,Williams Lake/East Cariboo,Feb,20
2023,1462,Williams Lake/East Cariboo,Mar,14
2023,1462,Williams Lake/East Cariboo,Apr,15
2023,1462,Williams Lake/East Cariboo,May,16
2023,1462,Williams Lake/East Cariboo,Jun,18
2023,1462,Williams Lake/East Cariboo,Jul,19
2023,1462,Williams Lake/East Cariboo,Aug,17
2023,1462,Williams Lake/East Cariboo,Sep,19
2023,1462,Williams Lake/East Cariboo,Oct,22
2023,1462,Williams Lake/East Cariboo,Nov,22
2023,1462,Williams Lake/East Cariboo,Dec,20
2023,1470,Lillooet,Jan,3
2023,1470,Lillooet,Feb,6
2023,1470,Lillooet,Mar,4
2023,1470,Lillooet,Apr,1
2023,1470,Lillooet,May,4
2023,1470,Lillooet,Jun,6
2023,1470,Lillooet,Jul,2
2023,1470,Lillooet,Aug,5
2023,1470,Lillooet,Sep,3
2023,1470,Lillooet,Oct,0
2023,1470,Lillooet,Nov,4
2023,1470,Lillooet,Dec,8
2023,1480,South Cariboo,Jan,12
2023,1480,South Cariboo,Feb,6
2023,1480,South Cariboo,Mar,9
2023,1480,South Cariboo,Apr,10
2023,1480,South Cariboo,May,9
2023,1480,South Cariboo,Jun,11
2023,1480,South Cariboo,Jul,6
2023,1480,South Cariboo,Aug,10
2023,1480,South Cariboo,Sep,4
2023,1480,South Cariboo,Oct,6
2023,1480,South Cariboo,Nov,8
2023,1480,South Cariboo,Dec,7
2023,1490,Merritt,Jan,16
2023,1490,Merritt,Feb,15
2023,1490,Merritt,Mar,21
2023,1490,Merritt,Apr,8
2023,1490,Merritt,May,11
2023,1490,Merritt,Jun,14
2023,1490,Merritt,Jul,13
2023,1490,Merritt,Aug,13
2023,1490,Merritt,Sep,17
2023,1490,Merritt,Oct,14
2023,1490,Merritt,Nov,6
2023,1490,Merritt,Dec,13
2023,2110,Hope,Jan,18
2023,2110,Hope,Feb,11
2023,2110,Hope,Mar,15
2023,2110,Hope,Apr,13
2023,2110,Hope,May,6
2023,2110,Hope,Jun,16
2023,2110,Hope,Jul,11
2023,2110,Hope,Aug,13
2023,2110,Hope,Sep,11
2023,2110,Hope,Oct,9
2023,2110,Hope,Nov,9
2023,2110,Hope,Dec,16
2023,2121,South Chilliwack,Jan,42
2023,2121,South Chilliwack,Feb,41
2023,2121,South Chilliwack,Mar,34
2023,2121,South Chilliwack,Apr,38
2023,2121,South Chilliwack,May,46
2023,2121,South Chilliwack,Jun,34
2023,2121,South Chilliwack,Jul,34
2023,2121,South Chilliwack,Aug,44
2023,2121,South Chilliwack,Sep,34
2023,2121,South Chilliwack,Oct,56
2023,2121,South Chilliwack,Nov,46
2023,2121,South Chilliwack,Dec,31
2023,2122,North Chilliwack,Jan,56
2023,2122,North Chilliwack,Feb,46
2023,2122,North Chilliwack,Mar,52
2023,2122,North Chilliwack,Apr,41
2023,2122,North Chilliwack,May,52
2023,2122,North Chilliwack,Jun,45
2023,2122,North Chilliwack,Jul,38
2023,2122,North Chilliwack,Aug,52
2023,2122,North Chilliwack,Sep,44
2023,2122,North Chilliwack,Oct,53
2023,2122,North Chilliwack,Nov,52
2023,2122,North Chilliwack,Dec,43
2023,2131,Central Abbotsford,Jan,26
2023,2131,Central Abbotsford,Feb,31
2023,2131,Central Abbotsford,Mar,40
2023,2131,Central Abbotsford,Apr,43
2023,2131,Central Abbotsford,May,31
2023,2131,Central Abbotsford,Jun,30
2023,2131,Central Abbotsford,Jul,27
2023,2131,Central Abbotsford,Aug,31
2023,2131,Central Abbotsford,Sep,35
2023,2131,Central Abbotsford,Oct,30
2023,2131,Central Abbotsford,Nov,29
2023,2131,Central Abbotsford,Dec,51
2023,2132,East Abbotsford,Jan,13
2023,2132,East Abbotsford,Feb,13
2023,2132,East Abbotsford,Mar,9
2023,2132,East Abbotsford,Apr,20
2023,2132,East Abbotsford,May,19
2023,2132,East Abbotsford,Jun,18
2023,2132,East Abbotsford,Jul,16
2023,2132,East Abbotsford,Aug,14
2023,2132,East Abbotsford,Sep,18
2023,2132,East Abbotsford,Oct,13
2023,2132,East Abbotsford,Nov,16
2023,2132,East Abbotsford,Dec,16
2023,2133,West Abbotsford,Jan,40
2023,2133,West Abbotsford,Feb,45
2023,2133,West Abbotsford,Mar,48
2023,2133,West Abbotsford,Apr,56
2023,2133,West Abbotsford,May,52
2023,2133,West Abbotsford,Jun,59
2023,2133,West Abbotsford,Jul,56
2023,2133,West Abbotsford,Aug,39
2023,2133,West Abbotsford,Sep,49
2023,2133,West Abbotsford,Oct,42
2023,2133,West Abbotsford,Nov,51
2023,2133,West Abbotsford,Dec,36
2023,2134,Abbotsford Rural,Jan,21
2023,2134,Abbotsford Rural,Feb,13
2023,2134,Abbotsford Rural,Mar,11
2023,2134,Abbotsford Rural,Apr,12
2023,2134,Abbotsford Rural,May,15
2023,2134,Abbotsford Rural,Jun,16
2023,2134,Abbotsford Rural,Jul,19
2023,2134,Abbotsford Rural,Aug,16
2023,2134,Abbotsford Rural,Sep,18
2023,2134,Abbotsford Rural,Oct,20
2023,2134,Abbotsford Rural,Nov,22
2023,2134,Abbotsford Rural,Dec,10
2023,2141,South Mission,Jan,25
2023,2141,South Mission,Feb,33
2023,2141,South Mission,Mar,24
2023,2141,South Mission,Apr,23
2023,2141,South Mission,May,21
2023,2141,South Mission,Jun,20
2023,2141,South Mission,Jul,25
2023,2141,South Mission,Aug,23
2023,2141,South Mission,Sep,19
2023,2141,South Mission,Oct,31
2023,2141,South Mission,Nov,37
2023,2141,South Mission,Dec,25
2023,2142,North Mission,Jan,11
2023,2142,North Mission,Feb,7
2023,2142,North Mission,Mar,11
2023,2142,North Mission,Apr,14
2023,2142,North Mission,May,5
2023,2142,North Mission,Jun,12
2023,2142,North Mission,Jul,5
2023,2142,North Mission,Aug,8
2023,2142,North Mission,Sep,6
2023,2142,North Mission,Oct,12
2023,2142,North Mission,Nov,14
2023,2142,North Mission,Dec,15
2023,2150,Agassiz/Harrison,Jan,17
2023,2150,Agassiz/Harrison,Feb,9
2023,2150,Agassiz/Harrison,Mar,13
2023,2150,Agassiz/Harrison,Apr,13
2023,2150,Agassiz/Harrison,May,10
2023,2150,Agassiz/Harrison,Jun,8
2023,2150,Agassiz/Harrison,Jul,10
2023,2150,Agassiz/Harrison,Aug,10
2023,2150,Agassiz/Harrison,Sep,14
2023,2150,Agassiz/Harrison,Oct,6
2023,2150,Agassiz/Harrison,Nov,22
2023,2150,Agassiz/Harrison,Dec,10
2023,2211,New Westminster - East,Jan,23
2023,2211,New Westminster - East,Feb,23
2023,2211,New Westminster - East,Mar,18
2023,2211,New Westminster - East,Apr,21
2023,2211,New Westminster - East,May,20
2023,2211,New Westminster - East,Jun,18
2023,2211,New Westminster - East,Jul,21
2023,2211,New Westminster - East,Aug,15
2023,2211,New Westminster - East,Sep,18
2023,2211,New Westminster - East,Oct,21
2023,2211,New Westminster - East,Nov,21
2023,2211,New Westminster - East,Dec,22
2023,2212,New Westminster - Central,Jan,17
2023,2212,New Westminster - Central,Feb,14
2023,2212,New Westminster - Central,Mar,18
2023,2212,New Westminster - Central,Apr,16
2023,2212,New Westminster - Central,May,12
2023,2212,New Westminster - Central,Jun,18
2023,2212,New Westminster - Central,Jul,13
2023,2212,New Westminster - Central,Aug,18
2023,2212,New Westminster - Central,Sep,14
2023,2212,New Westminster - Central,Oct,13
2023,2212,New Westminster - Central,Nov,14
2023,2212,New Westminster - Central,Dec,17
2023,2213,New Westminster - Downtown,Jan,5
2023,2213,New Westminster - Downtown,Feb,6
2023,2213,New Westminster - Downtown,Mar,11
2023,2213,New Westminster - Downtown,Apr,6
2023,2213,New Westminster - Downtown,May,8
2023,2213,New Westminster - Downtown,Jun,4
2023,2213,New Westminster - Downtown,Jul,11
2023,2213,New Westminster - Downtown,Aug,5
2023,2213,New Westminster - Downtown,Sep,13
2023,2213,New Westminster - Downtown,Oct,7
2023,2213,New Westminster - Downtown,Nov,5
2023,2213,New Westminster - Downtown,Dec,10
2023,2214,New Westminster - West/Queensborou,Jan,5
2023,2214,New Westminster - West/Queensborou,Feb,3
2023,2214,New Westminster - West/Queensborou,Mar,9
2023,2214,New Westminster - West/Queensborou,Apr,11
2023,2214,New Westminster - West/Queensborou,May,6
2023,2214,New Westminster - West/Queensborou,Jun,2
2023,2214,New Westminster - West/Queensborou,Jul,3
2023,2214,New Westminster - West/Queensborou,Aug,6
2023,2214,New Westminster - West/Queensborou,Sep,10
2023,2214,New Westminster - West/Queensborou,Oct,11
2023,2214,New Westminster - West/Queensborou,Nov,7
2023,2214,New Westminster - West/Queensborou,Dec,7
2023,2221,Burnaby Heights/Capital Hill,Jan,17
2023,2221,Burnaby Heights/Capital Hill,Feb,12
2023,2221,Burnaby Heights/Capital Hill,Mar,15
2023,2221,Burnaby Heights/Capital Hill,Apr,23
2023,2221,Burnaby Heights/Capital Hill,May,18
2023,2221,Burnaby Heights/Capital Hill,Jun,21
2023,2221,Burnaby Heights/Capital Hill,Jul,18
2023,2221,Burnaby Heights/Capital Hill,Aug,16
2023,2221,Burnaby Heights/Capital Hill,Sep,11
2023,2221,Burnaby Heights/Capital Hill,Oct,16
2023,2221,Burnaby Heights/Capital Hill,Nov,17
2023,2221,Burnaby Heights/Capital Hill,Dec,20
2023,2222,Brentwood/Willingdon/Parkcrest,Jan,12
2023,2222,Brentwood/Willingdon/Parkcrest,Feb,9
2023,2222,Brentwood/Willingdon/Parkcrest,Mar,7
2023,2222,Brentwood/Willingdon/Parkcrest,Apr,9
2023,2222,Brentwood/Willingdon/Parkcrest,May,17
2023,2222,Brentwood/Willingdon/Parkcrest,Jun,13
2023,2222,Brentwood/Willingdon/Parkcrest,Jul,8
2023,2222,Brentwood/Willingdon/Parkcrest,Aug,10
2023,2222,Brentwood/Willingdon/Parkcrest,Sep,12
2023,2222,Brentwood/Willingdon/Parkcrest,Oct,12
2023,2222,Brentwood/Willingdon/Parkcrest,Nov,12
2023,2222,Brentwood/Willingdon/Parkcrest,Dec,7
2023,2223,Westridge/Sperling/Gov't Road,Jan,14
2023,2223,Westridge/Sperling/Gov't Road,Feb,12
2023,2223,Westridge/Sperling/Gov't Road,Mar,18
2023,2223,Westridge/Sperling/Gov't Road,Apr,11
2023,2223,Westridge/Sperling/Gov't Road,May,13
2023,2223,Westridge/Sperling/Gov't Road,Jun,8
2023,2223,Westridge/Sperling/Gov't Road,Jul,8
2023,2223,Westridge/Sperling/Gov't Road,Aug,6
2023,2223,Westridge/Sperling/Gov't Road,Sep,13
2023,2223,Westridge/Sperling/Gov't Road,Oct,16
2023,2223,Westridge/Sperling/Gov't Road,Nov,11
2023,2223,Westridge/Sperling/Gov't Road,Dec,10
2023,2224,Burnaby Mountain/Lougheed,Jan,6
2023,2224,Burnaby Mountain/Lougheed,Feb,6
2023,2224,Burnaby Mountain/Lougheed,Mar,13
2023,2224,Burnaby Mountain/Lougheed,Apr,6
2023,2224,Burnaby Mountain/Lougheed,May,5
2023,2224,Burnaby Mountain/Lougheed,Jun,11
2023,2224,Burnaby Mountain/Lougheed,Jul,6
2023,2224,Burnaby Mountain/Lougheed,Aug,7
2023,2224,Burnaby Mountain/Lougheed,Sep,7
2023,2224,Burnaby Mountain/Lougheed,Oct,5
2023,2224,Burnaby Mountain/Lougheed,Nov,13
2023,2224,Burnaby Mountain/Lougheed,Dec,14
2024,1110,Fernie,Jan,8
2024,1110,Fernie,Feb,9
2024,1110,Fernie,Mar,12
2024,1110,Fernie,Apr,4
2024,1110,Fernie,May,12
2024,1110,Fernie,Jun,12
2024,1110,Fernie,Jul,10
2024,1110,Fernie,Aug,11
2024,1110,Fernie,Sep,9
2024,1110,Fernie,Oct,9
2024,1110,Fernie,Nov,8
2024,1110,Fernie,Dec,10
2024,1120,Cranbrook,Jan,27
2024,1120,Cranbrook,Feb,13
2024,1120,Cranbrook,Mar,37
2024,1120,Cranbrook,Apr,21
2024,1120,Cranbrook,May,30
2024,1120,Cranbrook,Jun,21
2024,1120,Cranbrook,Jul,29
2024,1120,Cranbrook,Aug,13
2024,1120,Cranbrook,Sep,35
2024,1120,Cranbrook,Oct,30
2024,1120,Cranbrook,Nov,34
2024,1120,Cranbrook,Dec,29
2024,1130,Kimberley,Jan,4
2024,1130,Kimberley,Feb,6
2024,1130,Kimberley,Mar,8
2024,1130,Kimberley,Apr,10
2024,1130,Kimberley,May,7
2024,1130,Kimberley,Jun,12
2024,1130,Kimberley,Jul,5
2024,1130,Kimberley,Aug,9
2024,1130,Kimberley,Sep,12
2024,1130,Kimberley,Oct,11
2024,1130,Kimberley,Nov,12
2024,1130,Kimberley,Dec,12
2024,1140,Windermere,Jan,14
2024,1140,Windermere,Feb,9
2024,1140,Windermere,Mar,9
2024,1140,Windermere,Apr,7
2024,1140,Windermere,May,7
2024,1140,Windermere,Jun,9
2024,1140,Windermere,Jul,11
2024,1140,Windermere,Aug,10
2024,1140,Windermere,Sep,3
2024,1140,Windermere,Oct,8
2024,1140,Windermere,Nov,11
2024,1140,Windermere,Dec,10
2024,1150,Creston,Jan,19
2024,1150,Creston,Feb,13
2024,1150,Creston,Mar,14
2024,1150,Creston,Apr,26
2024,1150,Creston,May,21
2024,1150,Creston,Jun,16
2024,1150,Creston,Jul,13
2024,1150,Creston,Aug,15
2024,1150,Creston,Sep,13
2024,1150,Creston,Oct,14
2024,1150,Creston,Nov,17
2024,1150,Creston,Dec,11
2024,1160,Golden,Jan,6
2024,1160,Golden,Feb,7
2024,1160,Golden,Mar,1
2024,1160,Golden,Apr,2
2024,1160,Golden,May,10
2024,1160,Golden,Jun,7
2024,1160,Golden,Jul,0
2024,1160,Golden,Aug,7
2024,1160,Golden,Sep,5
2024,1160,Golden,Oct,3
2024,1160,Golden,Nov,0
2024,1160,Golden,Dec,4
2024,1210,Kootenay Lake,Jan,4
2024,1210,Kootenay Lake,Feb,5
2024,1210,Kootenay Lake,Mar,1
2024,1210,Kootenay Lake,Apr,2
2024,1210,Kootenay Lake,May,3
2024,1210,Kootenay Lake,Jun,2
2024,1210,Kootenay Lake,Jul,2
2024,1210,Kootenay Lake,Aug,6
2024,1210,Kootenay Lake,Sep,1
2024,1210,Kootenay Lake,Oct,2
2024,1210,Kootenay Lake,Nov,6
2024,1210,Kootenay Lake,Dec,2
2024,1220,Nelson,Jan,22
2024,1220,Nelson,Feb,23
2024,1220,Nelson,Mar,16
2024,1220,Nelson,Apr,15
2024,1220,Nelson,May,17
2024,1220,Nelson,Jun,19
2024,1220,Nelson,Jul,27
2024,1220,Nelson,Aug,19
2024,1220,Nelson,Sep,19
2024,1220,Nelson,Oct,17
2024,1220,Nelson,Nov,27
2024,1220,Nelson,Dec,21
2024,1230,Castlegar,Jan,11
2024,1230,Castlegar,Feb,12
2024,1230,Castlegar,Mar,12
2024,1230,Castlegar,Apr,9
2024,1230,Castlegar,May,18
2024,1230,Castlegar,Jun,18
2024,1230,Castlegar,Jul,12
2024,1230,Castlegar,Aug,13
2024,1230,Castlegar,Sep,11
2024,1230,Castlegar,Oct,11
2024,1230,Castlegar,Nov,22
2024,1230,Castlegar,Dec,11
2024,1240,Arrow Lakes,Jan,6
2024,1240,Arrow Lakes,Feb,7
2024,1240,Arrow Lakes,Mar,7
2024,1240,Arrow Lakes,Apr,8
2024,1240,Arrow Lakes,May,3
2024,1240,Arrow Lakes,Jun,3
2024,1240,Arrow Lakes,Jul,4
2024,1240,Arrow Lakes,Aug,6
2024,1240,Arrow Lakes,Sep,7
2024,1240,Arrow Lakes,Oct,6
2024,1240,Arrow Lakes,Nov,5
2024,1240,Arrow Lakes,Dec,6
2024,1250,Trail,Jan,8
2024,1250,Trail,Feb,21
2024,1250,Trail,Mar,22
2024,1250,Trail,Apr,18
2024,1250,Trail,May,18
2024,1250,Trail,Jun,16
2024,1250,Trail,Jul,10
2024,1250,Trail,Aug,19
2024,1250,Trail,Sep,17
2024,1250,Trail,Oct,20
2024,1250,Trail,Nov,25
2024,1250,Trail,Dec,14
2024,1260,Grand Forks,Jan,10
2024,1260,Grand Forks,Feb,17
2024,1260,Grand Forks,Mar,19
2024,1260,Grand Forks,Apr,16
2024,1260,Grand Forks,May,18
2024,1260,Grand Forks,Jun,17
2024,1260,Grand Forks,Jul,16
2024,1260,Grand Forks,Aug,13
2024,1260,Grand Forks,Sep,18
2024,1260,Grand Forks,Oct,15
2024,1260,Grand Forks,Nov,14
2024,1260,Grand Forks,Dec,10
2024,1270,Kettle Valley,Jan,4
2024,1270,Kettle Valley,Feb,4
2024,1270,Kettle Valley,Mar,5
2024,1270,Kettle Valley,Apr,2
2024,1270,Kettle Valley,May,2
2024,1270,Kettle Valley,Jun,3
2024,1270,Kettle Valley,Jul,2
2024,1270,Kettle Valley,Aug,1
2024,1270,Kettle Valley,Sep,5
2024,1270,Kettle Valley,Oct,8
2024,1270,Kettle Valley,Nov,2
2024,1270,Kettle Valley,Dec,7
2024,1310,Southern Okanagan,Jan,42
2024,1310,Southern Okanagan,Feb,23
2024,1310,Southern Okanagan,Mar,34
2024,1310,Southern Okanagan,Apr,21
2024,1310,Southern Okanagan,May,29
2024,1310,Southern Okanagan,Jun,33
2024,1310,Southern Okanagan,Jul,22
2024,1310,Southern Okanagan,Aug,30
2024,1310,Southern Okanagan,Sep,31
2024,1310,Southern Okanagan,Oct,30
2024,1310,Southern Okanagan,Nov,27
2024,1310,Southern Okanagan,Dec,29
2024,1320,Penticton,Jan,51
2024,1320,Penticton,Feb,55
2024,1320,Penticton,Mar,76
2024,1320,Penticton,Apr,66
2024,1320,Penticton,May,56
2024,1320,Penticton,Jun,54
2024,1320,Penticton,Jul,64
2024,1320,Penticton,Aug,50
2024,1320,Penticton,Sep,45
2024,1320,Penticton,Oct,62
2024,1320,Penticton,Nov,70
2024,1320,Penticton,Dec,61
2024,1330,Keremeos,Jan,5
2024,1330,Keremeos,Feb,2
2024,1330,Keremeos,Mar,8
2024,1330,Keremeos,Apr,5
2024,1330,Keremeos,May,9
2024,1330,Keremeos,Jun,8
2024,1330,Keremeos,Jul,8
2024,1330,Keremeos,Aug,9
2024,1330,Keremeos,Sep,6
2024,1330,Keremeos,Oct,7
2024,1330,Keremeos,Nov,8
2024,1330,Keremeos,Dec,8
2024,1340,Princeton,Jan,3
2024,1340,Princeton,Feb,4
2024,1340,Princeton,Mar,2
2024,1340,Princeton,Apr,8
2024,1340,Princeton,May,9
2024,1340,Princeton,Jun,8
2024,1340,Princeton,Jul,4
2024,1340,Princeton,Aug,7
2024,1340,Princeton,Sep,9
2024,1340,Princeton,Oct,7
2024,1340,Princeton,Nov,7
2024,1340,Princeton,Dec,2
2024,1350,Armstrong/Spallumcheen,Jan,6
2024,1350,Armstrong/Spallumcheen,Feb,10
2024,1350,Armstrong/Spallumcheen,Mar,7
2024,1350,Armstrong/Spallumcheen,Apr,10
2024,1350,Armstrong/Spallumcheen,May,6
2024,1350,Armstrong/Spallumcheen,Jun,8
2024,1350,Armstrong/Spallumcheen,Jul,12
2024,1350,Armstrong/Spallumcheen,Aug,7
2024,1350,Armstrong/Spallumcheen,Sep,11
2024,1350,Armstrong/Spallumcheen,Oct,6
2024,1350,Armstrong/Spallumcheen,Nov,10
2024,1350,Armstrong/Spallumcheen,Dec,8
2024,1361,Vernon Centre/Coldstream,Jan,70
2024,1361,Vernon Centre/Coldstream,Feb,65
2024,1361,Vernon Centre/Coldstream,Mar,72
2024,1361,Vernon Centre/Coldstream,Apr,53
2024,1361,Vernon Centre/Coldstream,May,61
2024,1361,Vernon Centre/Coldstream,Jun,79
2024,1361,Vernon Centre/Coldstream,Jul,50
2024,1361,Vernon Centre/Coldstream,Aug,56
2024,1361,Vernon Centre/Coldstream,Sep,45
2024,1361,Vernon Centre/Coldstream,Oct,61
2024,1361,Vernon Centre/Coldstream,Nov,75
2024,1361,Vernon Centre/Coldstream,Dec,64
2024,1362,North Okanagan/Lumby,Jan,16
2024,1362,North Okanagan/Lumby,Feb,12
2024,1362,North Okanagan/Lumby,Mar,16
2024,1362,North Okanagan/Lumby,Apr,11
2024,1362,North Okanagan/Lumby,May,11
2024,1362,North Okanagan/Lumby,Jun,13
2024,1362,North Okanagan/Lumby,Jul,19
2024,1362,North Okanagan/Lumby,Aug,12
2024,1362,North Okanagan/Lumby,Sep,10
2024,1362,North Okanagan/Lumby,Oct,8
2024,1362,North Okanagan/Lumby,Nov,11
2024,1362,North Okanagan/Lumby,Dec,7
2024,1371,Central Okanagan Rural West,Jan,5
2024,1371,Central Okanagan Rural West,Feb,9
2024,1371,Central Okanagan Rural West,Mar,6
2024,1371,Central Okanagan Rural West,Apr,6
2024,1371,Central Okanagan Rural West,May,12
2024,1371,Central Okanagan Rural West,Jun,11
2024,1371,Central Okanagan Rural West,Jul,5
2024,1371,Central Okanagan Rural West,Aug,12
2024,1371,Central Okanagan Rural West,Sep,2
2024,1371,Central Okanagan Rural West,Oct,3
2024,1371,Central Okanagan Rural West,Nov,8
2024,1371,Central Okanagan Rural West,Dec,9
2024,1372,West Kelowna,Jan,46
2024,1372,West Kelowna,Feb,31
2024,1372,West Kelowna,Mar,46
2024,1372,West Kelowna,Apr,43
2024,1372,West Kelowna,May,45
2024,1372,West Kelowna,Jun,36
2024,1372,West Kelowna,Jul,42
2024,1372,West Kelowna,Aug,34
2024,1372,West Kelowna,Sep,35
2024,1372,West Kelowna,Oct,37
2024,1372,West Kelowna,Nov,30
2024,1372,West Kelowna,Dec,44
2024,1373,Lake Country,Jan,11
2024,1373,Lake Country,Feb,7
2024,1373,Lake Country,Mar,9
2024,1373,Lake Country,Apr,8
2024,1373,Lake Country,May,9
2024,1373,Lake Country,Jun,8
2024,1373,Lake Country,Jul,5
2024,1373,Lake Country,Aug,8
2024,1373,Lake Country,Sep,12
2024,1373,Lake Country,Oct,12
2024,1373,Lake Country,Nov,9
2024,1373,Lake Country,Dec,16
2024,1374,Glenmore,Jan,30
2024,1374,Glenmore,Feb,31
2024,1374,Glenmore,Mar,33
2024,1374,Glenmore,Apr,25
2024,1374,Glenmore,May,20
2024,1374,Glenmore,Jun,30
2024,1374,Glenmore,Jul,32
2024,1374,Glenmore,Aug,28
2024,1374,Glenmore,Sep,32
2024,1374,Glenmore,Oct,31
2024,1374,Glenmore,Nov,33
2024,1374,Glenmore,Dec,34
2024,1375,Downtown Kelowna,Jan,56
2024,1375,Downtown Kelowna,Feb,55
2024,1375,Downtown Kelowna,Mar,58
2024,1375,Downtown Kelowna,Apr,55
2024,1375,Downtown Kelowna,May,43
2024,1375,Downtown Kelowna,Jun,77
2024,1375,Downtown Kelowna,Jul,49
2024,1375,Downtown Kelowna,Aug,42
2024,1375,Downtown Kelowna,Sep,52
2024,1375,Downtown Kelowna,Oct,60
2024,1375,Downtown Kelowna,Nov,42
2024,1375,Downtown Kelowna,Dec,51
2024,1376,Rutland,Jan,36
2024,1376,Rutland,Feb,36
2024,1376,Rutland,Mar,32
2024,1376,Rutland,Apr,37
2024,1376,Rutland,May,28
2024,1376,Rutland,Jun,28
2024,1376,Rutland,Jul,28
2024,1376,Rutland,Aug,30
2024,1376,Rutland,Sep,35
2024,1376,Rutland,Oct,30
2024,1376,Rutland,Nov,33
2024,1376,Rutland,Dec,36
2024,1377,Okanagan Mission,Jan,17
2024,1377,Okanagan Mission,Feb,14
2024,1377,Okanagan Mission,Mar,12
2024,1377,Okanagan Mission,Apr,5
2024,1377,Okanagan Mission,May,15
2024,1377,Okanagan Mission,Jun,17
2024,1377,Okanagan Mission,Jul,16
2024,1377,Okanagan Mission,Aug,12
2024,1377,Okanagan Mission,Sep,15
2024,1377,Okanagan Mission,Oct,12
2024,1377,Okanagan Mission,Nov,15
2024,1377,Okanagan Mission,Dec,17
2024,1378,Central Okanagan Rural East,Jan,0
2024,1378,Central Okanagan Rural East,Feb,0
2024,1378,Central Okanagan Rural East,Mar,2
2024,1378,Central Okanagan Rural East,Apr,0
2024,1378,Central Okanagan Rural East,May,1
2024,1378,Central Okanagan Rural East,Jun,0
2024,1378,Central Okanagan Rural East,Jul,1
2024,1378,Central Okanagan Rural East,Aug,0
2024,1378,Central Okanagan Rural East,Sep,1
2024,1378,Central Okanagan Rural East,Oct,0
2024,1378,Central Okanagan Rural East,Nov,1
2024,1378,Central Okanagan Rural East,Dec,0
2024,1380,Summerland,Jan,10
2024,1380,Summerland,Feb,14
2024,1380,Summerland,Mar,13
2024,1380,Summerland,Apr,14
2024,1380,Summerland,May,11
2024,1380,Summerland,Jun,13
2024,1380,Summerland,Jul,17
2024,1380,Summerland,Aug,11
2024,1380,Summerland,Sep,13
2024,1380,Summerland,Oct,13
2024,1380,Summerland,Nov,14
2024,1380,Summerland,Dec,16
2024,1390,Enderby,Jan,12
2024,1390,Enderby,Feb,10
2024,1390,Enderby,Mar,8
2024,1390,Enderby,Apr,11
2024,1390,Enderby,May,10
2024,1390,Enderby,Jun,5
2024,1390,Enderby,Jul,12
2024,1390,Enderby,Aug,6
2024,1390,Enderby,Sep,4
2024,1390,Enderby,Oct,9
2024,1390,Enderby,Nov,6
2024,1390,Enderby,Dec,13
2024,1410,Revelstoke,Jan,3
2024,1410,Revelstoke,Feb,6
2024,1410,Revelstoke,Mar,6
2024,1410,Revelstoke,Apr,3
2024,1410,Revelstoke,May,8
2024,1410,Revelstoke,Jun,5
2024,1410,Revelstoke,Jul,3
2024,1410,Revelstoke,Aug,5
2024,1410,Revelstoke,Sep,7
2024,1410,Revelstoke,Oct,12
2024,1410,Revelstoke,Nov,6
2024,1410,Revelstoke,Dec,7
2024,1420,Salmon Arm,Jan,46
2024,1420,Salmon Arm,Feb,32
2024,1420,Salmon Arm,Mar,46
2024,1420,Salmon Arm,Apr,41
2024,1420,Salmon Arm,May,45
2024,1420,Salmon Arm,Jun,34
2024,1420,Salmon Arm,Jul,40
2024,1420,Salmon Arm,Aug,34
2024,1420,Salmon Arm,Sep,43
2024,1420,Salmon Arm,Oct,42
2024,1420,Salmon Arm,Nov,51
2024,1420,Salmon Arm,Dec,42
2024,1431,Kamloops Centre North,Jan,64
2024,1431,Kamloops Centre North,Feb,44
2024,1431,Kamloops Centre North,Mar,46
2024,1431,Kamloops Centre North,Apr,46
2024,1431,Kamloops Centre North,May,55
2024,1431,Kamloops Centre North,Jun,59
2024,1431,Kamloops Centre North,Jul,66
2024,1431,Kamloops Centre North,Aug,53
2024,1431,Kamloops Centre North,Sep,53
2024,1431,Kamloops Centre North,Oct,42
2024,1431,Kamloops Centre North,Nov,46
2024,1431,Kamloops Centre North,Dec,64
2024,1432,Kamloops Centre South,Jan,52
2024,1432,Kamloops Centre South,Feb,34
2024,1432,Kamloops Centre South,Mar,40
2024,1432,Kamloops Centre South,Apr,57
2024,1432,Kamloops Centre South,May,43
2024,1432,Kamloops Centre South,Jun,45
2024,1432,Kamloops Centre South,Jul,45
2024,1432,Kamloops Centre South,Aug,36
2024,1432,Kamloops Centre South,Sep,35
2024,1432,Kamloops Centre South,Oct,41
2024,1432,Kamloops Centre South,Nov,57
2024,1432,Kamloops Centre South,Dec,35
2024,1433,Lower Thompson,Jan,25
2024,1433,Lower Thompson,Feb,19
2024,1433,Lower Thompson,Mar,14
2024,1433,Lower Thompson,Apr,7
2024,1433,Lower Thompson,May,20
2024,1433,Lower Thompson,Jun,18
2024,1433,Lower Thompson,Jul,23
2024,1433,Lower Thompson,Aug,26
2024,1433,Lower Thompson,Sep,14
2024,1433,Lower Thompson,Oct,11
2024,1433,Lower Thompson,Nov,17
2024,1433,Lower Thompson,Dec,27
2024,1440,100 Mile House,Jan,21
2024,1440,100 Mile House,Feb,19
2024,1440,100 Mile House,Mar,14
2024,1440,100 Mile House,Apr,23
2024,1440,100 Mile House,May,17
2024,1440,100 Mile House,Jun,17
2024,1440,100 Mile House,Jul,11
2024,1440,100 Mile House,Aug,17
2024,1440,100 Mile House,Sep,18
2024,1440,100 Mile House,Oct,16
2024,1440,100 Mile House,Nov,15
2024,1440,100 Mile House,Dec,18
2024,1450,North Thompson,Jan,5
2024,1450,North Thompson,Feb,6
2024,1450,North Thompson,Mar,2
2024,1450,North Thompson,Apr,4
2024,1450,North Thompson,May,5
2024,1450,North Thompson,Jun,4
2024,1450,North Thompson,Jul,6
2024,1450,North Thompson,Aug,5
2024,1450,North Thompson,Sep,1
2024,1450,North Thompson,Oct,4
2024,1450,North Thompson,Nov,3
2024,1450,North Thompson,Dec,4
2024,1461,West Cariboo,Jan,3
2024,1461,West Cariboo,Feb,3
2024,1461,West Cariboo,Mar,3
2024,1461,West Cariboo,Apr,4
2024,1461,West Cariboo,May,4
2024,1461,West Cariboo,Jun,1
2024,1461,West Cariboo,Jul,1
2024,1461,West Cariboo,Aug,2
2024,1461,West Cariboo,Sep,4
2024,1461,West Cariboo,Oct,2
2024,1461,West Cariboo,Nov,5
2024,1461,West Cariboo,Dec,5
2024,1462,Williams Lake/East Cariboo,Jan,26
2024,1462,Williams Lake/East Cariboo,Feb,31
2024,1462,Williams Lake/East Cariboo,Mar,31
2024,1462,Williams Lake/East Cariboo,Apr,26
2024,1462,Williams Lake/East Cariboo,May,25
2024,1462,Williams Lake/East Cariboo,Jun,22
2024,1462,Williams Lake/East Cariboo,Jul,22
2024,1462,Williams Lake/East Cariboo,Aug,20
2024,1462,Williams Lake/East Cariboo,Sep,15
2024,1462,Williams Lake/East Cariboo,Oct,28
2024,1462,Williams Lake/East Cariboo,Nov,28
2024,1462,Williams Lake/East Cariboo,Dec,19
2024,1470,Lillooet,Jan,4
2024,1470,Lillooet,Feb,2
2024,1470,Lillooet,Mar,6
2024,1470,Lillooet,Apr,4
2024,1470,Lillooet,May,2
2024,1470,Lillooet,Jun,3
2024,1470,Lillooet,Jul,3
2024,1470,Lillooet,Aug,6
2024,1470,Lillooet,Sep,4
2024,1470,Lillooet,Oct,4
2024,1470,Lillooet,Nov,3
2024,1470,Lillooet,Dec,4
2024,1480,South Cariboo,Jan,7
2024,1480,South Cariboo,Feb,5
2024,1480,South Cariboo,Mar,3
2024,1480,South Cariboo,Apr,7
2024,1480,South Cariboo,May,7
2024,1480,South Cariboo,Jun,6
2024,1480,South Cariboo,Jul,6
2024,1480,South Cariboo,Aug,4
2024,1480,South Cariboo,Sep,8
2024,1480,South Cariboo,Oct,7
2024,1480,South Cariboo,Nov,9
2024,1480,South Cariboo,Dec,5
2024,1490,Merritt,Jan,15
2024,1490,Merritt,Feb,10
2024,1490,Merritt,Mar,17
2024,1490,Merritt,Apr,10
2024,1490,Merritt,May,10
2024,1490,Merritt,Jun,12
2024,1490,Merritt,Jul,13
2024,1490,Merritt,Aug,9
2024,1490,Merritt,Sep,13
2024,1490,Merritt,Oct,9
2024,1490,Merritt,Nov,15
2024,1490,Merritt,Dec,16
2024,2110,Hope,Jan,10
2024,2110,Hope,Feb,7
2024,2110,Hope,Mar,10
2024,2110,Hope,Apr,10
2024,2110,Hope,May,8
2024,2110,Hope,Jun,14
2024,2110,Hope,Jul,11
2024,2110,Hope,Aug,7
2024,2110,Hope,Sep,14
2024,2110,Hope,Oct,16
2024,2110,Hope,Nov,11
2024,2110,Hope,Dec,8
2024,2121,South Chilliwack,Jan,34
2024,2121,South Chilliwack,Feb,41
2024,2121,South Chilliwack,Mar,41
2024,2121,South Chilliwack,Apr,35
2024,2121,South Chilliwack,May,43
2024,2121,South Chilliwack,Jun,38
2024,2121,South Chilliwack,Jul,41
2024,2121,South Chilliwack,Aug,45
2024,2121,South Chilliwack,Sep,29
2024,2121,South Chilliwack,Oct,46
2024,2121,South Chilliwack,Nov,36
2024,2121,South Chilliwack,Dec,47
2024,2122,North Chilliwack,Jan,58
2024,2122,North Chilliwack,Feb,43
2024,2122,North Chilliwack,Mar,34
2024,2122,North Chilliwack,Apr,62
2024,2122,North Chilliwack,May,54
2024,2122,North Chilliwack,Jun,53
2024,2122,North Chilliwack,Jul,41
2024,2122,North Chilliwack,Aug,53
2024,2122,North Chilliwack,Sep,42
2024,2122,North Chilliwack,Oct,54
2024,2122,North Chilliwack,Nov,49
2024,2122,North Chilliwack,Dec,51
2024,2131,Central Abbotsford,Jan,32
2024,2131,Central Abbotsford,Feb,37
2024,2131,Central Abbotsford,Mar,51
2024,2131,Central Abbotsford,Apr,43
2024,2131,Central Abbotsford,May,32
2024,2131,Central Abbotsford,Jun,21
2024,2131,Central Abbotsford,Jul,35
2024,2131,Central Abbotsford,Aug,25
2024,2131,Central Abbotsford,Sep,19
2024,2131,Central Abbotsford,Oct,32
2024,2131,Central Abbotsford,Nov,37
2024,2131,Central Abbotsford,Dec,42
2024,2132,East Abbotsford,Jan,17
2024,2132,East Abbotsford,Feb,14
2024,2132,East Abbotsford,Mar,19
2024,2132,East Abbotsford,Apr,9
2024,2132,East Abbotsford,May,14
2024,2132,East Abbotsford,Jun,17
2024,2132,East Abbotsford,Jul,18
2024,2132,East Abbotsford,Aug,16
2024,2132,East Abbotsford,Sep,15
2024,2132,East Abbotsford,Oct,18
2024,2132,East Abbotsford,Nov,15
2024,2132,East Abbotsford,Dec,15
2024,2133,West Abbotsford,Jan,74
2024,2133,West Abbotsford,Feb,49
2024,2133,West Abbotsford,Mar,51
2024,2133,West Abbotsford,Apr,43
2024,2133,West Abbotsford,May,31
2024,2133,West Abbotsford,Jun,47
2024,2133,West Abbotsford,Jul,50
2024,2133,West Abbotsford,Aug,40
2024,2133,West Abbotsford,Sep,43
2024,2133,West Abbotsford,Oct,43
2024,2133,West Abbotsford,Nov,42
2024,2133,West Abbotsford,Dec,52
2024,2134,Abbotsford Rural,Jan,20
2024,2134,Abbotsford Rural,Feb,11
2024,2134,Abbotsford Rural,Mar,11
2024,2134,Abbotsford Rural,Apr,16
2024,2134,Abbotsford Rural,May,20
2024,2134,Abbotsford Rural,Jun,12
2024,2134,Abbotsford Rural,Jul,15
2024,2134,Abbotsford Rural,Aug,13
2024,2134,Abbotsford Rural,Sep,15
2024,2134,Abbotsford Rural,Oct,11
2024,2134,Abbotsford Rural,Nov,15
2024,2134,Abbotsford Rural,Dec,17
2024,2141,South Mission,Jan,25
2024,2141,South Mission,Feb,21
2024,2141,South Mission,Mar,27
2024,2141,South Mission,Apr,22
2024,2141,South Mission,May,22
2024,2141,South Mission,Jun,27
2024,2141,South Mission,Jul,19
2024,2141,South Mission,Aug,23
2024,2141,South Mission,Sep,19
2024,2141,South Mission,Oct,30
2024,2141,South Mission,Nov,21
2024,2141,South Mission,Dec,30
2024,2142,North Mission,Jan,10
2024,2142,North Mission,Feb,13
2024,2142,North Mission,Mar,6
2024,2142,North Mission,Apr,14
2024,2142,North Mission,May,13
2024,2142,North Mission,Jun,4
2024,2142,North Mission,Jul,13
2024,2142,North Mission,Aug,12
2024,2142,North Mission,Sep,8
2024,2142,North Mission,Oct,14
2024,2142,North Mission,Nov,5
2024,2142,North Mission,Dec,20
2024,2150,Agassiz/Harrison,Jan,14
2024,2150,Agassiz/Harrison,Feb,11
2024,2150,Agassiz/Harrison,Mar,9
2024,2150,Agassiz/Harrison,Apr,5
2024,2150,Agassiz/Harrison,May,13
2024,2150,Agassiz/Harrison,Jun,13
2024,2150,Agassiz/Harrison,Jul,15
2024,2150,Agassiz/Harrison,Aug,18
2024,2150,Agassiz/Harrison,Sep,8
2024,2150,Agassiz/Harrison,Oct,15
2024,2150,Agassiz/Harrison,Nov,11
2024,2150,Agassiz/Harrison,Dec,17
2024,2211,New Westminster - East,Jan,14
2024,2211,New Westminster - East,Feb,16
2024,2211,New Westminster - East,Mar,21
2024,2211,New Westminster - East,Apr,19
2024,2211,New Westminster - East,May,15
2024,2211,New Westminster - East,Jun,20
2024,2211,New Westminster - East,Jul,24
2024,2211,New Westminster - East,Aug,20
2024,2211,New Westminster - East,Sep,11
2024,2211,New Westminster - East,Oct,21
2024,2211,New Westminster - East,Nov,18
2024,2211,New Westminster - East,Dec,19
2024,2212,New Westminster - Central,Jan,23
2024,2212,New Westminster - Central,Feb,16
2024,2212,New Westminster - Central,Mar,14
2024,2212,New Westminster - Central,Apr,9
2024,2212,New Westminster - Central,May,17
2024,2212,New Westminster - Central,Jun,13
2024,2212,New Westminster - Central,Jul,21
2024,2212,New Westminster - Central,Aug,9
2024,2212,New Westminster - Central,Sep,7
2024,2212,New Westminster - Central,Oct,14
2024,2212,New Westminster - Central,Nov,15
2024,2212,New Westminster - Central,Dec,8
2024,2213,New Westminster - Downtown,Jan,9
2024,2213,New Westminster - Downtown,Feb,6
2024,2213,New Westminster - Downtown,Mar,7
2024,2213,New Westminster - Downtown,Apr,10
2024,2213,New Westminster - Downtown,May,7
2024,2213,New Westminster - Downtown,Jun,3
2024,2213,New Westminster - Downtown,Jul,1
2024,2213,New Westminster - Downtown,Aug,9
2024,2213,New Westminster - Downtown,Sep,5
2024,2213,New Westminster - Downtown,Oct,9
2024,2213,New Westminster - Downtown,Nov,6
2024,2213,New Westminster - Downtown,Dec,9
2024,2214,New Westminster - West/Queensborou,Jan,12
2024,2214,New Westminster - West/Queensborou,Feb,7
2024,2214,New Westminster - West/Queensborou,Mar,13
2024,2214,New Westminster - West/Queensborou,Apr,7
2024,2214,New Westminster - West/Queensborou,May,9
2024,2214,New Westminster - West/Queensborou,Jun,6
2024,2214,New Westminster - West/Queensborou,Jul,10
2024,2214,New Westminster - West/Queensborou,Aug,4
2024,2214,New Westminster - West/Queensborou,Sep,4
2024,2214,New Westminster - West/Queensborou,Oct,5
2024,2214,New Westminster - West/Queensborou,Nov,5
2024,2214,New Westminster - West/Queensborou,Dec,9
2024,2221,Burnaby Heights/Capital Hill,Jan,13
2024,2221,Burnaby Heights/Capital Hill,Feb,13
2024,2221,Burnaby Heights/Capital Hill,Mar,7
2024,2221,Burnaby Heights/Capital Hill,Apr,20
2024,2221,Burnaby Heights/Capital Hill,May,14
2024,2221,Burnaby Heights/Capital Hill,Jun,14
2024,2221,Burnaby Heights/Capital Hill,Jul,11
2024,2221,Burnaby Heights/Capital Hill,Aug,16
2024,2221,Burnaby Heights/Capital Hill,Sep,13
2024,2221,Burnaby Heights/Capital Hill,Oct,14
2024,2221,Burnaby Heights/Capital Hill,Nov,20
2024,2221,Burnaby Heights/Capital Hill,Dec,15
2024,2222,Brentwood/Willingdon/Parkcrest,Jan,13
2024,2222,Brentwood/Willingdon/Parkcrest,Feb,12
2024,2222,Brentwood/Willingdon/Parkcrest,Mar,10
2024,2222,Brentwood/Willingdon/Parkcrest,Apr,13
2024,2222,Brentwood/Willingdon/Parkcrest,May,10
2024,2222,Brentwood/Willingdon/Parkcrest,Jun,8
2024,2222,Brentwood/Willingdon/Parkcrest,Jul,7
2024,2222,Brentwood/Willingdon/Parkcrest,Aug,14
2024,2222,Brentwood/Willingdon/Parkcrest,Sep,12
2024,2222,Brentwood/Willingdon/Parkcrest,Oct,17
2024,2222,Brentwood/Willingdon/Parkcrest,Nov,8
2024,2222,Brentwood/Willingdon/Parkcrest,Dec,13
2024,2223,Westridge/Sperling/Gov't Road,Jan,12
2024,2223,Westridge/Sperling/Gov't Road,Feb,12
2024,2223,Westridge/Sperling/Gov't Road,Mar,11
2024,2223,Westridge/Sperling/Gov't Road,Apr,12
2024,2223,Westridge/Sperling/Gov't Road,May,15
2024,2223,Westridge/Sperling/Gov't Road,Jun,9
2024,2223,Westridge/Sperling/Gov't Road,Jul,7
2024,2223,Westridge/Sperling/Gov't Road,Aug,10
2024,2223,Westridge/Sperling/Gov't Road,Sep,14
2024,2223,Westridge/Sperling/Gov't Road,Oct,14
2024,2223,Westridge/Sperling/Gov't Road,Nov,7
2024,2223,Westridge/Sperling/Gov't Road,Dec,19
2024,2224,Burnaby Mountain/Lougheed,Jan,9
2024,2224,Burnaby Mountain/Lougheed,Feb,9
2024,2224,Burnaby Mountain/Lougheed,Mar,11
2024,2224,Burnaby Mountain/Lougheed,Apr,6
2024,2224,Burnaby Mountain/Lougheed,May,9
2024,2224,Burnaby Mountain/Lougheed,Jun,6
2024,2224,Burnaby Mountain/Lougheed,Jul,13
2024,2224,Burnaby Mountain/Lougheed,Aug,7
2024,2224,Burnaby Mountain/Lougheed,Sep,7
2024,2224,Burnaby Mountain/Lougheed,Oct,10
2024,2224,Burnaby Mountain/Lougheed,Nov,7
2024,2224,Burnaby Mountain/Lougheed,Dec,8
2025,1110,Fernie,Jan,10
2025,1110,Fernie,Feb,11
2025,1110,Fernie,Mar,12
2025,1110,Fernie,Apr,17
2025,1110,Fernie,May,13
2025,1110,Fernie,Jun,10
2025,1110,Fernie,Jul,12
2025,1110,Fernie,Aug,14
2025,1110,Fernie,Sep,12
2025,1110,Fernie,Oct,7
2025,1110,Fernie,Nov,8
2025,1110,Fernie,Dec,7
2025,1120,Cranbrook,Jan,29
2025,1120,Cranbrook,Feb,25
2025,1120,Cranbrook,Mar,27
2025,1120,Cranbrook,Apr,33
2025,1120,Cranbrook,May,31
2025,1120,Cranbrook,Jun,34
2025,1120,Cranbrook,Jul,25
2025,1120,Cranbrook,Aug,21
2025,1120,Cranbrook,Sep,25
2025,1120,Cranbrook,Oct,25
2025,1120,Cranbrook,Nov,30
2025,1120,Cranbrook,Dec,33
2025,1130,Kimberley,Jan,5
2025,1130,Kimberley,Feb,3
2025,1130,Kimberley,Mar,7
2025,1130,Kimberley,Apr,9
2025,1130,Kimberley,May,5
2025,1130,Kimberley,Jun,10
2025,1130,Kimberley,Jul,7
2025,1130,Kimberley,Aug,8
2025,1130,Kimberley,Sep,6
2025,1130,Kimberley,Oct,11
2025,1130,Kimberley,Nov,13
2025,1130,Kimberley,Dec,11
2025,1140,Windermere,Jan,12
2025,1140,Windermere,Feb,7
2025,1140,Windermere,Mar,5
2025,1140,Windermere,Apr,11
2025,1140,Windermere,May,6
2025,1140,Windermere,Jun,11
2025,1140,Windermere,Jul,5
2025,1140,Windermere,Aug,3
2025,1140,Windermere,Sep,8
2025,1140,Windermere,Oct,6
2025,1140,Windermere,Nov,8
2025,1140,Windermere,Dec,10
2025,1150,Creston,Jan,22
2025,1150,Creston,Feb,23
2025,1150,Creston,Mar,15
2025,1150,Creston,Apr,17
2025,1150,Creston,May,22
2025,1150,Creston,Jun,16
2025,1150,Creston,Jul,11
2025,1150,Creston,Aug,15
2025,1150,Creston,Sep,12
2025,1150,Creston,Oct,12
2025,1150,Creston,Nov,29
2025,1150,Creston,Dec,17
2025,1160,Golden,Jan,5
2025,1160,Golden,Feb,5
2025,1160,Golden,Mar,4
2025,1160,Golden,Apr,1
2025,1160,Golden,May,3
2025,1160,Golden,Jun,5
2025,1160,Golden,Jul,4
2025,1160,Golden,Aug,3
2025,1160,Golden,Sep,4
2025,1160,Golden,Oct,6
2025,1160,Golden,Nov,6
2025,1160,Golden,Dec,3
2025,1210,Kootenay Lake,Jan,2
2025,1210,Kootenay Lake,Feb,2
2025,1210,Kootenay Lake,Mar,5
2025,1210,Kootenay Lake,Apr,2
2025,1210,Kootenay Lake,May,5
2025,1210,Kootenay Lake,Jun,6
2025,1210,Kootenay Lake,Jul,3
2025,1210,Kootenay Lake,Aug,7
2025,1210,Kootenay Lake,Sep,3
2025,1210,Kootenay Lake,Oct,7
2025,1210,Kootenay Lake,Nov,1
2025,1210,Kootenay Lake,Dec,2
2025,1220,Nelson,Jan,26
2025,1220,Nelson,Feb,19
2025,1220,Nelson,Mar,14
2025,1220,Nelson,Apr,24
2025,1220,Nelson,May,23
2025,1220,Nelson,Jun,22
2025,1220,Nelson,Jul,25
2025,1220,Nelson,Aug,12
2025,1220,Nelson,Sep,10
2025,1220,Nelson,Oct,20
2025,1220,Nelson,Nov,17
2025,1220,Nelson,Dec,27
2025,1230,Castlegar,Jan,18
2025,1230,Castlegar,Feb,18
2025,1230,Castlegar,Mar,20
2025,1230,Castlegar,Apr,19
2025,1230,Castlegar,May,13
2025,1230,Castlegar,Jun,18
2025,1230,Castlegar,Jul,10
2025,1230,Castlegar,Aug,13
2025,1230,Castlegar,Sep,13
2025,1230,Castlegar,Oct,14
2025,1230,Castlegar,Nov,12
2025,1230,Castlegar,Dec,15
2025,1240,Arrow Lakes,Jan,8
2025,1240,Arrow Lakes,Feb,6
2025,1240,Arrow Lakes,Mar,6
2025,1240,Arrow Lakes,Apr,3
2025,1240,Arrow Lakes,May,8
2025,1240,Arrow Lakes,Jun,3
2025,1240,Arrow Lakes,Jul,6
2025,1240,Arrow Lakes,Aug,6
2025,1240,Arrow Lakes,Sep,9
2025,1240,Arrow Lakes,Oct,4
2025,1240,Arrow Lakes,Nov,5
2025,1240,Arrow Lakes,Dec,4
2025,1250,Trail,Jan,21
2025,1250,Trail,Feb,19
2025,1250,Trail,Mar,18
2025,1250,Trail,Apr,18
2025,1250,Trail,May,22
2025,1250,Trail,Jun,19
2025,1250,Trail,Jul,18
2025,1250,Trail,Aug,16
2025,1250,Trail,Sep,16
2025,1250,Trail,Oct,17
2025,1250,Trail,Nov,11
2025,1250,Trail,Dec,13
2025,1260,Grand Forks,Jan,14
2025,1260,Grand Forks,Feb,8
2025,1260,Grand Forks,Mar,11
2025,1260,Grand Forks,Apr,13
2025,1260,Grand Forks,May,15
2025,1260,Grand Forks,Jun,16
2025,1260,Grand Forks,Jul,10
2025,1260,Grand Forks,Aug,18
2025,1260,Grand Forks,Sep,10
2025,1260,Grand Forks,Oct,15
2025,1260,Grand Forks,Nov,15
2025,1260,Grand Forks,Dec,9
2025,1270,Kettle Valley,Jan,3
2025,1270,Kettle Valley,Feb,3
2025,1270,Kettle Valley,Mar,3
2025,1270,Kettle Valley,Apr,3
2025,1270,Kettle Valley,May,2
2025,1270,Kettle Valley,Jun,3
2025,1270,Kettle Valley,Jul,6
2025,1270,Kettle Valley,Aug,5
2025,1270,Kettle Valley,Sep,3
2025,1270,Kettle Valley,Oct,1
2025,1270,Kettle Valley,Nov,2
2025,1270,Kettle Valley,Dec,2
2025,1310,Southern Okanagan,Jan,31
2025,1310,Southern Okanagan,Feb,39
2025,1310,Southern Okanagan,Mar,32
2025,1310,Southern Okanagan,Apr,38
2025,1310,Southern Okanagan,May,33
2025,1310,Southern Okanagan,Jun,40
2025,1310,Southern Okanagan,Jul,24
2025,1310,Southern Okanagan,Aug,31
2025,1310,Southern Okanagan,Sep,25
2025,1310,Southern Okanagan,Oct,34
2025,1310,Southern Okanagan,Nov,37
2025,1310,Southern Okanagan,Dec,38
2025,1320,Penticton,Jan,70
2025,1320,Penticton,Feb,58
2025,1320,Penticton,Mar,56
2025,1320,Penticton,Apr,65
2025,1320,Penticton,May,66
2025,1320,Penticton,Jun,52
2025,1320,Penticton,Jul,54
2025,1320,Penticton,Aug,63
2025,1320,Penticton,Sep,51
2025,1320,Penticton,Oct,44
2025,1320,Penticton,Nov,48
2025,1320,Penticton,Dec,72
2025,1330,Keremeos,Jan,6
2025,1330,Keremeos,Feb,9
2025,1330,Keremeos,Mar,15
2025,1330,Keremeos,Apr,5
2025,1330,Keremeos,May,9
2025,1330,Keremeos,Jun,8
2025,1330,Keremeos,Jul,6
2025,1330,Keremeos,Aug,11
2025,1330,Keremeos,Sep,8
2025,1330,Keremeos,Oct,12
2025,1330,Keremeos,Nov,6
2025,1330,Keremeos,Dec,8
2025,1340,Princeton,Jan,6
2025,1340,Princeton,Feb,2
2025,1340,Princeton,Mar,5
2025,1340,Princeton,Apr,5
2025,1340,Princeton,May,6
2025,1340,Princeton,Jun,3
2025,1340,Princeton,Jul,8
2025,1340,Princeton,Aug,11
2025,1340,Princeton,Sep,6
2025,1340,Princeton,Oct,7
2025,1340,Princeton,Nov,4
2025,1340,Princeton,Dec,9
2025,1350,Armstrong/Spallumcheen,Jan,13
2025,1350,Armstrong/Spallumcheen,Feb,10
2025,1350,Armstrong/Spallumcheen,Mar,9
2025,1350,Armstrong/Spallumcheen,Apr,13
2025,1350,Armstrong/Spallumcheen,May,14
2025,1350,Armstrong/Spallumcheen,Jun,8
2025,1350,Armstrong/Spallumcheen,Jul,6
2025,1350,Armstrong/Spallumcheen,Aug,9
2025,1350,Armstrong/Spallumcheen,Sep,6
2025,1350,Armstrong/Spallumcheen,Oct,6
2025,1350,Armstrong/Spallumcheen,Nov,13
2025,1350,Armstrong/Spallumcheen,Dec,13
2025,1361,Vernon Centre/Coldstream,Jan,71
2025,1361,Vernon Centre/Coldstream,Feb,55
2025,1361,Vernon Centre/Coldstream,Mar,58
2025,1361,Vernon Centre/Coldstream,Apr,52
2025,1361,Vernon Centre/Coldstream,May,48
2025,1361,Vernon Centre/Coldstream,Jun,43
2025,1361,Vernon Centre/Coldstream,Jul,71
2025,1361,Vernon Centre/Coldstream,Aug,62
2025,1361,Vernon Centre/Coldstream,Sep,65
2025,1361,Vernon Centre/Coldstream,Oct,66
2025,1361,Vernon Centre/Coldstream,Nov,74
2025,1361,Vernon Centre/Coldstream,Dec,99
2025,1362,North Okanagan/Lumby,Jan,10
2025,1362,North Okanagan/Lumby,Feb,12
2025,1362,North Okanagan/Lumby,Mar,15
2025,1362,North Okanagan/Lumby,Apr,11
2025,1362,North Okanagan/Lumby,May,13
2025,1362,North Okanagan/Lumby,Jun,12
2025,1362,North Okanagan/Lumby,Jul,16
2025,1362,North Okanagan/Lumby,Aug,11
2025,1362,North Okanagan/Lumby,Sep,6
2025,1362,North Okanagan/Lumby,Oct,6
2025,1362,North Okanagan/Lumby,Nov,17
2025,1362,North Okanagan/Lumby,Dec,9
2025,1371,Central Okanagan Rural West,Jan,6
2025,1371,Central Okanagan Rural West,Feb,2
2025,1371,Central Okanagan Rural West,Mar,4
2025,1371,Central Okanagan Rural West,Apr,11
2025,1371,Central Okanagan Rural West,May,5
2025,1371,Central Okanagan Rural West,Jun,7
2025,1371,Central Okanagan Rural West,Jul,6
2025,1371,Central Okanagan Rural West,Aug,7
2025,1371,Central Okanagan Rural West,Sep,3
2025,1371,Central Okanagan Rural West,Oct,8
2025,1371,Central Okanagan Rural West,Nov,8
2025,1371,Central Okanagan Rural West,Dec,6
2025,1372,West Kelowna,Jan,46
2025,1372,West Kelowna,Feb,44
2025,1372,West Kelowna,Mar,38
2025,1372,West Kelowna,Apr,42
2025,1372,West Kelowna,May,46
2025,1372,West Kelowna,Jun,39
2025,1372,West Kelowna,Jul,50
2025,1372,West Kelowna,Aug,41
2025,1372,West Kelowna,Sep,29
2025,1372,West Kelowna,Oct,41
2025,1372,West Kelowna,Nov,45
2025,1372,West Kelowna,Dec,36
2025,1373,Lake Country,Jan,7
2025,1373,Lake Country,Feb,7
2025,1373,Lake Country,Mar,7
2025,1373,Lake Country,Apr,12
2025,1373,Lake Country,May,8
2025,1373,Lake Country,Jun,8
2025,1373,Lake Country,Jul,5
2025,1373,Lake Country,Aug,3
2025,1373,Lake Country,Sep,9
2025,1373,Lake Country,Oct,5
2025,1373,Lake Country,Nov,6
2025,1373,Lake Country,Dec,9
2025,1374,Glenmore,Jan,27
2025,1374,Glenmore,Feb,27
2025,1374,Glenmore,Mar,42
2025,1374,Glenmore,Apr,29
2025,1374,Glenmore,May,32
2025,1374,Glenmore,Jun,29
2025,1374,Glenmore,Jul,32
2025,1374,Glenmore,Aug,35
2025,1374,Glenmore,Sep,40
2025,1374,Glenmore,Oct,29
2025,1374,Glenmore,Nov,23
2025,1374,Glenmore,Dec,31
2025,1375,Downtown Kelowna,Jan,67
2025,1375,Downtown Kelowna,Feb,64
2025,1375,Downtown Kelowna,Mar,57
2025,1375,Downtown Kelowna,Apr,59
2025,1375,Downtown Kelowna,May,67
2025,1375,Downtown Kelowna,Jun,46
2025,1375,Downtown Kelowna,Jul,54
2025,1375,Downtown Kelowna,Aug,51
2025,1375,Downtown Kelowna,Sep,52
2025,1375,Downtown Kelowna,Oct,62
2025,1375,Downtown Kelowna,Nov,63
2025,1375,Downtown Kelowna,Dec,64
2025,1376,Rutland,Jan,37
2025,1376,Rutland,Feb,34
2025,1376,Rutland,Mar,26
2025,1376,Rutland,Apr,32
2025,1376,Rutland,May,28
2025,1376,Rutland,Jun,24
2025,1376,Rutland,Jul,29
2025,1376,Rutland,Aug,21
2025,1376,Rutland,Sep,34
2025,1376,Rutland,Oct,32
2025,1376,Rutland,Nov,28
2025,1376,Rutland,Dec,40
2025,1377,Okanagan Mission,Jan,15
2025,1377,Okanagan Mission,Feb,21
2025,1377,Okanagan Mission,Mar,19
2025,1377,Okanagan Mission,Apr,14
2025,1377,Okanagan Mission,May,13
2025,1377,Okanagan Mission,Jun,11
2025,1377,Okanagan Mission,Jul,17
2025,1377,Okanagan Mission,Aug,12
2025,1377,Okanagan Mission,Sep,14
2025,1377,Okanagan Mission,Oct,13
2025,1377,Okanagan Mission,Nov,6
2025,1377,Okanagan Mission,Dec,13
2025,1378,Central Okanagan Rural East,Jan,1
2025,1378,Central Okanagan Rural East,Feb,1
2025,1378,Central Okanagan Rural East,Mar,1
2025,1378,Central Okanagan Rural East,Apr,1
2025,1378,Central Okanagan Rural East,May,2
2025,1378,Central Okanagan Rural East,Jun,0
2025,1378,Central Okanagan Rural East,Jul,1
2025,1378,Central Okanagan Rural East,Aug,0
2025,1378,Central Okanagan Rural East,Sep,0
2025,1378,Central Okanagan Rural East,Oct,0
2025,1378,Central Okanagan Rural East,Nov,0
2025,1378,Central Okanagan Rural East,Dec,2
2025,1380,Summerland,Jan,17
2025,1380,Summerland,Feb,16
2025,1380,Summerland,Mar,16
2025,1380,Summerland,Apr,20
2025,1380,Summerland,May,13
2025,1380,Summerland,Jun,8
2025,1380,Summerland,Jul,16
2025,1380,Summerland,Aug,17
2025,1380,Summerland,Sep,14
2025,1380,Summerland,Oct,18
2025,1380,Summerland,Nov,16
2025,1380,Summerland,Dec,16
2025,1390,Enderby,Jan,2
2025,1390,Enderby,Feb,3
2025,1390,Enderby,Mar,7
2025,1390,Enderby,Apr,5
2025,1390,Enderby,May,6
2025,1390,Enderby,Jun,14
2025,1390,Enderby,Jul,5
2025,1390,Enderby,Aug,4
2025,1390,Enderby,Sep,9
2025,1390,Enderby,Oct,7
2025,1390,Enderby,Nov,4
2025,1390,Enderby,Dec,5
2025,1410,Revelstoke,Jan,11
2025,1410,Revelstoke,Feb,7
2025,1410,Revelstoke,Mar,9
2025,1410,Revelstoke,Apr,4
2025,1410,Revelstoke,May,3
2025,1410,Revelstoke,Jun,4
2025,1410,Revelstoke,Jul,4
2025,1410,Revelstoke,Aug,0
2025,1410,Revelstoke,Sep,5
2025,1410,Revelstoke,Oct,3
2025,1410,Revelstoke,Nov,6
2025,1410,Revelstoke,Dec,3
2025,1420,Salmon Arm,Jan,57
2025,1420,Salmon Arm,Feb,47
2025,1420,Salmon Arm,Mar,35
2025,1420,Salmon Arm,Apr,47
2025,1420,Salmon Arm,May,35
2025,1420,Salmon Arm,Jun,38
2025,1420,Salmon Arm,Jul,31
2025,1420,Salmon Arm,Aug,47
2025,1420,Salmon Arm,Sep,44
2025,1420,Salmon Arm,Oct,40
2025,1420,Salmon Arm,Nov,46
2025,1420,Salmon Arm,Dec,47
2025,1431,Kamloops Centre North,Jan,64
2025,1431,Kamloops Centre North,Feb,63
2025,1431,Kamloops Centre North,Mar,52
2025,1431,Kamloops Centre North,Apr,68
2025,1431,Kamloops Centre North,May,59
2025,1431,Kamloops Centre North,Jun,40
2025,1431,Kamloops Centre North,Jul,34
2025,1431,Kamloops Centre North,Aug,47
2025,1431,Kamloops Centre North,Sep,44
2025,1431,Kamloops Centre North,Oct,44
2025,1431,Kamloops Centre North,Nov,52
2025,1431,Kamloops Centre North,Dec,52
2025,1432,Kamloops Centre South,Jan,35
2025,1432,Kamloops Centre South,Feb,47
2025,1432,Kamloops Centre South,Mar,47
2025,1432,Kamloops Centre South,Apr,28
2025,1432,Kamloops Centre South,May,40
2025,1432,Kamloops Centre South,Jun,29
2025,1432,Kamloops Centre South,Jul,35
2025,1432,Kamloops Centre South,Aug,43
2025,1432,Kamloops Centre South,Sep,37
2025,1432,Kamloops Centre South,Oct,38
2025,1432,Kamloops Centre South,Nov,35
2025,1432,Kamloops Centre South,Dec,51
2025,1433,Lower Thompson,Jan,17
2025,1433,Lower Thompson,Feb,19
2025,1433,Lower Thompson,Mar,23
2025,1433,Lower Thompson,Apr,18
2025,1433,Lower Thompson,May,15
2025,1433,Lower Thompson,Jun,15
2025,1433,Lower Thompson,Jul,20
2025,1433,Lower Thompson,Aug,16
2025,1433,Lower Thompson,Sep,23
2025,1433,Lower Thompson,Oct,24
2025,1433,Lower Thompson,Nov,17
2025,1433,Lower Thompson,Dec,20
2025,1440,100 Mile House,Jan,22
2025,1440,100 Mile House,Feb,11
2025,1440,100 Mile House,Mar,13
2025,1440,100 Mile House,Apr,11
2025,1440,100 Mile House,May,14
2025,1440,100 Mile House,Jun,15
2025,1440,100 Mile House,Jul,12
2025,1440,100 Mile House,Aug,16
2025,1440,100 Mile House,Sep,13
2025,1440,100 Mile House,Oct,20
2025,1440,100 Mile House,Nov,14
2025,1440,100 Mile House,Dec,20
2025,1450,North Thompson,Jan,3
2025,1450,North Thompson,Feb,4
2025,1450,North Thompson,Mar,5
2025,1450,North Thompson,Apr,4
2025,1450,North Thompson,May,7
2025,1450,North Thompson,Jun,1
2025,1450,North Thompson,Jul,6
2025,1450,North Thompson,Aug,3
2025,1450,North Thompson,Sep,7
2025,1450,North Thompson,Oct,1
2025,1450,North Thompson,Nov,7
2025,1450,North Thompson,Dec,2
2025,1461,West Cariboo,Jan,3
2025,1461,West Cariboo,Feb,2
2025,1461,West Cariboo,Mar,2
2025,1461,West Cariboo,Apr,6
2025,1461,West Cariboo,May,2
2025,1461,West Cariboo,Jun,4
2025,1461,West Cariboo,Jul,1
2025,1461,West Cariboo,Aug,2
2025,1461,West Cariboo,Sep,2
2025,1461,West Cariboo,Oct,3
2025,1461,West Cariboo,Nov,5
2025,1461,West Cariboo,Dec,3
2025,1462,Williams Lake/East Cariboo,Jan,26
2025,1462,Williams Lake/East Cariboo,Feb,26
2025,1462,Williams Lake/East Cariboo,Mar,26
2025,1462,Williams Lake/East Cariboo,Apr,36
2025,1462,Williams Lake/East Cariboo,May,36
2025,1462,Williams Lake/East Cariboo,Jun,19
2025,1462,Williams Lake/East Cariboo,Jul,22
2025,1462,Williams Lake/East Cariboo,Aug,23
2025,1462,Williams Lake/East Cariboo,Sep,16
2025,1462,Williams Lake/East Cariboo,Oct,21
2025,1462,Williams Lake/East Cariboo,Nov,22
2025,1462,Williams Lake/East Cariboo,Dec,22
2025,1470,Lillooet,Jan,6
2025,1470,Lillooet,Feb,4
2025,1470,Lillooet,Mar,9
2025,1470,Lillooet,Apr,4
2025,1470,Lillooet,May,3
2025,1470,Lillooet,Jun,4
2025,1470,Lillooet,Jul,2
2025,1470,Lillooet,Aug,2
2025,1470,Lillooet,Sep,8
2025,1470,Lillooet,Oct,5
2025,1470,Lillooet,Nov,2
2025,1470,Lillooet,Dec,6
2025,1480,South Cariboo,Jan,9
2025,1480,South Cariboo,Feb,8
2025,1480,South Cariboo,Mar,15
2025,1480,South Cariboo,Apr,13
2025,1480,South Cariboo,May,6
2025,1480,South Cariboo,Jun,8
2025,1480,South Cariboo,Jul,9
2025,1480,South Cariboo,Aug,7
2025,1480,South Cariboo,Sep,3
2025,1480,South Cariboo,Oct,10
2025,1480,South Cariboo,Nov,9
2025,1480,South Cariboo,Dec,6
2025,1490,Merritt,Jan,8
2025,1490,Merritt,Feb,9
2025,1490,Merritt,Mar,11
2025,1490,Merritt,Apr,13
2025,1490,Merritt,May,7
2025,1490,Merritt,Jun,17
2025,1490,Merritt,Jul,16
2025,1490,Merritt,Aug,21
2025,1490,Merritt,Sep,7
2025,1490,Merritt,Oct,19
2025,1490,Merritt,Nov,9
2025,1490,Merritt,Dec,23
2025,2110,Hope,Jan,13
2025,2110,Hope,Feb,13
2025,2110,Hope,Mar,12
2025,2110,Hope,Apr,8
2025,2110,Hope,May,15
2025,2110,Hope,Jun,7
2025,2110,Hope,Jul,6
2025,2110,Hope,Aug,12
2025,2110,Hope,Sep,9
2025,2110,Hope,Oct,13
2025,2110,Hope,Nov,12
2025,2110,Hope,Dec,10
2025,2121,South Chilliwack,Jan,41
2025,2121,South Chilliwack,Feb,43
2025,2121,South Chilliwack,Mar,41
2025,2121,South Chilliwack,Apr,41
2025,2121,South Chilliwack,May,39
2025,2121,South Chilliwack,Jun,35
2025,2121,South Chilliwack,Jul,35
2025,2121,South Chilliwack,Aug,33
2025,2121,South Chilliwack,Sep,41
2025,2121,South Chilliwack,Oct,40
2025,2121,South Chilliwack,Nov,30
2025,2121,South Chilliwack,Dec,46
2025,2122,North Chilliwack,Jan,60
2025,2122,North Chilliwack,Feb,57
2025,2122,North Chilliwack,Mar,45
2025,2122,North Chilliwack,Apr,50
2025,2122,North Chilliwack,May,41
2025,2122,North Chilliwack,Jun,48
2025,2122,North Chilliwack,Jul,55
2025,2122,North Chilliwack,Aug,49
2025,2122,North Chilliwack,Sep,46
2025,2122,North Chilliwack,Oct,56
2025,2122,North Chilliwack,Nov,53
2025,2122,North Chilliwack,Dec,53
2025,2131,Central Abbotsford,Jan,41
2025,2131,Central Abbotsford,Feb,38
2025,2131,Central Abbotsford,Mar,38
2025,2131,Central Abbotsford,Apr,33
2025,2131,Central Abbotsford,May,31
2025,2131,Central Abbotsford,Jun,36
2025,2131,Central Abbotsford,Jul,39
2025,2131,Central Abbotsford,Aug,35
2025,2131,Central Abbotsford,Sep,34
2025,2131,Central Abbotsford,Oct,32
2025,2131,Central Abbotsford,Nov,38
2025,2131,Central Abbotsford,Dec,34
2025,2132,East Abbotsford,Jan,14
2025,2132,East Abbotsford,Feb,29
2025,2132,East Abbotsford,Mar,16
2025,2132,East Abbotsford,Apr,14
2025,2132,East Abbotsford,May,22
2025,2132,East Abbotsford,Jun,16
2025,2132,East Abbotsford,Jul,22
2025,2132,East Abbotsford,Aug,12
2025,2132,East Abbotsford,Sep,16
2025,2132,East Abbotsford,Oct,11
2025,2132,East Abbotsford,Nov,17
2025,2132,East Abbotsford,Dec,20
2025,2133,West Abbotsford,Jan,56
2025,2133,West Abbotsford,Feb,41
2025,2133,West Abbotsford,Mar,47
2025,2133,West Abbotsford,Apr,43
2025,2133,West Abbotsford,May,39
2025,2133,West Abbotsford,Jun,39
2025,2133,West Abbotsford,Jul,45
2025,2133,West Abbotsford,Aug,45
2025,2133,West Abbotsford,Sep,47
2025,2133,West Abbotsford,Oct,53
2025,2133,West Abbotsford,Nov,49
2025,2133,West Abbotsford,Dec,55
2025,2134,Abbotsford Rural,Jan,11
2025,2134,Abbotsford Rural,Feb,18
2025,2134,Abbotsford Rural,Mar,14
2025,2134,Abbotsford Rural,Apr,14
2025,2134,Abbotsford Rural,May,26
2025,2134,Abbotsford Rural,Jun,16
2025,2134,Abbotsford Rural,Jul,13
2025,2134,Abbotsford Rural,Aug,16
2025,2134,Abbotsford Rural,Sep,13
2025,2134,Abbotsford Rural,Oct,18
2025,2134,Abbotsford Rural,Nov,15
2025,2134,Abbotsford Rural,Dec,28
2025,2141,South Mission,Jan,35
2025,2141,South Mission,Feb,27
2025,2141,South Mission,Mar,32
2025,2141,South Mission,Apr,16
2025,2141,South Mission,May,25
2025,2141,South Mission,Jun,19
2025,2141,South Mission,Jul,24
2025,2141,South Mission,Aug,30
2025,2141,South Mission,Sep,26
2025,2141,South Mission,Oct,21
2025,2141,South Mission,Nov,24
2025,2141,South Mission,Dec,26
2025,2142,North Mission,Jan,11
2025,2142,North Mission,Feb,12
2025,2142,North Mission,Mar,12
2025,2142,North Mission,Apr,11
2025,2142,North Mission,May,2
2025,2142,North Mission,Jun,7
2025,2142,North Mission,Jul,13
2025,2142,North Mission,Aug,16
2025,2142,North Mission,Sep,8
2025,2142,North Mission,Oct,14
2025,2142,North Mission,Nov,10
2025,2142,North Mission,Dec,6
2025,2150,Agassiz/Harrison,Jan,10
2025,2150,Agassiz/Harrison,Feb,7
2025,2150,Agassiz/Harrison,Mar,12
2025,2150,Agassiz/Harrison,Apr,9
2025,2150,Agassiz/Harrison,May,10
2025,2150,Agassiz/Harrison,Jun,12
2025,2150,Agassiz/Harrison,Jul,5
2025,2150,Agassiz/Harrison,Aug,12
2025,2150,Agassiz/Harrison,Sep,18
2025,2150,Agassiz/Harrison,Oct,13
2025,2150,Agassiz/Harrison,Nov,14
2025,2150,Agassiz/Harrison,Dec,14
2025,2211,New Westminster - East,Jan,27
2025,2211,New Westminster - East,Feb,30
2025,2211,New Westminster - East,Mar,21
2025,2211,New Westminster - East,Apr,13
2025,2211,New Westminster - East,May,19
2025,2211,New Westminster - East,Jun,10
2025,2211,New Westminster - East,Jul,18
2025,2211,New Westminster - East,Aug,15
2025,2211,New Westminster - East,Sep,16
2025,2211,New Westminster - East,Oct,23
2025,2211,New Westminster - East,Nov,15
2025,2211,New Westminster - East,Dec,22
2025,2212,New Westminster - Central,Jan,21
2025,2212,New Westminster - Central,Feb,17
2025,2212,New Westminster - Central,Mar,17
2025,2212,New Westminster - Central,Apr,21
2025,2212,New Westminster - Central,May,19
2025,2212,New Westminster - Central,Jun,12
2025,2212,New Westminster - Central,Jul,8
2025,2212,New Westminster - Central,Aug,15
2025,2212,New Westminster - Central,Sep,12
2025,2212,New Westminster - Central,Oct,19
2025,2212,New Westminster - Central,Nov,9
2025,2212,New Westminster - Central,Dec,18
2025,2213,New Westminster - Downtown,Jan,8
2025,2213,New Westminster - Downtown,Feb,8
2025,2213,New Westminster - Downtown,Mar,6
2025,2213,New Westminster - Downtown,Apr,6
2025,2213,New Westminster - Downtown,May,4
2025,2213,New Westminster - Downtown,Jun,5
2025,2213,New Westminster - Downtown,Jul,8
2025,2213,New Westminster - Downtown,Aug,8
2025,2213,New Westminster - Downtown,Sep,3
2025,2213,New Westminster - Downtown,Oct,7
2025,2213,New Westminster - Downtown,Nov,8
2025,2213,New Westminster - Downtown,Dec,7
2025,2214,New Westminster - West/Queensborou,Jan,12
2025,2214,New Westminster - West/Queensborou,Feb,4
2025,2214,New Westminster - West/Queensborou,Mar,8
2025,2214,New Westminster - West/Queensborou,Apr,7
2025,2214,New Westminster - West/Queensborou,May,6
2025,2214,New Westminster - West/Queensborou,Jun,3
2025,2214,New Westminster - West/Queensborou,Jul,5
2025,2214,New Westminster - West/Queensborou,Aug,5
2025,2214,New Westminster - West/Queensborou,Sep,8
2025,2214,New Westminster - West/Queensborou,Oct,8
2025,2214,New Westminster - West/Queensborou,Nov,7
2025,2214,New Westminster - West/Queensborou,Dec,11
2025,2221,Burnaby Heights/Capital Hill,Jan,21
2025,2221,Burnaby Heights/Capital Hill,Feb,20
2025,2221,Burnaby Heights/Capital Hill,Mar,8
2025,2221,Burnaby Heights/Capital Hill,Apr,10
2025,2221,Burnaby Heights/Capital Hill,May,16
2025,2221,Burnaby Heights/Capital Hill,Jun,14
2025,2221,Burnaby Heights/Capital Hill,Jul,17
2025,2221,Burnaby Heights/Capital Hill,Aug,13
2025,2221,Burnaby Heights/Capital Hill,Sep,8
2025,2221,Burnaby Heights/Capital Hill,Oct,17
2025,2221,Burnaby Heights/Capital Hill,Nov,17
2025,2221,Burnaby Heights/Capital Hill,Dec,10
2025,2222,Brentwood/Willingdon/Parkcrest,Jan,11
2025,2222,Brentwood/Willingdon/Parkcrest,Feb,16
2025,2222,Brentwood/Willingdon/Parkcrest,Mar,8
2025,2222,Brentwood/Willingdon/Parkcrest,Apr,9
2025,2222,Brentwood/Willingdon/Parkcrest,May,12
2025,2222,Brentwood/Willingdon/Parkcrest,Jun,9
2025,2222,Brentwood/Willingdon/Parkcrest,Jul,18
2025,2222,Brentwood/Willingdon/Parkcrest,Aug,11
2025,2222,Brentwood/Willingdon/Parkcrest,Sep,10
2025,2222,Brentwood/Willingdon/Parkcrest,Oct,12
2025,2222,Brentwood/Willingdon/Parkcrest,Nov,7
2025,2222,Brentwood/Willingdon/Parkcrest,Dec,10
2025,2223,Westridge/Sperling/Gov't Road,Jan,11
2025,2223,Westridge/Sperling/Gov't Road,Feb,9
2025,2223,Westridge/Sperling/Gov't Road,Mar,10
2025,2223,Westridge/Sperling/Gov't Road,Apr,9
2025,2223,Westridge/Sperling/Gov't Road,May,13
2025,2223,Westridge/Sperling/Gov't Road,Jun,15
2025,2223,Westridge/Sperling/Gov't Road,Jul,11
2025,2223,Westridge/Sperling/Gov't Road,Aug,8
2025,2223,Westridge/Sperling/Gov't Road,Sep,14
2025,2223,Westridge/Sperling/Gov't Road,Oct,20
2025,2223,Westridge/Sperling/Gov't Road,Nov,16
2025,2223,Westridge/Sperling/Gov't Road,Dec,15
2025,2224,Burnaby Mountain/Lougheed,Jan,13
2025,2224,Burnaby Mountain/Lougheed,Feb,5
2025,2224,Burnaby Mountain/Lougheed,Mar,7
2025,2224,Burnaby Mountain/Lougheed,Apr,4
2025,2224,Burnaby Mountain/Lougheed,May,9
2025,2224,Burnaby Mountain/Lougheed,Jun,8
2025,2224,Burnaby Mountain/Lougheed,Jul,10
2025,2224,Burnaby Mountain/Lougheed,Aug,14
2025,2224,Burnaby Mountain/Lougheed,Sep,5
2025,2224,Burnaby Mountain/Lougheed,Oct,7
2025,2224,Burnaby Mountain/Lougheed,Nov,11
2025,2224,Burnaby Mountain/Lougheed,Dec,8
2026,1110,Fernie,Jan,10
2026,1110,Fernie,Feb,13
2026,1110,Fernie,Mar,12
2026,1110,Fernie,Apr,9
2026,1110,Fernie,May,6
2026,1110,Fernie,Jun,15
2026,1110,Fernie,Jul,9
2026,1110,Fernie,Aug,0
2026,1110,Fernie,Sep,0
2026,1110,Fernie,Oct,0
2026,1110,Fernie,Nov,0
2026,1110,Fernie,Dec,0
2026,1120,Cranbrook,Jan,38
2026,1120,Cranbrook,Feb,33
2026,1120,Cranbrook,Mar,22
2026,1120,Cranbrook,Apr,21
2026,1120,Cranbrook,May,17
2026,1120,Cranbrook,Jun,22
2026,1120,Cranbrook,Jul,23
2026,1120,Cranbrook,Aug,0
2026,1120,Cranbrook,Sep,0
2026,1120,Cranbrook,Oct,0
2026,1120,Cranbrook,Nov,0
2026,1120,Cranbrook,Dec,0
2026,1130,Kimberley,Jan,10
2026,1130,Kimberley,Feb,9
2026,1130,Kimberley,Mar,10
2026,1130,Kimberley,Apr,7
2026,1130,Kimberley,May,10
2026,1130,Kimberley,Jun,10
2026,1130,Kimberley,Jul,6
2026,1130,Kimberley,Aug,0
2026,1130,Kimberley,Sep,0
2026,1130,Kimberley,Oct,0
2026,1130,Kimberley,Nov,0
2026,1130,Kimberley,Dec,0
2026,1140,Windermere,Jan,11
2026,1140,Windermere,Feb,11
2026,1140,Windermere,Mar,13
2026,1140,Windermere,Apr,9
2026,1140,Windermere,May,6
2026,1140,Windermere,Jun,13
2026,1140,Windermere,Jul,15
2026,1140,Windermere,Aug,0
2026,1140,Windermere,Sep,0
2026,1140,Windermere,Oct,0
2026,1140,Windermere,Nov,0
2026,1140,Windermere,Dec,0
2026,1150,Creston,Jan,21
2026,1150,Creston,Feb,14
2026,1150,Creston,Mar,15
2026,1150,Creston,Apr,13
2026,1150,Creston,May,18
2026,1150,Creston,Jun,13
2026,1150,Creston,Jul,12
2026,1150,Creston,Aug,0
2026,1150,Creston,Sep,0
2026,1150,Creston,Oct,0
2026,1150,Creston,Nov,0
2026,1150,Creston,Dec,0
2026,1160,Golden,Jan,1
2026,1160,Golden,Feb,4
2026,1160,Golden,Mar,6
2026,1160,Golden,Apr,1
2026,1160,Golden,May,1
2026,1160,Golden,Jun,3
2026,1160,Golden,Jul,3
2026,1160,Golden,Aug,0
2026,1160,Golden,Sep,0
2026,1160,Golden,Oct,0
2026,1160,Golden,Nov,0
2026,1160,Golden,Dec,0
2026,1210,Kootenay Lake,Jan,6
2026,1210,Kootenay Lake,Feb,0
2026,1210,Kootenay Lake,Mar,2
2026,1210,Kootenay Lake,Apr,2
2026,1210,Kootenay Lake,May,2
2026,1210,Kootenay Lake,Jun,3
2026,1210,Kootenay Lake,Jul,4
2026,1210,Kootenay Lake,Aug,0
2026,1210,Kootenay Lake,Sep,0
2026,1210,Kootenay Lake,Oct,0
2026,1210,Kootenay Lake,Nov,0
2026,1210,Kootenay Lake,Dec,0
2026,1220,Nelson,Jan,20
2026,1220,Nelson,Feb,12
2026,1220,Nelson,Mar,21
2026,1220,Nelson,Apr,21
2026,1220,Nelson,May,20
2026,1220,Nelson,Jun,22
2026,1220,Nelson,Jul,14
2026,1220,Nelson,Aug,0
2026,1220,Nelson,Sep,0
2026,1220,Nelson,Oct,0
2026,1220,Nelson,Nov,0
2026,1220,Nelson,Dec,0
2026,1230,Castlegar,Jan,10
2026,1230,Castlegar,Feb,15
2026,1230,Castlegar,Mar,10
2026,1230,Castlegar,Apr,13
2026,1230,Castlegar,May,11
2026,1230,Castlegar,Jun,12
2026,1230,Castlegar,Jul,8
2026,1230,Castlegar,Aug,0
2026,1230,Castlegar,Sep,0
2026,1230,Castlegar,Oct,0
2026,1230,Castlegar,Nov,0
2026,1230,Castlegar,Dec,0
2026,1240,Arrow Lakes,Jan,7
2026,1240,Arrow Lakes,Feb,3
2026,1240,Arrow Lakes,Mar,8
2026,1240,Arrow Lakes,Apr,8
2026,1240,Arrow Lakes,May,12
2026,1240,Arrow Lakes,Jun,2
2026,1240,Arrow Lakes,Jul,2
2026,1240,Arrow Lakes,Aug,0
2026,1240,Arrow Lakes,Sep,0
2026,1240,Arrow Lakes,Oct,0
2026,1240,Arrow Lakes,Nov,0
2026,1240,Arrow Lakes,Dec,0
2026,1250,Trail,Jan,24
2026,1250,Trail,Feb,24
2026,1250,Trail,Mar,23
2026,1250,Trail,Apr,16
2026,1250,Trail,May,18
2026,1250,Trail,Jun,19
2026,1250,Trail,Jul,12
2026,1250,Trail,Aug,0
2026,1250,Trail,Sep,0
2026,1250,Trail,Oct,0
2026,1250,Trail,Nov,0
2026,1250,Trail,Dec,0
2026,1260,Grand Forks,Jan,16
2026,1260,Grand Forks,Feb,12
2026,1260,Grand Forks,Mar,15
2026,1260,Grand Forks,Apr,15
2026,1260,Grand Forks,May,16
2026,1260,Grand Forks,Jun,12
2026,1260,Grand Forks,Jul,9
2026,1260,Grand Forks,Aug,0
2026,1260,Grand Forks,Sep,0
2026,1260,Grand Forks,Oct,0
2026,1260,Grand Forks,Nov,0
2026,1260,Grand Forks,Dec,0
2026,1270,Kettle Valley,Jan,10
2026,1270,Kettle Valley,Feb,2
2026,1270,Kettle Valley,Mar,5
2026,1270,Kettle Valley,Apr,3
2026,1270,Kettle Valley,May,5
2026,1270,Kettle Valley,Jun,1
2026,1270,Kettle Valley,Jul,1
2026,1270,Kettle Valley,Aug,0
2026,1270,Kettle Valley,Sep,0
2026,1270,Kettle Valley,Oct,0
2026,1270,Kettle Valley,Nov,0
2026,1270,Kettle Valley,Dec,0
2026,1310,Southern Okanagan,Jan,39
2026,1310,Southern Okanagan,Feb,20
2026,1310,Southern Okanagan,Mar,26
2026,1310,Southern Okanagan,Apr,33
2026,1310,Southern Okanagan,May,27
2026,1310,Southern Okanagan,Jun,24
2026,1310,Southern Okanagan,Jul,32
2026,1310,Southern Okanagan,Aug,0
2026,1310,Southern Okanagan,Sep,0
2026,1310,Southern Okanagan,Oct,0
2026,1310,Southern Okanagan,Nov,0
2026,1310,Southern Okanagan,Dec,0
2026,1320,Penticton,Jan,67
2026,1320,Penticton,Feb,71
2026,1320,Penticton,Mar,64
2026,1320,Penticton,Apr,46
2026,1320,Penticton,May,57
2026,1320,Penticton,Jun,53
2026,1320,Penticton,Jul,44
2026,1320,Penticton,Aug,0
2026,1320,Penticton,Sep,0
2026,1320,Penticton,Oct,0
2026,1320,Penticton,Nov,0
2026,1320,Penticton,Dec,0
2026,1330,Keremeos,Jan,14
2026,1330,Keremeos,Feb,7
2026,1330,Keremeos,Mar,11
2026,1330,Keremeos,Apr,7
2026,1330,Keremeos,May,10
2026,1330,Keremeos,Jun,2
2026,1330,Keremeos,Jul,7
2026,1330,Keremeos,Aug,0
2026,1330,Keremeos,Sep,0
2026,1330,Keremeos,Oct,0
2026,1330,Keremeos,Nov,0
2026,1330,Keremeos,Dec,0
2026,1340,Princeton,Jan,3
2026,1340,Princeton,Feb,4
2026,1340,Princeton,Mar,12
2026,1340,Princeton,Apr,4
2026,1340,Princeton,May,12
2026,1340,Princeton,Jun,14
2026,1340,Princeton,Jul,9
2026,1340,Princeton,Aug,0
2026,1340,Princeton,Sep,0
2026,1340,Princeton,Oct,0
2026,1340,Princeton,Nov,0
2026,1340,Princeton,Dec,0
2026,1350,Armstrong/Spallumcheen,Jan,9
2026,1350,Armstrong/Spallumcheen,Feb,5
2026,1350,Armstrong/Spallumcheen,Mar,10
2026,1350,Armstrong/Spallumcheen,Apr,12
2026,1350,Armstrong/Spallumcheen,May,8
2026,1350,Armstrong/Spallumcheen,Jun,7
2026,1350,Armstrong/Spallumcheen,Jul,10
2026,1350,Armstrong/Spallumcheen,Aug,0
2026,1350,Armstrong/Spallumcheen,Sep,0
2026,1350,Armstrong/Spallumcheen,Oct,0
2026,1350,Armstrong/Spallumcheen,Nov,0
2026,1350,Armstrong/Spallumcheen,Dec,0
2026,1361,Vernon Centre/Coldstream,Jan,58
2026,1361,Vernon Centre/Coldstream,Feb,72
2026,1361,Vernon Centre/Coldstream,Mar,70
2026,1361,Vernon Centre/Coldstream,Apr,61
2026,1361,Vernon Centre/Coldstream,May,53
2026,1361,Vernon Centre/Coldstream,Jun,63
2026,1361,Vernon Centre/Coldstream,Jul,54
2026,1361,Vernon Centre/Coldstream,Aug,0
2026,1361,Vernon Centre/Coldstream,Sep,0
2026,1361,Vernon Centre/Coldstream,Oct,0
2026,1361,Vernon Centre/Coldstream,Nov,0
2026,1361,Vernon Centre/Coldstream,Dec,0
2026,1362,North Okanagan/Lumby,Jan,13
2026,1362,North Okanagan/Lumby,Feb,16
2026,1362,North Okanagan/Lumby,Mar,13
2026,1362,North Okanagan/Lumby,Apr,13
2026,1362,North Okanagan/Lumby,May,19
2026,1362,North Okanagan/Lumby,Jun,12
2026,1362,North Okanagan/Lumby,Jul,6
2026,1362,North Okanagan/Lumby,Aug,0
2026,1362,North Okanagan/Lumby,Sep,0
2026,1362,North Okanagan/Lumby,Oct,0
2026,1362,North Okanagan/Lumby,Nov,0
2026,1362,North Okanagan/Lumby,Dec,0
2026,1371,Central Okanagan Rural West,Jan,8
2026,1371,Central Okanagan Rural West,Feb,8
2026,1371,Central Okanagan Rural West,Mar,3
2026,1371,Central Okanagan Rural West,Apr,3
2026,1371,Central Okanagan Rural West,May,9
2026,1371,Central Okanagan Rural West,Jun,2
2026,1371,Central Okanagan Rural West,Jul,7
2026,1371,Central Okanagan Rural West,Aug,0
2026,1371,Central Okanagan Rural West,Sep,0
2026,1371,Central Okanagan Rural West,Oct,0
2026,1371,Central Okanagan Rural West,Nov,0
2026,1371,Central Okanagan Rural West,Dec,0
2026,1372,West Kelowna,Jan,39
2026,1372,West Kelowna,Feb,45
2026,1372,West Kelowna,Mar,50
2026,1372,West Kelowna,Apr,32
2026,1372,West Kelowna,May,39
2026,1372,West Kelowna,Jun,36
2026,1372,West Kelowna,Jul,43
2026,1372,West Kelowna,Aug,0
2026,1372,West Kelowna,Sep,0
2026,1372,West Kelowna,Oct,0
2026,1372,West Kelowna,Nov,0
2026,1372,West Kelowna,Dec,0
2026,1373,Lake Country,Jan,6
2026,1373,Lake Country,Feb,10
2026,1373,Lake Country,Mar,13
2026,1373,Lake Country,Apr,4
2026,1373,Lake Country,May,4
2026,1373,Lake Country,Jun,12
2026,1373,Lake Country,Jul,7
2026,1373,Lake Country,Aug,0
2026,1373,Lake Country,Sep,0
2026,1373,Lake Country,Oct,0
2026,1373,Lake Country,Nov,0
2026,1373,Lake Country,Dec,0
2026,1374,Glenmore,Jan,32
2026,1374,Glenmore,Feb,33
2026,1374,Glenmore,Mar,26
2026,1374,Glenmore,Apr,22
2026,1374,Glenmore,May,24
2026,1374,Glenmore,Jun,34
2026,1374,Glenmore,Jul,24
2026,1374,Glenmore,Aug,0
2026,1374,Glenmore,Sep,0
2026,1374,Glenmore,Oct,0
2026,1374,Glenmore,Nov,0
2026,1374,Glenmore,Dec,0
2026,1375,Downtown Kelowna,Jan,72
2026,1375,Downtown Kelowna,Feb,70
2026,1375,Downtown Kelowna,Mar,57
2026,1375,Downtown Kelowna,Apr,49
2026,1375,Downtown Kelowna,May,54
2026,1375,Downtown Kelowna,Jun,49
2026,1375,Downtown Kelowna,Jul,57
2026,1375,Downtown Kelowna,Aug,0
2026,1375,Downtown Kelowna,Sep,0
2026,1375,Downtown Kelowna,Oct,0
2026,1375,Downtown Kelowna,Nov,0
2026,1375,Downtown Kelowna,Dec,0
2026,1376,Rutland,Jan,30
2026,1376,Rutland,Feb,29
2026,1376,Rutland,Mar,31
2026,1376,Rutland,Apr,22
2026,1376,Rutland,May,25
2026,1376,Rutland,Jun,33
2026,1376,Rutland,Jul,18
2026,1376,Rutland,Aug,0
2026,1376,Rutland,Sep,0
2026,1376,Rutland,Oct,0
2026,1376,Rutland,Nov,0
2026,1376,Rutland,Dec,0
2026,1377,Okanagan Mission,Jan,25
2026,1377,Okanagan Mission,Feb,10
2026,1377,Okanagan Mission,Mar,13
2026,1377,Okanagan Mission,Apr,14
2026,1377,Okanagan Mission,May,6
2026,1377,Okanagan Mission,Jun,12
2026,1377,Okanagan Mission,Jul,8
2026,1377,Okanagan Mission,Aug,0
2026,1377,Okanagan Mission,Sep,0
2026,1377,Okanagan Mission,Oct,0
2026,1377,Okanagan Mission,Nov,0
2026,1377,Okanagan Mission,Dec,0
2026,1378,Central Okanagan Rural East,Jan,2
2026,1378,Central Okanagan Rural East,Feb,0
2026,1378,Central Okanagan Rural East,Mar,0
2026,1378,Central Okanagan Rural East,Apr,0
2026,1378,Central Okanagan Rural East,May,2
2026,1378,Central Okanagan Rural East,Jun,0
2026,1378,Central Okanagan Rural East,Jul,0
2026,1378,Central Okanagan Rural East,Aug,0
2026,1378,Central Okanagan Rural East,Sep,0
2026,1378,Central Okanagan Rural East,Oct,0
2026,1378,Central Okanagan Rural East,Nov,0
2026,1378,Central Okanagan Rural East,Dec,0
2026,1380,Summerland,Jan,15
2026,1380,Summerland,Feb,11
2026,1380,Summerland,Mar,21
2026,1380,Summerland,Apr,19
2026,1380,Summerland,May,16
2026,1380,Summerland,Jun,17
2026,1380,Summerland,Jul,8
2026,1380,Summerland,Aug,0
2026,1380,Summerland,Sep,0
2026,1380,Summerland,Oct,0
2026,1380,Summerland,Nov,0
2026,1380,Summerland,Dec,0
2026,1390,Enderby,Jan,7
2026,1390,Enderby,Feb,8
2026,1390,Enderby,Mar,7
2026,1390,Enderby,Apr,7
2026,1390,Enderby,May,6
2026,1390,Enderby,Jun,5
2026,1390,Enderby,Jul,6
2026,1390,Enderby,Aug,0
2026,1390,Enderby,Sep,0
2026,1390,Enderby,Oct,0
2026,1390,Enderby,Nov,0
2026,1390,Enderby,Dec,0
2026,1410,Revelstoke,Jan,1
2026,1410,Revelstoke,Feb,6
2026,1410,Revelstoke,Mar,9
2026,1410,Revelstoke,Apr,4
2026,1410,Revelstoke,May,6
2026,1410,Revelstoke,Jun,4
2026,1410,Revelstoke,Jul,6
2026,1410,Revelstoke,Aug,0
2026,1410,Revelstoke,Sep,0
2026,1410,Revelstoke,Oct,0
2026,1410,Revelstoke,Nov,0
2026,1410,Revelstoke,Dec,0
2026,1420,Salmon Arm,Jan,59
2026,1420,Salmon Arm,Feb,37
2026,1420,Salmon Arm,Mar,46
2026,1420,Salmon Arm,Apr,40
2026,1420,Salmon Arm,May,38
2026,1420,Salmon Arm,Jun,38
2026,1420,Salmon Arm,Jul,34
2026,1420,Salmon Arm,Aug,0
2026,1420,Salmon Arm,Sep,0
2026,1420,Salmon Arm,Oct,0
2026,1420,Salmon Arm,Nov,0
2026,1420,Salmon Arm,Dec,0
2026,1431,Kamloops Centre North,Jan,72
2026,1431,Kamloops Centre North,Feb,57
2026,1431,Kamloops Centre North,Mar,62
2026,1431,Kamloops Centre North,Apr,74
2026,1431,Kamloops Centre North,May,52
2026,1431,Kamloops Centre North,Jun,41
2026,1431,Kamloops Centre North,Jul,43
2026,1431,Kamloops Centre North,Aug,0
2026,1431,Kamloops Centre North,Sep,0
2026,1431,Kamloops Centre North,Oct,0
2026,1431,Kamloops Centre North,Nov,0
2026,1431,Kamloops Centre North,Dec,0
2026,1432,Kamloops Centre South,Jan,49
2026,1432,Kamloops Centre South,Feb,40
2026,1432,Kamloops Centre South,Mar,37
2026,1432,Kamloops Centre South,Apr,41
2026,1432,Kamloops Centre South,May,31
2026,1432,Kamloops Centre South,Jun,36
2026,1432,Kamloops Centre South,Jul,30
2026,1432,Kamloops Centre South,Aug,0
2026,1432,Kamloops Centre South,Sep,0
2026,1432,Kamloops Centre South,Oct,0
2026,1432,Kamloops Centre South,Nov,0
2026,1432,Kamloops Centre South,Dec,0
2026,1433,Lower Thompson,Jan,19
2026,1433,Lower Thompson,Feb,24
2026,1433,Lower Thompson,Mar,10
2026,1433,Lower Thompson,Apr,19
2026,1433,Lower Thompson,May,13
2026,1433,Lower Thompson,Jun,15
2026,1433,Lower Thompson,Jul,11
2026,1433,Lower Thompson,Aug,0
2026,1433,Lower Thompson,Sep,0
2026,1433,Lower Thompson,Oct,0
2026,1433,Lower Thompson,Nov,0
2026,1433,Lower Thompson,Dec,0
2026,1440,100 Mile House,Jan,20
2026,1440,100 Mile House,Feb,17
2026,1440,100 Mile House,Mar,24
2026,1440,100 Mile House,Apr,13
2026,1440,100 Mile House,May,15
2026,1440,100 Mile House,Jun,17
2026,1440,100 Mile House,Jul,12
2026,1440,100 Mile House,Aug,0
2026,1440,100 Mile House,Sep,0
2026,1440,100 Mile House,Oct,0
2026,1440,100 Mile House,Nov,0
2026,1440,100 Mile House,Dec,0
2026,1450,North Thompson,Jan,7
2026,1450,North Thompson,Feb,4
2026,1450,North Thompson,Mar,2
2026,1450,North Thompson,Apr,5
2026,1450,North Thompson,May,2
2026,1450,North Thompson,Jun,6
2026,1450,North Thompson,Jul,4
2026,1450,North Thompson,Aug,0
2026,1450,North Thompson,Sep,0
2026,1450,North Thompson,Oct,0
2026,1450,North Thompson,Nov,0
2026,1450,North Thompson,Dec,0
2026,1461,West Cariboo,Jan,3
2026,1461,West Cariboo,Feb,2
2026,1461,West Cariboo,Mar,4
2026,1461,West Cariboo,Apr,1
2026,1461,West Cariboo,May,2
2026,1461,West Cariboo,Jun,4
2026,1461,West Cariboo,Jul,2
2026,1461,West Cariboo,Aug,0
2026,1461,West Cariboo,Sep,0
2026,1461,West Cariboo,Oct,0
2026,1461,West Cariboo,Nov,0
2026,1461,West Cariboo,Dec,0
2026,1462,Williams Lake/East Cariboo,Jan,24
2026,1462,Williams Lake/East Cariboo,Feb,23
2026,1462,Williams Lake/East Cariboo,Mar,18
2026,1462,Williams Lake/East Cariboo,Apr,21
2026,1462,Williams Lake/East Cariboo,May,25
2026,1462,Williams Lake/East Cariboo,Jun,24
2026,1462,Williams Lake/East Cariboo,Jul,17
2026,1462,Williams Lake/East Cariboo,Aug,0
2026,1462,Williams Lake/East Cariboo,Sep,0
2026,1462,Williams Lake/East Cariboo,Oct,0
2026,1462,Williams Lake/East Cariboo,Nov,0
2026,1462,Williams Lake/East Cariboo,Dec,0
2026,1470,Lillooet,Jan,5
2026,1470,Lillooet,Feb,5
2026,1470,Lillooet,Mar,6
2026,1470,Lillooet,Apr,7
2026,1470,Lillooet,May,8
2026,1470,Lillooet,Jun,1
2026,1470,Lillooet,Jul,2
2026,1470,Lillooet,Aug,0
2026,1470,Lillooet,Sep,0
2026,1470,Lillooet,Oct,0
2026,1470,Lillooet,Nov,0
2026,1470,Lillooet,Dec,0
2026,1480,South Cariboo,Jan,5
2026,1480,South Cariboo,Feb,6
2026,1480,South Cariboo,Mar,7
2026,1480,South Cariboo,Apr,8
2026,1480,South Cariboo,May,6
2026,1480,South Cariboo,Jun,9
2026,1480,South Cariboo,Jul,5
2026,1480,South Cariboo,Aug,0
2026,1480,South Cariboo,Sep,0
2026,1480,South Cariboo,Oct,0
2026,1480,South Cariboo,Nov,0
2026,1480,South Cariboo,Dec,0
2026,1490,Merritt,Jan,18
2026,1490,Merritt,Feb,15
2026,1490,Merritt,Mar,14
2026,1490,Merritt,Apr,8
2026,1490,Merritt,May,16
2026,1490,Merritt,Jun,9
2026,1490,Merritt,Jul,12
2026,1490,Merritt,Aug,0
2026,1490,Merritt,Sep,0
2026,1490,Merritt,Oct,0
2026,1490,Merritt,Nov,0
2026,1490,Merritt,Dec,0
2026,2110,Hope,Jan,13
2026,2110,Hope,Feb,16
2026,2110,Hope,Mar,15
2026,2110,Hope,Apr,10
2026,2110,Hope,May,9
2026,2110,Hope,Jun,13
2026,2110,Hope,Jul,5
2026,2110,Hope,Aug,0
2026,2110,Hope,Sep,0
2026,2110,Hope,Oct,0
2026,2110,Hope,Nov,0
2026,2110,Hope,Dec,0
2026,2121,South Chilliwack,Jan,41
2026,2121,South Chilliwack,Feb,35
2026,2121,South Chilliwack,Mar,47
2026,2121,South Chilliwack,Apr,38
2026,2121,South Chilliwack,May,42
2026,2121,South Chilliwack,Jun,44
2026,2121,South Chilliwack,Jul,22
2026,2121,South Chilliwack,Aug,0
2026,2121,South Chilliwack,Sep,0
2026,2121,South Chilliwack,Oct,0
2026,2121,South Chilliwack,Nov,0
2026,2121,South Chilliwack,Dec,0
2026,2122,North Chilliwack,Jan,61
2026,2122,North Chilliwack,Feb,48
2026,2122,North Chilliwack,Mar,56
2026,2122,North Chilliwack,Apr,39
2026,2122,North Chilliwack,May,39
2026,2122,North Chilliwack,Jun,45
2026,2122,North Chilliwack,Jul,40
2026,2122,North Chilliwack,Aug,0
2026,2122,North Chilliwack,Sep,0
2026,2122,North Chilliwack,Oct,0
2026,2122,North Chilliwack,Nov,0
2026,2122,North Chilliwack,Dec,0
2026,2131,Central Abbotsford,Jan,31
2026,2131,Central Abbotsford,Feb,31
2026,2131,Central Abbotsford,Mar,40
2026,2131,Central Abbotsford,Apr,41
2026,2131,Central Abbotsford,May,30
2026,2131,Central Abbotsford,Jun,33
2026,2131,Central Abbotsford,Jul,23
2026,2131,Central Abbotsford,Aug,0
2026,2131,Central Abbotsford,Sep,0
2026,2131,Central Abbotsford,Oct,0
2026,2131,Central Abbotsford,Nov,0
2026,2131,Central Abbotsford,Dec,0
2026,2132,East Abbotsford,Jan,17
2026,2132,East Abbotsford,Feb,22
2026,2132,East Abbotsford,Mar,15
2026,2132,East Abbotsford,Apr,17
2026,2132,East Abbotsford,May,15
2026,2132,East Abbotsford,Jun,18
2026,2132,East Abbotsford,Jul,17
2026,2132,East Abbotsford,Aug,0
2026,2132,East Abbotsford,Sep,0
2026,2132,East Abbotsford,Oct,0
2026,2132,East Abbotsford,Nov,0
2026,2132,East Abbotsford,Dec,0
2026,2133,West Abbotsford,Jan,47
2026,2133,West Abbotsford,Feb,50
2026,2133,West Abbotsford,Mar,54
2026,2133,West Abbotsford,Apr,43
2026,2133,West Abbotsford,May,43
2026,2133,West Abbotsford,Jun,30
2026,2133,West Abbotsford,Jul,43
2026,2133,West Abbotsford,Aug,0
2026,2133,West Abbotsford,Sep,0
2026,2133,West Abbotsford,Oct,0
2026,2133,West Abbotsford,Nov,0
2026,2133,West Abbotsford,Dec,0
2026,2134,Abbotsford Rural,Jan,13
2026,2134,Abbotsford Rural,Feb,13
2026,2134,Abbotsford Rural,Mar,21
2026,2134,Abbotsford Rural,Apr,16
2026,2134,Abbotsford Rural,May,15
2026,2134,Abbotsford Rural,Jun,12
2026,2134,Abbotsford Rural,Jul,10
2026,2134,Abbotsford Rural,Aug,0
2026,2134,Abbotsford Rural,Sep,0
2026,2134,Abbotsford Rural,Oct,0
2026,2134,Abbotsford Rural,Nov,0
2026,2134,Abbotsford Rural,Dec,0
2026,2141,South Mission,Jan,17
2026,2141,South Mission,Feb,21
2026,2141,South Mission,Mar,29
2026,2141,South Mission,Apr,16
2026,2141,South Mission,May,26
2026,2141,South Mission,Jun,15
2026,2141,South Mission,Jul,26
2026,2141,South Mission,Aug,0
2026,2141,South Mission,Sep,0
2026,2141,South Mission,Oct,0
2026,2141,South Mission,Nov,0
2026,2141,South Mission,Dec,0
2026,2142,North Mission,Jan,11
2026,2142,North Mission,Feb,21
2026,2142,North Mission,Mar,12
2026,2142,North Mission,Apr,6
2026,2142,North Mission,May,12
2026,2142,North Mission,Jun,17
2026,2142,North Mission,Jul,5
2026,2142,North Mission,Aug,0
2026,2142,North Mission,Sep,0
2026,2142,North Mission,Oct,0
2026,2142,North Mission,Nov,0
2026,2142,North Mission,Dec,0
2026,2150,Agassiz/Harrison,Jan,12
2026,2150,Agassiz/Harrison,Feb,12
2026,2150,Agassiz/Harrison,Mar,20
2026,2150,Agassiz/Harrison,Apr,10
2026,2150,Agassiz/Harrison,May,8
2026,2150,Agassiz/Harrison,Jun,10
2026,2150,Agassiz/Harrison,Jul,7
2026,2150,Agassiz/Harrison,Aug,0
2026,2150,Agassiz/Harrison,Sep,0
2026,2150,Agassiz/Harrison,Oct,0
2026,2150,Agassiz/Harrison,Nov,0
2026,2150,Agassiz/Harrison,Dec,0
2026,2211,New Westminster - East,Jan,30
2026,2211,New Westminster - East,Feb,24
2026,2211,New Westminster - East,Mar,19
2026,2211,New Westminster - East,Apr,22
2026,2211,New Westminster - East,May,15
2026,2211,New Westminster - East,Jun,8
2026,2211,New Westminster - East,Jul,19
2026,2211,New Westminster - East,Aug,0
2026,2211,New Westminster - East,Sep,0
2026,2211,New Westminster - East,Oct,0
2026,2211,New Westminster - East,Nov,0
2026,2211,New Westminster - East,Dec,0
2026,2212,New Westminster - Central,Jan,9
2026,2212,New Westminster - Central,Feb,14
2026,2212,New Westminster - Central,Mar,14
2026,2212,New Westminster - Central,Apr,10
2026,2212,New Westminster - Central,May,13
2026,2212,New Westminster - Central,Jun,11
2026,2212,New Westminster - Central,Jul,6
2026,2212,New Westminster - Central,Aug,0
2026,2212,New Westminster - Central,Sep,0
2026,2212,New Westminster - Central,Oct,0
2026,2212,New Westminster - Central,Nov,0
2026,2212,New Westminster - Central,Dec,0
2026,2213,New Westminster - Downtown,Jan,4
2026,2213,New Westminster - Downtown,Feb,3
2026,2213,New Westminster - Downtown,Mar,8
2026,2213,New Westminster - Downtown,Apr,5
2026,2213,New Westminster - Downtown,May,2
2026,2213,New Westminster - Downtown,Jun,1
2026,2213,New Westminster - Downtown,Jul,2
2026,2213,New Westminster - Downtown,Aug,0
2026,2213,New Westminster - Downtown,Sep,0
2026,2213,New Westminster - Downtown,Oct,0
2026,2213,New Westminster - Downtown,Nov,0
2026,2213,New Westminster - Downtown,Dec,0
2026,2214,New Westminster - West/Queensborou,Jan,11
2026,2214,New Westminster - West/Queensborou,Feb,3
2026,2214,New Westminster - West/Queensborou,Mar,4
2026,2214,New Westminster - West/Queensborou,Apr,5
2026,2214,New Westminster - West/Queensborou,May,9
2026,2214,New Westminster - West/Queensborou,Jun,5
2026,2214,New Westminster - West/Queensborou,Jul,5
2026,2214,New Westminster - West/Queensborou,Aug,0
2026,2214,New Westminster - West/Queensborou,Sep,0
2026,2214,New Westminster - West/Queensborou,Oct,0
2026,2214,New Westminster - West/Queensborou,Nov,0
2026,2214,New Westminster - West/Queensborou,Dec,0
2026,2221,Burnaby Heights/Capital Hill,Jan,17
2026,2221,Burnaby Heights/Capital Hill,Feb,22
2026,2221,Burnaby Heights/Capital Hill,Mar,16
2026,2221,Burnaby Heights/Capital Hill,Apr,13
2026,2221,Burnaby Heights/Capital Hill,May,16
2026,2221,Burnaby Heights/Capital Hill,Jun,11
2026,2221,Burnaby Heights/Capital Hill,Jul,12
2026,2221,Burnaby Heights/Capital Hill,Aug,0
2026,2221,Burnaby Heights/Capital Hill,Sep,0
2026,2221,Burnaby Heights/Capital Hill,Oct,0
2026,2221,Burnaby Heights/Capital Hill,Nov,0
2026,2221,Burnaby Heights/Capital Hill,Dec,0
2026,2222,Brentwood/Willingdon/Parkcrest,Jan,16
2026,2222,Brentwood/Willingdon/Parkcrest,Feb,11
2026,2222,Brentwood/Willingdon/Parkcrest,Mar,7
2026,2222,Brentwood/Willingdon/Parkcrest,Apr,11
2026,2222,Brentwood/Willingdon/Parkcrest,May,10
2026,2222,Brentwood/Willingdon/Parkcrest,Jun,12
2026,2222,Brentwood/Willingdon/Parkcrest,Jul,10
2026,2222,Brentwood/Willingdon/Parkcrest,Aug,0
2026,2222,Brentwood/Willingdon/Parkcrest,Sep,0
2026,2222,Brentwood/Willingdon/Parkcrest,Oct,0
2026,2222,Brentwood/Willingdon/Parkcrest,Nov,0
2026,2222,Brentwood/Willingdon/Parkcrest,Dec,0
2026,2223,Westridge/Sperling/Gov't Road,Jan,12
2026,2223,Westridge/Sperling/Gov't Road,Feb,12
2026,2223,Westridge/Sperling/Gov't Road,Mar,10
2026,2223,Westridge/Sperling/Gov't Road,Apr,6
2026,2223,Westridge/Sperling/Gov't Road,May,8
2026,2223,Westridge/Sperling/Gov't Road,Jun,13
2026,2223,Westridge/Sperling/Gov't Road,Jul,7
2026,2223,Westridge/Sperling/Gov't Road,Aug,0
2026,2223,Westridge/Sperling/Gov't Road,Sep,0
2026,2223,Westridge/Sperling/Gov't Road,Oct,0
2026,2223,Westridge/Sperling/Gov't Road,Nov,0
2026,2223,Westridge/Sperling/Gov't Road,Dec,0
2026,2224,Burnaby Mountain/Lougheed,Jan,10
2026,2224,Burnaby Mountain/Lougheed,Feb,9
2026,2224,Burnaby Mountain/Lougheed,Mar,10
2026,2224,Burnaby Mountain/Lougheed,Apr,9
2026,2224,Burnaby Mountain/Lougheed,May,8
2026,2224,Burnaby Mountain/Lougheed,Jun,7
2026,2224,Burnaby Mountain/Lougheed,Jul,11
2026,2224,Burnaby Mountain/Lougheed,Aug,0
2026,2224,Burnaby Mountain/Lougheed,Sep,0
2026,2224,Burnaby Mountain/Lougheed,Oct,0
2026,2224,Burnaby Mountain/Lougheed,Nov,0
2026,2224,Burnaby Mountain/Lougheed,Dec,0
